Iteration	Posterior	Likelihood	Prior	rate_log_sd	rate_loss	rate_neo	root_freqs[1]	root_freqs[2]	tree_length
0	-56.67378	-120.6897	64.01594	1.387224	0.3993277	0.4933846	0.536521	0.463479	0.3338728
6	-54.27109	-118.6184	64.34727	1.387224	0.3993277	0.3207741	0.651355	0.348645	0.3338728
12	-55.99544	-121.8723	65.87686	0.09794076	0.3405254	0.1388574	0.63039	0.36961	1.145943
18	-58.56605	-124.6317	66.06563	0.07708596	0.3405254	0.182124	0.435131	0.564869	0.8234837
24	-56.12271	-123.0574	66.93473	0.4198777	0.0625294	0.1031623	0.206984	0.793016	0.7602765
30	-61.93502	-127.8339	65.89886	0.534305	0.09896017	0.1717686	0.388946	0.611054	1.265872
36	-61.35122	-126.7805	65.42928	1.469347	0.2826397	0.06106941	0.247671	0.752329	0.4680804
42	-68.55246	-133.4424	64.88994	1.442062	0.2826397	0.1772123	0.38398	0.61602	0.3035588
48	-68.66373	-130.9913	62.3276	1.77899	0.4793203	1.024144	0.603079	0.396921	0.1395458
54	-61.82709	-123.6569	61.82981	1.217108	1.113963	2.048781	0.683779	0.316221	0.3255503
60	-68.95691	-130.6464	61.68952	0.3807498	2.22369	2.55092	0.862035	0.137965	0.6142051
66	-71.15571	-131.9371	60.78144	0.04201058	2.22369	4.600945	0.862035	0.137965	1.177222
72	-63.69918	-128.6436	64.94444	1.66755	0.169895	0.2042455	0.509771	0.490229	0.3474263
78	-61.00015	-124.9183	63.91818	1.025346	0.169895	1.4022	0.547979	0.452021	0.3068013
84	-55.79623	-117.5446	61.74838	0.4833931	0.5272035	6.075184	0.767645	0.232355	0.8435559
90	-52.37847	-115.0852	62.70669	0.01676539	1.353863	2.038267	0.684254	0.315746	0.8914471
96	-58.23553	-120.862	62.6265	0.01043994	1.6588	1.693973	0.804434	0.195566	0.9739812
102	-60.55119	-123.5991	63.04788	0.0720287	0.7898452	1.693973	0.732856	0.267144	1.234585
108	-54.16185	-117.9948	63.83295	0.9450033	0.6834226	0.6541341	0.635526	0.364474	0.4538591
114	-56.44378	-120.0128	63.56905	0.7032071	1.02597	0.6541341	0.847145	0.152855	0.7891912
120	-62.60957	-124.81	62.20048	0.02207582	1.02597	4.063565	0.74555	0.25445	0.7891912
126	-58.81506	-122.1987	63.38368	0.3639961	0.971006	1.238224	0.781851	0.218149	0.7279703
132	-63.51004	-126.7446	63.23457	0.6275224	0.5699075	0.8131822	0.781851	0.218149	1.484035
138	-57.59596	-123.2599	65.66394	0.430127	0.1750712	0.3398897	0.580543	0.419457	0.9092969
144	-60.4085	-126.3208	65.9123	0.3769423	0.1750712	0.3398897	0.40295	0.59705	0.6212009
150	-61.77045	-128.121	66.35053	0.4566856	0.1001087	0.2216451	0.233271	0.766729	0.3323487
156	-62.24752	-128.1049	65.85738	0.4916138	0.1328116	0.3705842	0.343683	0.656317	0.3607632
162	-56.00449	-122.0881	66.08362	0.1405583	0.2114182	0.3195077	0.402556	0.597444	0.3979404
168	-58.74858	-123.3983	64.64973	0.07190559	0.5596203	0.6696639	0.404327	0.595673	0.9038631
174	-57.71108	-123.3029	65.59182	0.1904013	0.1515746	0.6696639	0.300808	0.699192	0.6909375
180	-61.01998	-125.1879	64.16795	1.017081	0.5320645	0.5289889	0.608187	0.391813	0.5129296
186	-56.617	-121.4862	64.86916	0.2629212	0.4465075	0.5289889	0.685235	0.314765	0.8827804
192	-56.73562	-122.8564	66.12082	0.618223	0.2454069	0.08355176	0.303294	0.696706	0.8249702
198	-52.13286	-117.0979	64.96502	1.545255	0.2454069	0.1735122	0.58602	0.41398	0.6418091
204	-56.37079	-120.3926	64.02182	1.417757	0.6991182	0.2510234	0.57872	0.42128	0.7004411
210	-59.41964	-122.9518	63.5322	1.417757	0.6991182	0.5131328	0.887448	0.112552	0.403196
216	-61.10018	-124.7806	63.68042	1.375862	0.6991182	0.442979	0.679819	0.320181	0.3790583
222	-68.30246	-132.5276	64.22514	1.780135	0.6991182	0.09786983	0.339794	0.660206	0.4587258
228	-58.28318	-122.0674	63.78422	1.780135	0.6991182	0.211118	0.669328	0.330672	0.3599362
234	-67.33534	-129.6885	62.3532	1.638369	2.691798	0.254311	0.882585	0.117415	0.3599362
240	-62.57211	-125.8213	63.24922	1.116497	1.975267	0.254311	0.861973	0.138027	0.3599362
246	-61.2021	-124.6329	63.43078	0.556622	0.6098829	1.345103	0.386621	0.613379	0.8711564
252	-73.88292	-135.7609	61.87794	1.942572	1.83262	0.5138947	0.86737	0.13263	0.2699612
258	-68.32955	-131.405	63.0754	1.462468	1.093614	0.5138947	0.856762	0.143238	0.4975872
264	-57.78377	-122.6374	64.85358	0.9508465	0.3536486	0.3644215	0.394561	0.605439	0.5060435
270	-56.17413	-121.0842	64.91008	0.8448505	0.3536486	0.3644215	0.702879	0.297121	0.3586365
276	-60.74124	-125.2546	64.51339	0.7305444	0.3795884	0.6626805	0.585323	0.414677	0.5941482
282	-60.80871	-124.6348	63.82606	0.6628396	0.8763825	0.6626805	0.562861	0.437139	0.673674
288	-63.00217	-126.6393	63.6371	0.3628425	0.8763825	1.151489	0.511898	0.488102	0.5479784
294	-60.55292	-125.0123	64.45939	1.274968	0.6638537	0.1848113	0.585734	0.414266	0.5487368
300	-63.94533	-125.8766	61.93127	1.630638	1.443794	0.8427328	0.774944	0.225056	0.2287687
306	-61.91352	-123.8866	61.9731	1.439381	1.770483	0.8427328	0.807158	0.192842	0.2672277
312	-63.56449	-126.7471	63.1826	1.07049	1.770483	0.2170886	0.853159	0.146841	0.1780313
318	-57.38575	-122.2133	64.82757	0.8093404	0.4224101	0.3800695	0.595665	0.404335	0.484553
324	-56.19197	-121.5975	65.40553	0.1462009	0.4224101	0.3559624	0.407653	0.592347	0.8063761
330	-54.31941	-119.8061	65.48666	0.4910469	0.2099225	0.179163	0.330175	0.669825	1.301748
336	-60.12231	-126.485	66.36266	0.1315361	0.2099225	0.179163	0.306068	0.693932	0.800214
342	-56.94893	-122.3804	65.43149	0.2785688	0.2349228	0.541359	0.437746	0.562254	0.6952003
348	-57.73941	-122.6317	64.8923	0.46222	0.5445219	0.3386832	0.346063	0.653937	0.8401666
354	-55.22172	-121.3241	66.10242	0.2966893	0.410719	0.09100363	0.551886	0.448114	0.7408934
360	-52.96691	-117.8068	64.83989	1.71703	0.3773356	0.04865411	0.551886	0.448114	0.8834705
366	-50.25151	-116.7358	66.48434	0.8991519	0.1193525	0.02319776	0.34301	0.65699	0.872712
372	-51.93246	-118.1714	66.23894	0.3040242	0.1104204	0.1109648	0.234594	0.765406	1.317387
378	-49.31569	-115.7788	66.46307	0.02277743	0.1104204	0.1122109	0.234594	0.765406	1.358956
384	-48.19181	-114.187	65.99516	0.5665224	0.1783878	0.1906298	0.414772	0.585228	0.7902457
390	-53.76423	-118.1686	64.40441	0.6537118	1.18245	0.1906298	0.918339	0.0816614	0.7622772
396	-58.31872	-121.783	63.46428	0.6723836	1.18245	0.6801102	0.837227	0.162773	0.3283817
402	-55.34066	-120.1553	64.81462	0.6007894	0.2864639	0.6801102	0.486013	0.513987	0.6185716
408	-52.15372	-116.3854	64.23167	0.6905086	0.5603579	0.6801102	0.770143	0.229857	0.5041216
414	-54.26466	-119.2816	65.01696	0.08777151	0.6816709	0.4446509	0.86365	0.13635	0.4450537
420	-57.79007	-123.7408	65.95073	0.1412699	0.1783493	0.2940707	0.82367	0.17633	1.008319
426	-60.86483	-124.4588	63.59395	0.7617512	0.4908149	1.335126	0.678632	0.321368	0.5787719
432	-58.55622	-120.3256	61.76941	0.1867484	2.585791	1.608742	0.893529	0.106471	1.174767
438	-50.12331	-112.2903	62.16697	0.2583474	2.585791	1.608742	0.893529	0.106471	0.6232442
444	-53.96836	-117.5753	63.60695	0.1952285	2.585791	0.3687878	0.947565	0.0524349	0.6232442
450	-57.81321	-120.5763	62.76305	0.1143641	2.585791	0.2831961	0.892612	0.107388	1.674567
456	-54.61346	-117.7023	63.08882	0.9736506	2.381673	0.2831961	0.968236	0.031764	0.6870211
462	-53.50019	-117.957	64.4568	0.9204658	0.6443561	0.1423976	0.669491	0.330509	1.204996
468	-53.77735	-119.138	65.36068	0.4607476	0.407659	0.2972229	0.641061	0.358939	0.6138377
474	-52.56908	-115.8336	63.26453	0.4446244	1.015198	1.279083	0.650908	0.349092	0.6551684
480	-61.88291	-126.2059	64.32301	0.2900577	0.3805377	1.279083	0.633027	0.366973	0.4810019
486	-60.38822	-124.5277	64.13944	0.1281426	0.5607987	1.279083	0.809804	0.190196	0.6404066
492	-56.93612	-119.5825	62.64639	0.08282753	0.8666497	2.794467	0.628601	0.371399	0.962147
498	-57.41877	-121.542	64.12318	1.190563	0.5093805	0.4491931	0.779544	0.220456	0.3684328
504	-52.57827	-117.2907	64.71246	0.6313342	0.5093805	0.4012059	0.595776	0.404224	0.7594938
510	-45.51587	-110.3662	64.85033	0.2700485	0.4015262	0.6864481	0.595776	0.404224	0.7018544
516	-51.17215	-115.7532	64.58104	0.3624181	0.4015262	0.830335	0.541632	0.458368	0.7018544
522	-64.42191	-129.1397	64.71774	0.4603756	0.2849876	0.7909556	0.321379	0.678621	0.7944996
528	-67.25254	-132.4215	65.16896	0.7570309	0.2849876	0.3687051	0.352739	0.647261	0.6168967
534	-51.43708	-115.1459	63.70884	1.362008	0.5867854	0.5029061	0.708529	0.291471	0.3324107
540	-54.36144	-118.4117	64.05025	1.644849	0.5867854	0.2174067	0.670841	0.329159	0.3514738
546	-59.19032	-122.4422	63.2519	1.758438	1.733632	0.0782727	0.907766	0.0922337	0.2701485
552	-52.30698	-117.1814	64.87439	1.456861	0.5346798	0.0782727	0.671962	0.328038	0.5093466
558	-63.69699	-125.7265	62.02946	1.263629	0.3891952	3.134276	0.638984	0.361016	0.2236707
564	-60.26508	-124.8228	64.5577	0.8808298	0.6611884	0.1455615	0.832047	0.167953	1.121103
570	-58.6955	-123.3511	64.6556	0.8852584	0.2517138	0.1455615	0.36554	0.63446	1.632463
576	-54.56836	-120.0489	65.48057	0.4993234	0.2517138	0.1834336	0.470742	0.529258	1.192788
582	-58.24838	-122.6953	64.44692	0.5955546	0.974916	0.209169	0.628364	0.371636	0.9514246
588	-54.99871	-119.5289	64.53014	0.5077727	0.974916	0.1902567	0.73045	0.26955	1.013689
594	-58.90341	-122.6965	63.79313	1.055159	1.395205	0.2377986	0.728184	0.271816	0.4750051
600	-59.22605	-123.4002	64.17417	1.379917	0.8960625	0.155222	0.728184	0.271816	0.4750051
606	-60.22565	-123.9109	63.68521	1.676127	0.4310903	0.37915	0.432404	0.567596	0.2196435
612	-63.3723	-128.359	64.98671	1.736964	0.3647509	0.05913899	0.794522	0.205478	0.5461888
618	-55.74626	-121.3463	65.60009	1.031563	0.3647509	0.05166232	0.663456	0.336544	0.804469
624	-54.33818	-119.7902	65.45205	0.7840811	0.3647509	0.08918952	0.452104	0.547896	1.042334
630	-63.1231	-126.0489	62.92577	0.8730901	0.8574833	1.389825	0.670164	0.329836	0.6259787
636	-64.23371	-128.4183	64.18454	0.1034891	0.4176969	1.389825	0.670164	0.329836	0.8446857
642	-64.8199	-129.7148	64.89485	0.7230145	0.1681736	0.7973314	0.615736	0.384264	0.4484081
648	-64.08687	-128.9017	64.81484	1.155813	0.123337	0.5329085	0.320437	0.679563	0.2607175
654	-60.1754	-123.8309	63.65549	0.4131685	0.5367991	1.627648	0.765571	0.234429	0.5583772
660	-55.79896	-119.5353	63.73635	0.2869276	1.214826	0.6673659	0.775874	0.224126	0.8620576
666	-59.23081	-123.3478	64.11695	0.3113654	0.9730172	0.6673659	0.887583	0.112417	0.52218
672	-64.65388	-127.8034	63.14952	0.5949836	1.466189	0.6660382	0.923279	0.076721	0.950184
678	-60.55655	-123.3027	62.74613	0.7004125	1.466189	1.180051	0.785607	0.214393	0.5282611
684	-55.34437	-120.3978	65.05346	0.5060497	0.3325914	0.5067194	0.642988	0.357012	0.6324782
690	-55.81602	-120.1449	64.32886	1.121339	0.3325914	0.5809851	0.747117	0.252883	0.6160292
696	-60.25683	-123.2205	62.9637	0.9095288	0.4679116	2.076571	0.556116	0.443884	0.6435821
702	-56.52306	-121.0264	64.50336	0.7543898	0.4679116	0.4446874	0.617995	0.382005	0.8579374
708	-61.45984	-126.0228	64.56292	0.3844071	0.4679116	0.4446874	0.885472	0.114528	1.166968
714	-50.99518	-116.5441	65.54889	0.1373194	0.3111873	0.4493514	0.561602	0.438398	0.6728918
720	-49.03759	-114.4658	65.42821	0.03676476	0.3111873	0.4493514	0.482437	0.517563	0.9624664
726	-47.88709	-113.961	66.0739	0.1344009	0.3111873	0.1783686	0.64966	0.35034	0.8374935
732	-52.13295	-116.3617	64.22875	0.005729486	0.6616126	0.8515077	0.623842	0.376158	1.025647
738	-49.24535	-115.5501	66.30478	0.0146584	0.2747792	0.2164879	0.506082	0.493918	0.6048344
744	-51.72876	-116.8842	65.15545	0.5907786	0.184358	0.640499	0.449712	0.550288	0.3944827
750	-55.54784	-119.778	64.23012	0.6894295	0.1781509	1.513769	0.536789	0.463211	0.4170227
756	-56.6688	-122.3617	65.69289	1.28606	0.1678359	0.09973603	0.404457	0.595543	0.7054054
762	-55.83041	-120.8579	65.0275	1.255827	0.1678359	0.3121947	0.404457	0.595543	0.2961574
768	-52.32864	-117.3117	64.98302	0.8931676	0.1678359	0.5855724	0.559011	0.440989	0.6273729
774	-57.5816	-121.3749	63.79328	1.263147	0.5552919	0.5855724	0.885287	0.114713	0.556672
780	-63.06381	-127.693	64.62922	1.299441	0.2678143	0.3870849	0.33601	0.66399	0.393765
786	-64.53044	-128.3755	63.84502	1.034105	0.2678143	1.065594	0.48076	0.51924	0.2592195
792	-58.66592	-124.5673	65.90141	0.6503434	0.1036843	0.3382404	0.215208	0.784792	0.3913088
798	-61.07521	-126.2705	65.19527	0.1648897	0.2962511	0.4011519	0.163973	0.836027	1.177576
804	-57.16132	-122.2224	65.06111	0.7424069	0.2962511	0.3838543	0.469656	0.530344	0.3176442
810	-51.54901	-116.6547	65.10571	0.4737887	0.2962511	0.4633449	0.64532	0.35468	0.8451513
816	-52.65168	-117.6338	64.98217	0.9321651	0.297413	0.3535607	0.481289	0.518711	0.6488463
822	-51.92959	-117.9917	66.06212	0.1970878	0.1376591	0.402199	0.502811	0.497189	0.6890437
828	-50.9049	-115.7929	64.888	0.06896944	0.6817474	0.402199	0.494713	0.505287	0.9229417
834	-58.06216	-122.4352	64.37303	0.157838	0.6817474	0.5918252	0.620026	0.379974	1.034631
840	-54.06887	-119.5201	65.45127	0.9470899	0.2920363	0.1268428	0.7132	0.2868	0.8781025
846	-59.25875	-124.1369	64.87813	0.3887689	0.3782016	0.3095001	0.588015	0.411985	1.268615
852	-58.90856	-124.5654	65.65683	0.9137841	0.3782016	0.07531733	0.462767	0.537233	0.3560154
858	-62.29473	-127.5264	65.23166	0.6062725	0.3782016	0.1731161	0.696722	0.303278	1.092676
864	-63.76875	-125.9947	62.22596	0.7295457	1.590288	1.507877	0.861689	0.138311	0.8130703
870	-64.04718	-127.343	63.29584	0.247773	1.010972	1.550971	0.846047	0.153953	0.5165621
876	-56.07813	-119.5377	63.4596	0.8915314	1.010972	0.6939473	0.823469	0.176531	0.5498007
882	-55.92763	-118.6297	62.70207	1.641011	0.6198805	0.6939473	0.549799	0.450201	0.1567927
888	-53.50021	-117.1064	63.60616	1.303576	0.6198805	0.4498509	0.523578	0.476422	0.2138587
894	-56.05484	-119.9333	63.87841	0.6311159	0.8737401	0.6766047	0.752459	0.247541	0.5842933
900	-55.75026	-119.0895	63.33928	0.266233	0.8737401	1.669128	0.799542	0.200458	0.4924914
906	-60.30711	-123.1722	62.86507	0.2642741	0.6825038	3.00397	0.799542	0.200458	0.4751947
912	-58.46121	-121.6561	63.19491	0.6071946	0.6090671	1.858344	0.705494	0.294506	0.5861803
918	-71.55765	-135.0625	63.50482	0.6071946	1.067102	0.8193841	0.870609	0.129391	0.3794474
924	-75.5668	-137.5538	61.98702	0.2463592	3.828536	1.211407	0.884534	0.115466	0.6082326
930	-66.63436	-128.329	61.69462	0.9490697	2.831695	1.211407	0.799292	0.200708	0.4717518
936	-70.60843	-135.7068	65.09837	0.9490697	0.3041311	0.2959637	0.799292	0.200708	0.5949173
942	-62.95569	-127.0406	64.08493	0.9867311	0.3041311	0.9182757	0.833849	0.166151	0.366071
948	-59.0779	-122.7477	63.6698	1.210496	0.9325643	0.2436799	0.740117	0.259883	1.061023
954	-60.958	-124.5895	63.63152	0.4739499	0.9325643	0.9265819	0.730773	0.269227	0.6888858
960	-61.45523	-125.2762	63.82098	0.793554	0.9325643	0.3983714	0.635317	0.364683	0.9801442
966	-67.57078	-132.1938	64.62302	0.02992874	0.3074484	1.026082	0.671426	0.328574	1.037287
972	-58.51166	-123.185	64.67332	0.549313	0.6863966	0.3733732	0.621933	0.378067	0.6005246
978	-62.34134	-127.9119	65.57053	0.3465031	0.1711801	0.4920897	0.539462	0.460538	0.7903974
984	-67.79167	-133.8465	66.05479	1.183295	0.08262129	0.1186575	0.734317	0.265683	0.6934845
990	-61.93344	-127.6384	65.70498	1.183295	0.1527333	0.1542209	0.389463	0.610537	0.5025639
996	-64.12729	-129.9855	65.85818	0.9936651	0.1527333	0.1542209	0.411952	0.588048	0.3768681
1002	-57.27061	-120.331	63.06042	1.603193	1.191454	0.2673485	0.899598	0.100402	0.2138335
1008	-52.33439	-115.4743	63.13996	0.5457693	1.698039	0.7350767	0.855388	0.144612	0.7003513
1014	-53.04357	-117.8022	64.75861	0.7624391	0.3677367	0.5028864	0.634052	0.365948	0.4827383
1020	-50.32368	-115.0543	64.73058	1.045357	0.5780459	0.1038758	0.768067	0.231933	1.067168
1026	-53.40968	-118.5008	65.09109	0.02441715	0.701741	0.1038758	0.810525	0.189475	1.472257
1032	-56.62052	-122.1345	65.51395	0.08033245	0.240077	0.2057925	0.656793	0.343207	1.472257
1038	-55.16364	-119.921	64.75732	0.7367357	0.719105	0.1002758	0.675648	0.324352	1.160333
1044	-47.42036	-112.0685	64.6481	0.7342571	0.6632392	0.2359768	0.733128	0.266872	0.8959163
1050	-53.74747	-117.7389	63.99145	0.9534856	0.6632392	0.5260132	0.669956	0.330044	0.6818149
1056	-48.74997	-112.8211	64.07112	1.626045	0.6632392	0.1643355	0.769351	0.230649	0.3016585
1062	-52.60372	-116.4486	63.84491	1.60189	0.9683098	0.1643355	0.753338	0.246662	0.4729212
1068	-59.73274	-123.6681	63.93533	1.703426	0.7239077	0.1643355	0.816561	0.183439	0.3188972
1074	-56.91418	-122.5573	65.64311	0.9269528	0.2318371	0.1768126	0.413	0.587	0.4972739
1080	-60.27192	-124.9503	64.67838	0.3813477	0.8570457	0.3468078	0.803354	0.196646	0.6288093
1086	-57.60888	-121.7375	64.12858	0.2196971	0.8570457	0.3468078	0.718539	0.281461	1.376138
1092	-55.43072	-119.5166	64.08585	0.3581188	0.862273	0.3468078	0.81701	0.18299	1.294972
1098	-54.49594	-118.6335	64.13757	0.2633174	0.7858362	0.8576667	0.547801	0.452199	0.5278237
1104	-50.3784	-117.2871	66.90866	0.3996188	0.09414388	0.09967455	0.47379	0.52621	0.5948304
1110	-51.08863	-115.5932	64.50455	1.399434	0.5023841	0.09967455	0.47379	0.52621	1.074916
1116	-55.96925	-120.895	64.92572	1.399434	0.4601566	0.09967455	0.609214	0.390786	0.6441947
1122	-54.38842	-120.3829	65.99452	0.5047678	0.2864133	0.1018826	0.423368	0.576632	0.8924624
1128	-56.10006	-121.4071	65.30704	0.603666	0.2300507	0.1654044	0.423368	0.576632	1.345848
1134	-54.70399	-120.224	65.51996	0.4488211	0.2272417	0.1382318	0.517564	0.482436	1.380888
1140	-53.61344	-118.6282	65.0148	0.8632213	0.2272417	0.2926994	0.313609	0.686391	1.077526
1146	-56.71594	-121.9859	65.26997	0.7749125	0.2283454	0.2926994	0.332341	0.667659	0.9057219
1152	-52.31612	-118.0701	65.75397	1.347653	0.1345539	0.1093316	0.189395	0.810605	0.6076284
1158	-53.7369	-118.5207	64.78384	1.131624	0.7256593	0.1093316	0.609215	0.390785	0.5792811
1164	-55.16378	-118.3612	63.19743	1.134187	1.395896	0.4740382	0.854846	0.145154	0.5942058
1170	-58.43391	-120.821	62.38711	2.178498	0.6718945	0.2751179	0.747822	0.252178	0.08806336
1176	-60.5341	-124.6873	64.15322	1.580138	0.7333658	0.1209381	0.803146	0.196854	0.8098051
1182	-53.4153	-118.1202	64.70487	0.4749116	0.5582162	0.5067899	0.550307	0.449693	0.5189043
1188	-55.94687	-120.1266	64.17974	0.5823502	1.069796	0.3995423	0.658212	0.341788	0.4919998
1194	-55.22768	-120.167	64.93934	0.7997057	0.3253896	0.3995423	0.617347	0.382653	0.3503452
1200	-51.45784	-117.4659	66.00803	0.1538943	0.2403365	0.3204667	0.440444	0.559556	0.5451542
1206	-54.14869	-118.9916	64.84295	0.8632218	0.3123619	0.3204667	0.502721	0.497279	0.9751522
1212	-61.78122	-126.8524	65.07122	0.8632218	0.2734698	0.3204667	0.249668	0.750332	0.8210514
1218	-62.52589	-125.3901	62.86424	0.4496253	1.336254	1.310923	0.78826	0.21174	0.7918093
1224	-63.52036	-127.093	63.57267	0.2862043	1.183651	0.5460619	0.555727	0.444273	1.21853
1230	-63.21137	-126.8421	63.63074	0.2060466	1.208947	0.5460619	0.780712	0.219288	1.21853
1236	-71.25229	-135.4343	64.18198	0.6466076	0.4292737	0.2416545	0.68979	0.31021	1.655557
1242	-65.56881	-131.4143	65.8455	0.3307287	0.1355075	0.4808407	0.57316	0.42684	0.5585696
1248	-65.42899	-130.8699	65.44096	0.3593528	0.2591901	0.4808407	0.229793	0.770207	0.5529339
1254	-59.5462	-124.9265	65.38028	0.1553552	0.2591901	0.6457582	0.220873	0.779127	0.6013814
1260	-52.3182	-117.1339	64.81575	0.1799395	0.5323733	0.6457582	0.444826	0.555174	0.4145789
1266	-55.62643	-120.1448	64.51837	0.3690062	0.5323733	0.7393889	0.567408	0.432592	0.4695565
1272	-60.75712	-125.5618	64.80468	0.2001496	0.4569498	0.7393889	0.748072	0.251928	0.5750596
1278	-61.02209	-125.1918	64.1697	0.4417777	0.4569498	1.106855	0.525475	0.474525	0.5750596
1284	-62.93412	-128.0101	65.076	0.2849185	0.4569498	0.4088917	0.525475	0.474525	0.8359819
1290	-56.61479	-121.7945	65.17971	0.5565872	0.3443388	0.4088917	0.525475	0.474525	0.5078206
1296	-55.02023	-120.2456	65.22539	0.6389605	0.1823538	0.5798528	0.455591	0.544409	0.4746724
1302	-54.39255	-119.9862	65.5936	0.7537504	0.1823538	0.2234937	0.376497	0.623503	0.9177783
1308	-60.00247	-123.8551	63.85267	0.1615419	0.3580108	2.259152	0.748828	0.251172	0.5238819
1314	-56.5587	-120.738	64.17934	0.1680186	1.367194	0.4510646	0.788382	0.211618	0.6983806
1320	-52.24165	-116.4837	64.24203	0.5909232	1.131623	0.2707165	0.788382	0.211618	0.8294818
1326	-54.47164	-118.7028	64.23116	0.8397747	0.7936399	0.3620601	0.674605	0.325395	0.3479165
1332	-57.2679	-119.3816	62.11366	1.790658	0.7936399	1.117648	0.48514	0.51486	0.234834
1338	-50.49435	-116.638	66.14367	0.3906921	0.1741667	0.1711213	0.605207	0.394793	0.234834
1344	-46.24979	-111.0083	64.75855	0.4198379	0.431281	0.6195629	0.573464	0.426536	0.6599101
1350	-49.83549	-114.3107	64.47523	0.2103752	0.431281	0.8807467	0.677566	0.322434	0.8974902
1356	-56.59788	-120.3249	63.72697	0.4148229	0.7546327	0.6650337	0.84387	0.15613	1.20893
1362	-57.55401	-123.1142	65.56018	0.1305343	0.7546327	0.1285836	0.775543	0.224457	0.7922072
1368	-49.30164	-113.7739	64.47223	1.760234	0.3706394	0.1285836	0.585455	0.414545	0.2566388
1374	-52.59521	-115.3965	62.80125	1.760234	0.6378318	0.7402856	0.659061	0.340939	0.2619433
1380	-53.70696	-117.8631	64.15618	0.4445699	0.6378318	0.7402856	0.833824	0.166176	0.2856724
1386	-57.36716	-120.6003	63.23317	0.1054312	1.133226	0.4883293	0.748009	0.251991	1.720305
1392	-56.37054	-119.3705	62.99994	0.8147428	1.133226	0.8612121	0.57503	0.42497	0.9119862
1398	-57.05638	-119.7743	62.71791	0.09898848	0.8245835	2.883766	0.79905	0.20095	0.8746201
1404	-60.48759	-123.1153	62.6277	0.7043222	0.4682956	2.883766	0.63695	0.36305	0.8548945
1410	-67.47685	-130.5866	63.10975	0.1588962	2.569527	0.723494	0.878922	0.121078	0.5511883
1416	-64.0158	-125.2911	61.27528	0.574576	0.8896762	6.368822	0.701781	0.298219	0.4593842
1422	-60.40461	-121.7379	61.33334	0.4746449	0.4936383	7.644057	0.840936	0.159064	0.9958134
1428	-52.34102	-115.2588	62.91773	0.08718747	1.071393	2.027892	0.840936	0.159064	0.8556961
1434	-63.41481	-126.1849	62.77007	0.4074506	0.4304314	2.569732	0.551878	0.448122	1.212791
1440	-66.00214	-128.027	62.0249	2.184519	0.3705748	0.6482331	0.662223	0.337777	0.07148039
1446	-69.47475	-130.8732	61.39843	2.371871	1.196487	0.4411155	0.66372	0.33628	0.1013102
1452	-69.22714	-129.6603	60.43313	2.371871	0.9202835	0.894169	0.757946	0.242054	0.04983617
1458	-61.33934	-123.1207	61.78132	2.336072	0.8162907	0.4149009	0.560063	0.439937	0.09147855
1464	-59.70449	-123.2086	63.50412	1.119989	0.8970867	0.5792262	0.852455	0.147545	0.4330928
1470	-62.68185	-125.7624	63.08052	1.42301	1.017176	0.5792262	0.795049	0.204951	0.4462612
1476	-64.16855	-127.3178	63.14925	0.1823706	0.7133008	2.180763	0.509512	0.490488	0.8314558
1482	-60.58211	-124.4651	63.883	0.474803	0.6674019	0.8990571	0.42985	0.57015	0.8249119
1488	-61.31105	-125.2021	63.89103	0.3007504	0.7991669	0.8990571	0.467093	0.532907	0.8249119
1494	-59.18873	-123.0071	63.81836	0.3266533	0.7991669	0.9154432	0.478649	0.521351	0.8607483
1500	-56.98033	-120.8451	63.86472	0.08406414	0.7991669	0.9154432	0.763429	0.236571	1.065607
1506	-59.35879	-123.5174	64.15862	0.1779515	0.3287667	0.6964075	0.414462	0.585538	1.561821
1512	-58.0538	-122.8073	64.75351	0.2017732	0.3082548	0.6964075	0.306449	0.693551	1.100348
1518	-59.90204	-124.5985	64.69642	0.6139529	0.3082548	0.6964075	0.406977	0.593023	0.6880189
1524	-72.24431	-135.2492	63.00486	0.7194022	0.5311518	1.001377	0.560994	0.439006	1.480193
1530	-65.8148	-128.3106	62.49584	0.4808476	0.9365278	0.7730388	0.517002	0.482998	1.82518
1536	-56.10677	-120.4344	64.32764	0.7273367	0.4481496	0.09291107	0.584976	0.415024	1.82518
1542	-53.81558	-118.6964	64.88078	1.525599	0.2891218	0.09291107	0.407586	0.592414	1.023333
1548	-53.75971	-118.8272	65.06749	1.662658	0.2891218	0.09291107	0.584837	0.415163	0.5600892
1554	-55.06421	-119.9511	64.88693	1.673899	0.2891218	0.09291107	0.305951	0.694049	0.25888
1560	-57.06127	-121.2531	64.1918	1.063352	1.040653	0.09488833	0.704659	0.295341	1.075066
1566	-61.89539	-125.0955	63.20007	1.616323	1.4658	0.1506045	0.827016	0.172984	0.9371735
1572	-58.57969	-122.1162	63.53651	1.582564	0.8072278	0.2090116	0.813348	0.186652	0.1843581
1578	-63.39284	-126.529	63.13621	1.290572	0.8072278	0.8139806	0.789877	0.210123	0.4902908
1584	-63.75756	-127.0411	63.28357	0.6762241	1.339703	0.5357727	0.662438	0.337562	1.02335
1590	-64.38733	-128.217	63.82965	0.4563697	0.5535281	0.7465977	0.391472	0.608528	1.231223
1596	-61.83472	-126.3387	64.50402	0.5950688	0.5535281	0.4172975	0.613956	0.386044	0.9361649
1602	-57.73063	-122.3843	64.65366	0.7182759	0.6106888	0.2887416	0.613956	0.386044	0.8362722
1608	-63.8765	-126.9523	63.07575	0.8801575	1.181401	0.8241942	0.541838	0.458162	0.7285084
1614	-57.99972	-119.5957	61.59601	1.848511	1.695679	0.51954	0.816468	0.183532	0.1291753
1620	-51.72016	-115.7645	64.04434	1.196981	0.5355583	0.4227865	0.450369	0.549631	0.2928398
1626	-52.27945	-117.1825	64.90305	0.8666056	0.4073205	0.328081	0.428646	0.571354	0.4519489
1632	-56.84035	-122.4204	65.58006	0.9719708	0.1659862	0.2344972	0.397133	0.602867	0.3631281
1638	-55.2883	-120.7732	65.48493	0.8975728	0.1659862	0.2344972	0.361289	0.638711	0.2392353
1644	-57.73391	-121.9571	64.22322	1.94423	0.1659862	0.2344972	0.388347	0.611653	0.1669807
1650	-57.88005	-120.2506	62.37058	1.576419	0.4155963	1.413595	0.670554	0.329446	0.1526859
1656	-57.26463	-120.5623	63.29765	1.513951	0.3965947	0.6075813	0.574141	0.425859	0.1526859
1662	-62.81588	-127.0044	64.18848	1.513951	0.4841228	0.2076326	0.911579	0.0884214	0.9288235
1668	-59.382	-125.0889	65.70689	0.899795	0.1515697	0.2386577	0.361887	0.638113	0.630858
1674	-60.63055	-126.8019	66.17137	1.094968	0.1235261	0.08371647	0.181454	0.818546	0.4407575
1680	-56.89496	-122.8186	65.92369	0.6023855	0.1235261	0.3227329	0.163619	0.836381	0.4407575
1686	-59.55255	-124.9742	65.42167	1.49012	0.1235261	0.1699485	0.281964	0.718036	0.3864601
1692	-51.6539	-117.4123	65.75844	0.9146188	0.200803	0.1575202	0.258783	0.741217	0.674148
1698	-54.0176	-119.9055	65.88787	1.062173	0.145912	0.1264184	0.584595	0.415405	0.3426959
1704	-51.30024	-115.9153	64.61507	0.4248011	0.5990687	0.545384	0.593065	0.406935	0.6011
1710	-55.97255	-119.72	63.74742	1.108839	0.5990687	0.6644445	0.652545	0.347455	0.6308878
1716	-57.20223	-122.3709	65.16869	0.949184	0.2189009	0.3565058	0.606605	0.393395	0.6308878
1722	-57.27787	-122.3373	65.05939	0.5274412	0.2296174	0.6036387	0.410579	0.589421	0.765196
1728	-53.90036	-117.921	64.02063	0.8840444	0.8519395	0.3895765	0.781897	0.218103	0.7610467
1734	-60.76922	-124.3891	63.61984	0.923912	0.8519395	0.5528927	0.781897	0.218103	0.8627868
1740	-72.95016	-137.3882	64.43802	0.3277817	0.7263753	0.395894	0.564741	0.435259	1.069284
1746	-57.68486	-121.876	64.19109	0.9525333	0.7263753	0.395894	0.857045	0.142955	0.4827002
1752	-59.78265	-122.5991	62.81648	1.038026	0.2995223	2.792662	0.488676	0.511324	0.629265
1758	-46.70961	-111.6337	64.92408	0.5481557	0.2705094	0.6186965	0.472247	0.527753	0.7445005
1764	-52.9569	-118.4589	65.50203	0.56531	0.2612106	0.2114636	0.487089	0.512911	1.012876
1770	-45.26988	-111.4489	66.17907	0.08486303	0.2612106	0.2114636	0.568655	0.431345	0.7908831
1776	-49.69189	-114.7933	65.1014	0.1835449	0.5177745	0.186055	0.555114	0.444886	1.31688
1782	-49.03393	-113.4154	64.38147	0.4305084	0.830664	0.4563501	0.82783	0.17217	0.7504788
1788	-48.27672	-112.7103	64.43363	0.5885305	0.6231257	0.4563501	0.722	0.278	0.8240541
1794	-47.59738	-113.1035	65.5061	0.5885305	0.2854368	0.2482224	0.551057	0.448943	0.8018411
1800	-52.76807	-117.0804	64.31234	0.2053649	0.8725118	0.5653531	0.722324	0.277676	0.8434872
1806	-52.84638	-115.9912	63.14479	0.4444333	1.152412	1.284269	0.897754	0.102246	0.6239148
1812	-63.98217	-128.9638	64.98165	0.1407001	0.3774844	0.6432794	0.92057	0.0794304	0.8484752
1818	-57.62806	-121.7133	64.08526	0.08755953	0.4985809	1.461288	0.879966	0.120034	0.7328346
1824	-49.16474	-113.459	64.29422	0.789127	0.6456449	0.4343749	0.772963	0.227037	0.7509997
1830	-48.58215	-112.6219	64.03971	0.5403617	0.6456449	0.6499626	0.767679	0.232321	0.9510919
1836	-60.258	-122.9541	62.69615	0.3359704	1.987682	1.120265	0.824787	0.175213	0.7929967
1842	-60.14803	-124.4045	64.25643	0.1104663	1.499913	0.4043876	0.852618	0.147382	0.6280868
1848	-62.15231	-126.4114	64.25905	0.1281057	0.6812012	0.9686258	0.7157	0.2843	0.6280868
1854	-60.85708	-123.7828	62.9257	0.7133433	1.446774	0.9686258	0.728968	0.271032	0.6186138
1860	-54.71875	-117.9765	63.25773	0.5253265	1.056126	0.8106858	0.792852	0.207148	1.074847
1866	-61.01486	-124.9119	63.89704	0.988251	1.056126	0.3450742	0.765246	0.234754	0.5113072
1872	-75.33364	-138.3741	63.04045	0.455544	0.4189509	2.707985	0.328474	0.671526	0.8593967
1878	-74.59892	-137.0097	62.41073	0.770358	0.4189509	3.480543	0.598475	0.401525	0.8516252
1884	-64.50586	-126.9278	62.4219	1.389091	3.484519	0.2147628	0.878559	0.121441	0.5586108
1890	-69.13679	-133.1889	64.05213	0.5802925	0.788089	0.6668361	0.564391	0.435609	0.5265104
1896	-63.70342	-127.9059	64.20245	0.7702471	0.6603215	0.1904014	0.707315	0.292685	1.386901
1902	-54.76208	-118.6837	63.92167	0.6456913	1.171002	0.1904014	0.661185	0.338815	1.267205
1908	-53.72292	-118.6641	64.94117	0.6920446	0.22438	0.5750448	0.419813	0.580187	0.2968253
1914	-54.39445	-118.9317	64.53722	1.235721	0.22438	0.4870135	0.374843	0.625157	0.2968253
1920	-64.27499	-126.6337	62.35867	2.123516	3.181105	0.06324725	0.909545	0.0904553	0.4082211
1926	-61.01774	-123.2947	62.27695	0.987197	5.203376	0.04387474	0.909545	0.0904553	1.319954
1932	-55.83277	-120.31	64.47721	0.6239033	0.4916196	0.04387474	0.910985	0.0890153	1.902414
1938	-60.58779	-124.0672	63.47939	0.9721045	0.7036463	0.04387474	0.891257	0.108743	2.127684
1944	-54.99276	-120.8472	65.8544	0.3267686	0.306787	0.1455451	0.504415	0.495585	1.000067
1950	-48.28188	-113.728	65.44608	0.621614	0.306787	0.1597738	0.623157	0.376843	1.06226
1956	-50.20508	-114.6726	64.46751	0.6810464	0.4352834	0.1597738	0.694052	0.305948	1.593789
1962	-47.81921	-113.9926	66.17338	0.3105054	0.2071375	0.1597738	0.395275	0.604725	0.9000403
1968	-53.02348	-117.8184	64.79497	1.582306	0.190141	0.1597738	0.452141	0.547859	1.06121
1974	-47.05138	-113.0735	66.02214	1.582306	0.104959	0.02898777	0.514168	0.485832	0.4461345
1980	-51.39044	-116.5072	65.11672	0.9534306	0.380201	0.02898777	0.557641	0.442359	1.401019
1986	-56.251	-120.5705	64.31947	1.803292	0.380201	0.04316628	0.681305	0.318695	1.307353
1992	-59.26861	-124.4549	65.18631	0.3994888	0.238822	0.16034	0.652324	0.347676	1.587412
1998	-51.38057	-117.2474	65.86682	0.4749392	0.238822	0.1742866	0.422016	0.577984	0.9059222
2004	-48.21148	-113.4536	65.24215	1.252225	0.238822	0.1948302	0.331678	0.668322	0.5171854
2010	-53.53021	-119.2697	65.7395	0.8170265	0.238822	0.1731881	0.38223	0.61777	0.4459919
2016	-55.75353	-119.6994	63.94587	1.116943	0.3231226	0.9178946	0.466287	0.533713	0.432049
2022	-53.63868	-117.9926	64.35393	0.5116851	0.4124692	0.9178946	0.755276	0.244724	0.6195968
2028	-47.95966	-112.5379	64.57823	1.423049	0.434546	0.203733	0.57987	0.42013	0.3746229
2034	-49.77612	-114.2077	64.43155	1.607431	0.3088215	0.2480694	0.582539	0.417461	0.2846811
2040	-52.39444	-116.3353	63.94084	1.994663	0.7750265	0.08144577	0.710377	0.289623	0.3569054
2046	-54.53177	-118.9665	64.43474	1.174543	0.7750265	0.08144577	0.816443	0.183557	1.068094
2052	-56.07175	-119.1121	63.04037	1.434963	2.655406	0.08144577	0.882011	0.117989	0.8490174
2058	-59.82521	-123.5915	63.76627	1.034249	1.653314	0.08144577	0.690225	0.309775	1.093813
2064	-60.7951	-123.2902	62.49511	0.1466588	1.653314	1.627395	0.813884	0.186116	1.018243
2070	-63.48151	-124.6363	61.15474	0.6783213	1.952796	2.849263	0.649941	0.350059	0.9682518
2076	-61.09588	-124.0511	62.95525	1.341205	0.8708356	0.8272366	0.788303	0.211697	0.367812
2082	-57.88435	-119.8807	61.99632	1.53398	1.003323	1.077136	0.590068	0.409932	0.1724456
2088	-53.09207	-116.2228	63.1307	1.318195	1.003323	0.4914213	0.70808	0.29192	0.2403622
2094	-57.61119	-120.0989	62.48773	1.786139	1.226331	0.4914213	0.75319	0.24681	0.2555451
2100	-54.37232	-116.7091	62.33677	1.866706	1.455571	0.3563992	0.790464	0.209536	0.1987033
2106	-59.53585	-121.3454	61.80954	1.188917	2.615251	0.74558	0.765101	0.234899	0.234783
2112	-57.51385	-119.8335	62.31961	1.964285	0.7327516	0.74558	0.566479	0.433521	0.2001566
2118	-61.06511	-123.0161	61.95097	1.834296	0.7057525	1.073571	0.71936	0.28064	0.1520586
2124	-54.91332	-118.004	63.09066	1.877834	0.7057525	0.4159091	0.57072	0.42928	0.2655345
2130	-57.51145	-120.6578	63.14633	2.018878	0.7810147	0.2358145	0.353992	0.646008	0.2141766
2136	-61.31624	-125.2245	63.9083	2.018878	0.3634391	0.2358145	0.5153	0.4847	0.2685004
2142	-61.38288	-121.72	60.33714	1.593344	0.4867262	4.667068	0.764321	0.235679	0.08882289
2148	-63.98798	-123.0446	59.05659	2.287681	0.4867262	4.667068	0.580469	0.419531	0.04530407
2154	-66.0977	-128.0302	61.93246	2.036366	0.4867262	1.018694	0.569228	0.430772	0.1170827
2160	-73.95834	-138.1639	64.20557	1.170681	0.625327	0.2411841	0.787401	0.212599	0.2231429
2166	-76.24997	-139.0962	62.84619	2.151784	0.625327	0.2411841	0.725654	0.274346	0.1258266
2172	-67.08215	-129.2294	62.14723	0.1378317	1.556006	1.585518	0.684997	0.315003	1.406659
2178	-71.95875	-134.4169	62.45814	0.1004167	1.782135	1.585518	0.498613	0.501387	1.044652
2184	-64.47908	-128.6401	64.16104	2.035486	0.7445877	0.03978508	0.672856	0.327144	0.3867316
2190	-64.74815	-127.4198	62.67164	2.62191	1.541023	0.06670807	0.715616	0.284384	0.3463931
2196	-67.52619	-130.8613	63.33509	0.7316252	1.384941	0.1503221	0.672995	0.327005	1.615725
2202	-62.64712	-126.2213	63.57416	0.4553292	1.384941	0.4264621	0.772669	0.227331	1.099577
2208	-62.39568	-125.1717	62.77604	0.7462981	0.6571861	2.209078	0.467885	0.532115	0.6133162
2214	-60.32789	-125.268	64.94009	1.099541	0.1253681	0.4967354	0.467885	0.532115	0.2710374
2220	-61.20378	-127.1638	65.96005	0.09387199	0.1356751	0.4967354	0.669173	0.330827	0.7600995
2226	-59.56112	-125.4983	65.93718	0.8772775	0.1356751	0.1482306	0.435072	0.564928	0.8332626
2232	-55.90152	-120.3525	64.45095	0.9116723	0.2620906	0.7040135	0.452482	0.547518	0.7666904
2238	-59.27592	-122.467	63.19105	1.149887	0.5884048	1.06623	0.580891	0.419109	0.3024178
2244	-57.48985	-121.5649	64.07504	1.009414	0.2528492	1.06623	0.684773	0.315227	0.4409067
2250	-54.83774	-119.5387	64.70095	0.3451635	0.2528492	1.06623	0.465734	0.534266	0.667223
2256	-57.84	-122.7199	64.87994	0.1105422	0.227452	1.06623	0.553494	0.446506	0.8503049
2262	-59.45884	-124.6989	65.24011	0.3714266	0.227452	0.5479053	0.3585	0.6415	0.8503049
2268	-61.59257	-126.5298	64.93721	0.4714389	0.227452	0.815865	0.5612	0.4388	0.5898124
2274	-65.39868	-130.209	64.81033	1.257937	0.1595941	0.3038787	0.342567	0.657433	0.1811128
2280	-68.70152	-131.8842	63.1827	0.8772297	0.6159406	0.8595336	0.66174	0.33826	1.2317
2286	-70.26579	-134.2915	64.02575	0.7458824	0.5075067	0.8595336	0.66174	0.33826	0.5937558
2292	-59.84567	-122.2429	62.39723	1.99782	0.7026285	0.415565	0.832886	0.167114	0.108887
2298	-61.60834	-124.0569	62.44859	1.99782	0.5789335	0.2051013	0.87232	0.12768	0.0529376
2304	-57.59562	-122.7861	65.1905	0.4092749	0.3918379	0.1731033	0.375059	0.624941	1.275736
2310	-54.07974	-119.4043	65.32454	0.913055	0.2042332	0.3130284	0.579373	0.420627	0.6680654
2316	-56.666	-122.031	65.36496	0.4162702	0.4035275	0.3130284	0.54949	0.45051	0.6424172
2322	-53.01139	-118.6174	65.60597	0.4200597	0.210343	0.4175097	0.431572	0.568428	0.6210286
2328	-53.55547	-119.6415	66.08607	0.09891921	0.1904488	0.3787896	0.474938	0.525062	0.4825989
2334	-59.15617	-122.5375	63.38129	0.5855947	0.3980133	2.047089	0.727258	0.272742	0.3204751
2340	-54.58173	-118.7266	64.14487	1.500601	0.4303524	0.2955884	0.746311	0.253689	0.2678038
2346	-56.92897	-121.3816	64.45264	1.285924	0.4303524	0.2955884	0.544446	0.455554	0.3387317
2352	-53.22708	-117.6092	64.38209	0.9330698	0.4303524	0.5142864	0.49178	0.50822	0.3387317
2358	-53.32693	-118.2691	64.94221	0.7330352	0.3967457	0.3332509	0.523834	0.476166	0.7701793
2364	-58.80526	-123.3159	64.51062	1.054891	0.4928043	0.3332509	0.698493	0.301507	0.6663532
2370	-52.76754	-118.3258	65.55824	0.2600754	0.5587362	0.1932406	0.570284	0.429716	0.6663532
2376	-50.42021	-115.4098	64.98964	0.9050608	0.3969625	0.2756959	0.760951	0.239049	0.4033713
2382	-58.24702	-121.3838	63.13679	0.8531149	0.7557106	1.273636	0.638115	0.361885	0.6737244
2388	-50.54479	-116.1084	65.56362	0.556973	0.0918925	0.6008568	0.263704	0.736296	0.6737244
2394	-50.3187	-115.2177	64.89895	0.8959891	0.2281663	0.4772128	0.384312	0.615688	0.3090421
2400	-50.82776	-116.5255	65.6977	0.2894934	0.3170394	0.2786459	0.584312	0.415688	0.7405896
2406	-58.63306	-122.2997	63.6666	0.6410805	0.6857473	0.567548	0.542295	0.457705	1.260326
2412	-57.51326	-122.3405	64.82722	0.2703156	0.6857473	0.2859275	0.741025	0.258975	1.028775
2418	-56.88086	-121.489	64.60817	0.3693937	0.6857473	0.2859275	0.709878	0.290122	1.140162
2424	-56.86424	-120.3919	63.52768	0.08293201	0.6129183	1.385056	0.792254	0.207746	1.20296
2430	-59.22751	-123.7797	64.55217	0.04331233	0.4216936	0.7931596	0.788176	0.211824	1.105768
2436	-58.5087	-123.4456	64.93688	0.3394395	0.4236621	0.5888732	0.563576	0.436424	0.4632831
2442	-59.99831	-122.9413	62.94302	0.9198556	1.263422	0.8920345	0.644753	0.355247	0.3924038
2448	-63.33841	-126.2509	62.9125	0.9198556	1.264794	0.8920345	0.644753	0.355247	0.6874075
2454	-60.45723	-124.0809	63.62369	0.9198556	0.7046161	0.8205802	0.652552	0.347448	0.5333038
2460	-68.18499	-132.3199	64.13487	0.7567552	0.5469782	0.7146062	0.835196	0.164804	0.557578
2466	-75.41496	-137.9131	62.49811	0.4306725	1.863522	0.8293033	0.714588	0.285412	1.264469
2472	-62.22534	-125.5475	63.3222	0.224036	0.4301225	1.771616	0.682912	0.317088	1.274856
2478	-66.38873	-129.3025	62.91377	0.06374904	1.780483	1.492464	0.638539	0.361461	0.528431
2484	-57.10903	-122.7519	65.64289	0.912799	0.07995213	0.3915354	0.403079	0.596921	0.4095241
2490	-60.90666	-125.1503	64.24364	1.896048	0.06900776	0.6252425	0.790662	0.209338	0.3080379
2496	-55.8809	-121.1507	65.26985	1.896048	0.1029941	0.1044574	0.582535	0.417465	0.3080379
2502	-54.33779	-118.3744	64.0366	1.027001	0.2605063	0.7520802	0.640008	0.359992	0.1898251
2508	-58.07329	-121.5875	63.51424	1.055568	0.1792521	1.838515	0.544088	0.455912	0.2782886
2514	-58.64103	-123.1791	64.53805	0.9982173	0.1792521	0.7592728	0.575229	0.424771	0.3106096
2520	-58.13769	-121.2799	63.14222	1.106185	0.4554599	1.435258	0.63193	0.36807	0.307526
2526	-58.89849	-123.1728	64.27428	1.106185	0.4554599	0.4594356	0.627713	0.372287	0.6729773
2532	-56.41442	-120.6088	64.19438	0.8208413	0.4468947	0.753161	0.641642	0.358358	0.4830355
2538	-59.96992	-122.9523	62.98242	0.8466289	1.540396	0.753161	0.801266	0.198734	0.4429478
2544	-57.76509	-121.503	63.73791	0.8466289	0.9722438	0.5571287	0.782357	0.217643	0.4580386
2550	-60.09066	-123.3856	63.29497	0.5170554	0.9722438	1.252651	0.958518	0.0414819	0.5358879
2556	-62.04886	-124.8125	62.7636	0.7047394	1.336064	1.252651	0.955468	0.0445324	0.6005752
2562	-68.86569	-132.4473	63.58156	0.8925705	0.595441	0.6137685	0.601825	0.398175	1.167609
2568	-70.17192	-135.1977	65.02576	0.2651996	0.2097416	0.6137685	0.517523	0.482477	1.127968
2574	-66.99906	-132.2995	65.30044	0.4084393	0.1866613	0.6137685	0.251933	0.748067	0.7489165
2580	-68.68897	-133.8252	65.13626	0.9968831	0.1866613	0.3404779	0.283772	0.716228	0.8176913
2586	-58.69425	-125.7871	67.09288	0.614652	0.02384791	0.08639781	0.201509	0.798491	0.5228574
2592	-59.46944	-126.1106	66.6412	0.5596076	0.06884685	0.08639781	0.231986	0.768014	0.9903874
2598	-57.47364	-123.9537	66.48009	0.9684328	0.06490917	0.08639781	0.305526	0.694474	0.7087931
2604	-57.11015	-123.457	66.3468	0.7584944	0.1354091	0.08639781	0.383454	0.616546	0.774915
2610	-68.56586	-129.9376	61.37171	0.8341222	1.905535	2.528625	0.861995	0.138005	0.7278682
2616	-59.41974	-121.7898	62.37006	1.157611	1.204283	1.335005	0.792395	0.207605	0.5201139
2622	-56.2395	-120.8821	64.64264	0.8261826	0.2501502	0.639084	0.565912	0.434088	0.7831045
2628	-57.31115	-122.0412	64.73003	0.4559925	0.4344784	0.639084	0.53099	0.46901	0.4737877
2634	-59.11123	-124.0719	64.96066	0.8956275	0.4344784	0.2708478	0.620322	0.379678	0.4737877
2640	-56.62536	-121.9903	65.36489	0.8284377	0.2736323	0.2708478	0.471964	0.528036	0.4584161
2646	-54.97965	-120.111	65.13137	1.104555	0.2736323	0.2550653	0.396914	0.603086	0.4774782
2652	-59.33929	-125.6638	66.32454	0.51204	0.1510513	0.1711328	0.494189	0.505811	0.4803841
2658	-57.60959	-123.5426	65.93301	0.4594069	0.07547616	0.1711328	0.295598	0.704402	1.384678
2664	-51.77899	-118.6415	66.86248	0.0869058	0.0907843	0.1898369	0.319008	0.680992	0.7022758
2670	-57.48095	-121.8124	64.33145	0.4505308	0.2814617	0.7884342	0.436589	0.563411	1.207717
2676	-49.82316	-115.168	65.34485	0.275806	0.2814617	0.4957572	0.560951	0.439049	0.7644714
2682	-52.83686	-117.9253	65.08848	0.9442544	0.1336807	0.4819421	0.196665	0.803335	0.2708373
2688	-52.44754	-118.7652	66.31768	1.130674	0.1336807	0.03817121	0.279326	0.720674	0.4379412
2694	-53.75155	-119.8668	66.11526	1.130674	0.1336807	0.08141041	0.445768	0.554232	0.4940146
2700	-56.23848	-122.6267	66.3882	0.3171728	0.136406	0.2330385	0.408105	0.591895	0.4940146
2706	-54.79733	-120.516	65.71866	1.336936	0.1752859	0.07058949	0.281715	0.718285	0.3106614
2712	-56.06432	-121.1736	65.10928	0.2636027	0.3702615	0.5914836	0.496633	0.503367	0.556591
2718	-56.31258	-119.627	63.31441	0.3709042	0.6281023	1.456701	0.720344	0.279656	1.067828
2724	-59.87968	-123.6406	63.76088	1.925595	0.9147904	0.09251859	0.564773	0.435227	0.3152673
2730	-60.69146	-122.3517	61.66024	2.129314	1.919666	0.2618629	0.817514	0.182486	0.1246039
2736	-57.88281	-120.6084	62.72559	0.9174082	1.919666	0.5706687	0.822723	0.177277	0.2509054
2742	-56.59428	-121.0539	64.45963	1.495746	0.3768838	0.2667631	0.453054	0.546946	0.4011343
2748	-55.60471	-118.9249	63.32019	1.495746	0.9460541	0.4011297	0.561671	0.438329	0.3392792
2754	-53.67304	-118.2466	64.57353	1.015922	0.4459863	0.3760478	0.758485	0.241515	0.585076
2760	-57.42163	-120.6192	63.19759	1.03967	1.732325	0.3981033	0.758485	0.241515	0.4373347
2766	-66.51885	-128.1626	61.64376	0.9221618	1.732325	1.912417	0.676025	0.323975	0.8434384
2772	-60.86865	-123.6712	62.80251	1.961511	1.322125	0.1667504	0.849361	0.150639	0.1876863
2778	-60.27936	-123.2856	63.00622	1.845305	0.5970008	0.4037969	0.849361	0.150639	0.161493
2784	-52.73416	-116.5916	63.85748	1.845305	0.2787811	0.2647757	0.672263	0.327737	0.151556
2790	-61.6195	-124.7897	63.17015	1.209849	0.4613863	1.378647	0.343355	0.656645	0.5381665
2796	-55.7272	-119.725	63.99778	0.8117741	0.475794	0.8616343	0.575568	0.424432	0.3900437
2802	-58.53405	-122.4936	63.95955	0.5204258	0.4613572	0.845864	0.506235	0.493765	1.090051
2808	-53.46633	-118.5928	65.12649	0.139512	0.4613572	0.4993377	0.768871	0.231129	0.7354102
2814	-50.34685	-114.8382	64.49132	0.2543361	0.4613572	0.4993377	0.597635	0.402365	1.267944
2820	-52.92627	-118.8472	65.92095	0.8215559	0.1744385	0.09843625	0.280405	0.719595	0.9800211
2826	-58.39436	-124.2202	65.82583	0.2716864	0.2416002	0.09843625	0.280405	0.719595	1.372544
2832	-47.93783	-113.334	65.39614	0.8451085	0.2416002	0.284892	0.409722	0.590278	0.4587241
2838	-50.65491	-117.3288	66.67386	1.087917	0.0552033	0.04492312	0.486771	0.513229	0.4593863
2844	-49.58488	-116.4188	66.83391	1.02615	0.04192077	0.03583785	0.331407	0.668593	0.5947131
2850	-52.35428	-119.1126	66.75829	1.167389	0.04192077	0.0224277	0.146581	0.853419	0.5280985
2856	-54.75059	-122.1031	67.35248	0.3217897	0.04855118	0.05755989	0.146581	0.853419	0.6956676
2862	-52.38218	-118.3058	65.92365	1.22874	0.128312	0.07464507	0.367875	0.632125	0.2766323
2868	-49.42634	-115.5428	66.1165	1.243646	0.128312	0.05789297	0.330647	0.669353	0.6028025
2874	-55.85619	-120.7368	64.88063	1.570464	0.4179283	0.09337738	0.515294	0.484706	0.5835436
2880	-52.10987	-117.505	65.39515	1.570464	0.2556882	0.06080733	0.433262	0.566738	0.5444714
2886	-59.30713	-124.6566	65.34944	1.570464	0.2556882	0.06080733	0.631705	0.368295	0.3587954
2892	-56.67068	-121.6037	64.93299	1.375234	0.4174244	0.1306587	0.641601	0.358399	0.4494464
2898	-60.03521	-124.9686	64.93338	0.4923215	0.5585328	0.1278323	0.594331	0.405669	1.312956
2904	-66.86147	-130.0057	63.14422	1.085271	1.296157	0.3791769	0.913756	0.0862437	1.064109
2910	-59.96149	-123.6456	63.68415	0.8469001	0.4787661	0.7839515	0.827903	0.172097	1.081704
2916	-54.81599	-119.72	64.90397	0.4304505	0.5956163	0.2903584	0.816029	0.183971	0.9016611
2922	-56.56565	-120.7097	64.14403	1.40094	0.5956163	0.2903584	0.798827	0.201173	0.5407265
2928	-57.78402	-121.2637	63.47966	1.388517	0.5013176	0.5925293	0.80584	0.19416	0.2165473
2934	-58.83589	-121.5045	62.66859	1.388517	0.8827639	0.8464175	0.810459	0.189541	0.225637
2940	-57.40192	-119.5539	62.15196	1.388517	0.6099116	1.793379	0.884	0.116	0.2005344
2946	-62.29467	-124.2245	61.92985	1.610459	0.4475919	1.793379	0.589906	0.410094	0.1359761
2952	-55.03277	-117.2224	62.1896	1.909023	0.7070868	0.6866083	0.712859	0.287141	0.129606
2958	-53.36046	-117.0666	63.7061	1.593601	0.7070868	0.2234009	0.695225	0.304775	0.2173068
2964	-56.79029	-120.8273	64.03703	1.068814	0.7070868	0.4289591	0.464281	0.535719	0.4824814
2970	-54.44597	-118.982	64.53602	1.068814	0.7070868	0.2099919	0.502983	0.497017	0.4779042
2976	-58.65703	-123.0261	64.36905	0.7500532	0.9225813	0.2251129	0.684011	0.315989	0.876778
2982	-57.02701	-121.6609	64.63392	0.4514639	0.9225813	0.2251129	0.893371	0.106629	0.9149465
2988	-57.26107	-121.6231	64.36207	0.6761943	0.629846	0.5187753	0.577339	0.422661	0.4115264
2994	-66.63512	-130.4621	63.82701	0.2612216	1.1446	0.5187753	0.814615	0.185385	1.084671
3000	-52.30195	-115.6398	63.33786	0.7774127	1.882218	0.4149667	0.895916	0.104084	0.4612476
3006	-60.78992	-123.5034	62.71345	0.4345514	1.882218	0.4822247	0.650052	0.349948	1.461536
3012	-52.25149	-116.6112	64.35966	0.3287619	0.7141027	0.6237897	0.738921	0.261079	0.7525913
3018	-55.58008	-121.1021	65.522	1.041606	0.1769623	0.182926	0.598853	0.401147	0.8251479
3024	-47.81089	-113.6425	65.83158	0.7888201	0.1769623	0.1611042	0.356055	0.643945	0.842957
3030	-52.85532	-118.793	65.93765	0.2406358	0.1769623	0.1859278	0.543852	0.456148	1.200622
3036	-57.86856	-124.0426	66.174	0.05089621	0.1769623	0.1859278	0.531024	0.468976	1.16019
3042	-57.31494	-120.7485	63.43352	0.451257	0.55015	1.336118	0.705159	0.294841	1.076298
3048	-70.87209	-133.3888	62.51669	1.140109	2.256389	0.09683056	0.875195	0.124805	1.658604
3054	-60.42957	-125.3541	64.92455	0.5182951	0.4220655	0.2385007	0.648461	0.351539	1.19726
3060	-52.60099	-117.1821	64.58108	0.6039233	0.3646584	0.2385007	0.579224	0.420776	1.492334
3066	-53.85246	-118.9911	65.13867	0.8928511	0.3164078	0.2137653	0.579224	0.420776	0.9054016
3072	-61.80803	-126.2411	64.43312	0.928852	0.9718044	0.11908	0.70223	0.29777	0.9376097
3078	-57.34731	-121.52	64.17265	0.7527003	1.049823	0.2288969	0.857359	0.142641	0.9376097
3084	-58.99333	-123.312	64.31869	0.899796	0.7537511	0.3425865	0.793495	0.206505	0.504795
3090	-55.6163	-120.3125	64.6962	0.1391146	0.458148	0.4406258	0.496621	0.503379	1.282243
3096	-55.64813	-120.4578	64.80963	0.4038567	0.521993	0.2467113	0.87065	0.12935	1.227203
3102	-54.34118	-118.5499	64.20867	0.6562874	0.6009374	0.479052	0.694358	0.305642	0.9912745
3108	-51.3935	-115.053	63.65945	0.950985	1.333498	0.3600821	0.828459	0.171541	0.485161
3114	-54.4492	-117.6643	63.21507	0.950985	0.6943838	1.214741	0.693614	0.306386	0.4800139
3120	-56.27712	-120.541	64.26393	0.05912674	0.4697605	1.214741	0.596226	0.403774	0.8626504
3126	-50.42242	-115.713	65.29056	0.6259796	0.3530348	0.2985062	0.489675	0.510325	0.6406819
3132	-49.28316	-114.415	65.13188	0.7816548	0.3530348	0.3052139	0.398487	0.601513	0.6092554
3138	-52.39008	-117.582	65.19196	0.7816548	0.3158688	0.2385863	0.55141	0.44859	0.8943034
3144	-50.61384	-115.2796	64.66573	1.083784	0.5537999	0.106102	0.488069	0.511931	1.116903
3150	-51.82475	-116.8184	64.99362	0.3242577	0.2692103	0.6236575	0.599709	0.400291	0.9321979
3156	-58.24086	-122.0314	63.79053	0.5636709	0.6021222	0.1963508	0.4696	0.5304	1.879998
3162	-55.19789	-119.4394	64.24154	0.8514951	0.8523711	0.3424299	0.605981	0.394019	0.5728015
3168	-59.55985	-123.8862	64.32631	0.6659867	0.9051744	0.3424299	0.68824	0.31176	0.6794938
3174	-59.403	-122.9797	63.57669	0.4565592	0.9176654	0.8813977	0.759332	0.240668	0.879254
3180	-59.7731	-124.1607	64.3876	0.08980666	0.6872154	0.8813977	0.526837	0.473163	0.6134366
3186	-59.55179	-123.2513	63.69952	0.9749747	0.6872154	0.7150477	0.65303	0.34697	0.6134366
3192	-62.15157	-125.904	63.75238	0.03171497	0.786333	0.9218278	0.536725	0.463275	1.21971
3198	-57.90397	-121.4765	63.57254	0.4676945	1.158296	0.7835565	0.863167	0.136833	0.7019179
3204	-58.2243	-122.0314	63.80706	0.481874	1.024387	0.5197651	0.784792	0.215208	0.9989387
3210	-60.14035	-122.7585	62.61816	1.325408	1.331371	0.7848576	0.784792	0.215208	0.4238389
3216	-59.79641	-123.7303	63.93392	1.746239	0.3996477	0.3566087	0.80949	0.19051	0.3605069
3222	-54.57138	-118.5983	64.0269	1.33648	0.3996477	0.4048374	0.752156	0.247844	0.2169918
3228	-56.76837	-121.1907	64.42237	1.180667	0.3996477	0.4048374	0.665169	0.334831	0.3889128
3234	-56.17226	-119.6674	63.49516	0.4068574	1.427923	0.4938302	0.812024	0.187976	1.077563
3240	-57.72769	-122.4717	64.74398	0.6369764	0.4032709	0.4663909	0.812024	0.187976	0.8028589
3246	-58.1476	-120.0218	61.8742	0.09258267	2.766093	0.8456008	0.924294	0.0757062	1.623025
3252	-60.74807	-124.0821	63.334	0.991487	0.8390253	0.8456008	0.861557	0.138443	0.3900937
3258	-63.89592	-128.9526	65.05667	0.1617809	0.185349	1.077054	0.341566	0.658434	0.684761
3264	-56.86913	-122.0517	65.1826	0.3450132	0.185349	0.8286807	0.357154	0.642846	0.5479732
3270	-57.61319	-123.7382	66.12505	0.47526	0.185349	0.2099968	0.588696	0.411304	0.5479732
3276	-54.97723	-120.4774	65.50015	0.33104	0.2106102	0.5436277	0.523672	0.476328	0.5479732
3282	-53.25549	-117.7666	64.51113	0.5973141	0.2385121	1.088917	0.537445	0.462555	0.4959464
3288	-54.74105	-120.0622	65.32113	1.133092	0.2385121	0.2042702	0.487643	0.512357	0.4227982
3294	-53.46668	-119.6617	66.19503	1.298086	0.1265596	0.02571688	0.287406	0.712594	0.6622939
3300	-54.10411	-120.1053	66.00119	1.265037	0.1767629	0.04646806	0.27133	0.72867	0.4777372
3306	-58.08785	-124.17	66.08215	1.642636	0.08382226	0.01650609	0.184709	0.815291	0.4638795
3312	-53.27559	-118.9668	65.69118	2.039522	0.04488947	0.03003107	0.212266	0.787734	0.269925
3318	-52.16939	-118.9589	66.78951	1.096385	0.0226783	0.03668663	0.308325	0.691675	0.704492
3324	-52.15582	-119.2751	67.11929	0.6011542	0.05561859	0.03668663	0.320628	0.679372	0.7323565
3330	-56.63777	-123.6877	67.04991	0.2497908	0.09632593	0.03668663	0.637169	0.362831	1.006696
3336	-61.59055	-128.2168	66.62629	0.5450466	0.09632593	0.06791086	0.198197	0.801803	0.9805514
3342	-52.86757	-116.5286	63.66108	0.4696977	1.010193	0.8784607	0.708587	0.291413	0.54946
3348	-55.43736	-119.5276	64.09022	1.166505	0.2630793	0.8784607	0.636522	0.363478	0.5250404
3354	-56.28031	-120.6415	64.36118	0.3804741	0.5311123	0.7474722	0.671947	0.328053	0.2801484
3360	-60.59411	-123.8533	63.25922	0.8313558	0.5311123	1.587894	0.705792	0.294208	0.4042898
3366	-62.10608	-126.5629	64.45683	0.3244726	0.5344369	0.4141747	0.842898	0.157102	1.262324
3372	-58.93599	-123.4306	64.49464	0.7190431	0.5344369	0.4141747	0.781469	0.218531	0.8461
3378	-58.47125	-122.1794	63.70812	0.6873486	2.046359	0.187483	0.835429	0.164571	0.8461
3384	-60.9299	-124.9661	64.03621	0.2023162	0.8940031	0.6754366	0.816266	0.183734	0.9552496
3390	-60.36922	-124.4466	64.07735	0.376446	0.8940031	0.6754366	0.845913	0.154087	0.6710531
3396	-62.98351	-127.2748	64.29126	0.04933189	0.9236974	0.6754366	0.786772	0.213228	0.7989009
3402	-57.71912	-121.3672	63.64807	0.4520217	1.640501	0.3779132	0.842457	0.157543	0.9381988
3408	-58.75033	-124.1012	65.35085	0.3561714	0.3311325	0.3779132	0.852925	0.147075	0.7841226
3414	-57.77248	-123.6439	65.8714	0.4402697	0.2129284	0.287803	0.763453	0.236547	0.5551713
3420	-52.91143	-117.1535	64.24202	0.4083648	0.4690149	1.048294	0.694678	0.305322	0.5551713
3426	-55.9167	-120.2846	64.36786	1.173126	0.6347225	0.2679509	0.551711	0.448289	0.4474311
3432	-52.26935	-116.7901	64.52077	1.293773	0.5324877	0.2116247	0.497505	0.502495	0.6453877
3438	-52.31057	-116.9904	64.67979	1.130753	0.3326795	0.3703446	0.586113	0.413887	0.6244732
3444	-58.5346	-120.8088	62.27419	1.474578	2.468911	0.3703446	0.634636	0.365364	0.2841724
3450	-59.67926	-121.7258	62.04651	1.474578	2.468911	0.3703446	0.782629	0.217371	0.1859422
3456	-52.33578	-115.0996	62.7638	1.946393	0.8484345	0.3594931	0.794496	0.205504	0.1859422
3462	-51.43769	-114.8635	63.42581	1.706615	0.8484345	0.2034643	0.742853	0.257147	0.1981275
3468	-55.56058	-119.1105	63.54993	0.5729083	0.7511582	0.4494702	0.628713	0.371287	1.49209
3474	-49.62024	-113.0375	63.41723	0.1794808	1.047284	0.8105362	0.81726	0.18274	1.24641
3480	-49.37628	-112.1955	62.81919	0.1824754	2.194829	0.8105362	0.898439	0.101561	1.049529
3486	-57.74579	-120.2749	62.52914	0.6676886	2.508806	0.8105362	0.824674	0.175326	0.4903758
3492	-55.37433	-118.1648	62.79046	0.3866531	1.464253	1.503391	0.783621	0.216379	0.5846679
3498	-61.42181	-124.7433	63.3215	0.2220896	1.030604	1.503391	0.789664	0.210336	0.416594
3504	-56.19914	-120.4075	64.20833	1.043613	1.030604	0.1122628	0.751348	0.248652	1.017909
3510	-51.99775	-115.7922	63.79449	0.9825425	1.092151	0.2891101	0.770912	0.229088	0.8865084
3516	-53.60074	-117.2029	63.60216	0.5271494	1.092151	0.7871642	0.812951	0.187049	0.3843321
3522	-55.78448	-119.5267	63.74226	0.3781806	1.092151	0.7871642	0.581902	0.418098	0.3706692
3528	-54.70087	-119.057	64.35613	0.6899641	0.3897177	0.7879173	0.658638	0.341362	0.3798486
3534	-55.88407	-120.0291	64.14502	0.3131321	0.842373	0.6629977	0.561703	0.438297	0.7831825
3540	-68.61559	-129.9028	61.28723	1.375774	3.014163	1.101564	0.932827	0.0671734	0.4718538
3546	-72.62218	-135.2244	62.60225	0.5467246	1.450821	0.9810597	0.806003	0.193997	1.177704
3552	-58.09355	-123.9616	65.86808	0.4521228	0.1167805	0.4427986	0.306596	0.693404	0.5164571
3558	-64.95645	-130.2273	65.27086	0.9402826	0.1670555	0.3776276	0.522259	0.477741	0.3563852
3564	-64.49414	-126.8111	62.31696	0.04911035	3.750967	1.066972	0.941289	0.0587112	0.6676315
3570	-64.19673	-129.749	65.55227	0.3680564	0.3068011	0.3551924	0.41281	0.58719	0.4475423
3576	-61.11638	-126.2192	65.10282	1.015142	0.1866012	0.3551924	0.36092	0.63908	0.2879382
3582	-59.07255	-123.851	64.77845	1.183076	0.1866012	0.5071953	0.28952	0.71048	0.4552529
3588	-60.64954	-126.0555	65.40592	0.3548235	0.1866012	0.6406618	0.438712	0.561288	0.4552529
3594	-58.74217	-124.8013	66.05911	0.2132595	0.1866012	0.3355561	0.306037	0.693963	0.4181347
3600	-55.58824	-120.1871	64.59891	1.738522	0.5545013	0.06730878	0.549211	0.450789	0.4181347
3606	-54.78896	-119.316	64.52707	1.738522	0.4917487	0.06392528	0.480364	0.519636	0.244708
3612	-48.15419	-113.02	64.86582	1.738522	0.2122112	0.1343129	0.46483	0.53517	0.2636595
3618	-50.78478	-115.5799	64.7951	1.661985	0.1018215	0.218907	0.386331	0.613669	0.168735
3624	-50.15416	-115.6541	65.49997	1.56743	0.09331598	0.1211702	0.291602	0.708398	0.2605084
3630	-50.3872	-113.8926	63.50539	2.113582	0.7643934	0.1211702	0.60789	0.39211	0.2406968
3636	-57.30837	-121.0541	63.74578	1.765223	0.5663055	0.2335911	0.552082	0.447918	0.2349709
3642	-58.1853	-122.4656	64.28031	1.395772	0.5663055	0.2335911	0.62051	0.37949	0.3461748
3648	-65.5351	-128.9288	63.39367	1.646416	0.969839	0.308109	0.659875	0.340125	0.4250408
3654	-64.03818	-125.3581	61.31995	0.7899946	11.99403	0.1797358	0.975436	0.0245637	0.5105096
3660	-68.99267	-132.6015	63.60888	0.5235764	1.11474	0.6415927	0.659741	0.340259	0.8799735
3666	-64.8206	-128.9322	64.11157	0.6392508	0.96933	0.4388109	0.684216	0.315784	0.6488883
3672	-65.75705	-127.5391	61.78208	0.3016361	2.679572	1.820422	0.922571	0.0774289	0.8666802
3678	-69.59111	-130.7885	61.19735	0.1521819	1.384656	5.80969	0.775812	0.224188	0.8666802
3684	-61.94346	-125.4296	63.48616	0.2640249	0.8998505	1.202537	0.788331	0.211669	0.8666802
3690	-58.98248	-123.9996	65.01713	0.2640249	0.4607823	0.3804449	0.59019	0.40981	0.9792597
3696	-58.17552	-123.1712	64.99569	0.01212054	0.6363727	0.3804449	0.547353	0.452647	0.9792597
3702	-50.67313	-115.9505	65.27738	0.311285	0.3828686	0.3804449	0.691599	0.308401	0.7917823
3708	-49.8234	-114.5442	64.72078	0.2876765	0.87236	0.2752134	0.73668	0.26332	0.9152758
3714	-48.11571	-112.9551	64.8394	0.1204127	0.87236	0.3544819	0.847006	0.152994	0.7508403
3720	-57.29212	-121.6291	64.33694	0.09839267	1.454583	0.3776867	0.762245	0.237755	0.666589
3726	-60.19906	-123.0808	62.88175	1.65607	1.25288	0.39481	0.889373	0.110627	0.3356776
3732	-64.66572	-130.2107	65.54503	0.240635	0.3274033	0.3974794	0.721136	0.278864	0.5713564
3738	-57.07808	-122.687	65.60896	0.05927532	0.3274033	0.3974794	0.443115	0.556885	0.7956339
3744	-56.3492	-121.2137	64.86447	0.02136711	0.2976283	0.7079766	0.391521	0.608479	1.170966
3750	-52.00201	-116.8988	64.89682	1.005224	0.2976283	0.3771511	0.727998	0.272002	0.5170531
3756	-46.54018	-113.2003	66.66016	0.5199736	0.05082534	0.1963667	0.406647	0.593353	0.455278
3762	-45.89193	-112.2412	66.3493	1.297428	0.09068033	0.02976512	0.402536	0.597464	0.4023195
3768	-50.12307	-116.4089	66.28587	1.218436	0.09068033	0.06363435	0.402536	0.597464	0.496778
3774	-57.34009	-122.7464	65.40626	1.370957	0.258204	0.08871753	0.440233	0.559767	0.6837501
3780	-55.77996	-121.2422	65.4622	0.6737533	0.1587663	0.06057412	0.468965	0.531035	1.660135
3786	-56.38223	-121.1218	64.7396	1.266149	0.6609721	0.06057412	0.624196	0.375804	0.9154178
3792	-57.40931	-122.0747	64.66534	1.60259	0.4869939	0.06057412	0.507405	0.492595	0.9154178
3798	-59.83784	-124.0956	64.25777	1.60259	0.564729	0.06057412	0.413094	0.586906	1.187009
3804	-58.43993	-123.276	64.83611	1.809016	0.3191188	0.05444903	0.543003	0.456997	0.8903032
3810	-56.34244	-120.7011	64.35863	1.809016	0.3448367	0.1711459	0.568948	0.431052	0.274222
3816	-57.86345	-122.2132	64.34975	1.809016	0.3448367	0.1686307	0.824247	0.175753	0.2642356
3822	-55.7726	-120.2469	64.4743	1.553591	0.7322133	0.08068363	0.668291	0.331709	0.5912111
3828	-58.50762	-123.8911	65.38348	0.9703366	0.4753584	0.09475682	0.725125	0.274875	0.4767621
3834	-53.07799	-118.9262	65.84821	0.4624911	0.2635704	0.2273306	0.563919	0.436081	0.6217362
3840	-59.14549	-124.3556	65.21016	0.8421387	0.2522999	0.1673348	0.620753	0.379247	1.173677
3846	-55.06867	-120.9313	65.86264	0.4603684	0.1605906	0.1673348	0.237836	0.762164	1.173677
3852	-64.94614	-129.8946	64.94842	0.8920155	0.4584156	0.2282111	0.235095	0.764905	0.7371982
3858	-61.33201	-125.9499	64.61785	1.029578	0.5231297	0.1585874	0.583642	0.416358	1.074163
3864	-57.43252	-122.4489	65.01643	0.942718	0.5236328	0.1566541	0.599385	0.400615	0.7238406
3870	-57.25043	-122.4189	65.16848	1.051529	0.3379714	0.1922886	0.600527	0.399473	0.6647246
3876	-56.67974	-121.4578	64.77808	1.166234	0.440087	0.2335301	0.600527	0.399473	0.4875425
3882	-60.38299	-123.3121	62.92915	1.177611	0.6359581	1.064993	0.767715	0.232285	0.2146782
3888	-57.23458	-120.7303	63.49577	1.019377	0.6359581	0.8987405	0.707395	0.292605	0.3787366
3894	-59.68547	-125.0978	65.4123	0.6775841	0.2894023	0.2440754	0.418978	0.581022	0.8100013
3900	-56.69403	-121.7489	65.05488	0.4713459	0.2291784	0.6449973	0.426279	0.573721	0.7700144
3906	-58.12346	-122.9688	64.84531	0.03715051	0.3234621	0.6449973	0.642195	0.357805	1.195672
3912	-60.95338	-126.6399	65.68651	0.07061133	0.1840025	0.6449973	0.689777	0.310223	0.574064
3918	-57.47809	-121.3037	63.82564	0.2777914	0.6502765	1.338876	0.689777	0.310223	0.6048623
3924	-55.44893	-119.8982	64.44924	0.2262647	0.6502765	0.7660324	0.628445	0.371555	0.4416454
3930	-70.49632	-135.8838	65.38745	1.260379	0.02038267	0.4205065	0.170885	0.829115	0.2790803
3936	-61.68216	-126.6011	64.91891	1.002357	0.2536893	0.4205065	0.287196	0.712804	0.5554223
3942	-65.15186	-129.9314	64.77957	0.1460424	0.2585507	1.227996	0.409436	0.590564	0.5554223
3948	-66.24055	-131.1652	64.92466	0.5209674	0.4864114	0.3545978	0.382953	0.617047	0.8007987
3954	-59.24377	-124.5869	65.34318	0.6148942	0.286038	0.1054779	0.324618	0.675382	1.370462
3960	-58.95127	-123.3768	64.42556	0.3543332	0.4218993	0.4669877	0.454078	0.545922	1.342261
3966	-66.46302	-129.7391	63.27607	0.3903696	0.6727026	1.042308	0.565906	0.434094	1.334061
3972	-63.57175	-127.3514	63.77967	0.6704305	0.8882737	0.6449987	0.844171	0.155829	0.7568301
3978	-65.00315	-128.3739	63.37072	1.418299	0.8326105	0.4494375	0.594569	0.405431	0.2878862
3984	-74.00787	-136.6256	62.61772	1.718224	0.8326105	0.8680233	0.6903	0.3097	0.492159
3990	-67.88923	-131.1488	63.2596	0.4072782	1.865411	0.4718161	0.783519	0.216481	1.051577
3996	-71.85274	-134.7769	62.92421	0.2761541	2.314194	0.4718161	0.697167	0.302833	1.239585
4002	-76.29438	-138.7807	62.48635	0.3532455	4.215104	0.3756197	0.935388	0.064612	1.032987
4008	-67.98754	-131.3145	63.32698	1.331591	2.183292	0.08589495	0.892027	0.107973	0.8905885
4014	-63.65395	-127.8172	64.16329	1.331591	1.078274	0.11659	0.58608	0.41392	0.6034612
4020	-52.59617	-117.4794	64.88319	1.331591	0.2513875	0.2629034	0.565508	0.434492	0.3478064
4026	-55.8203	-120.388	64.56774	1.860875	0.2513875	0.09867854	0.461248	0.538752	0.1812201
4032	-59.47261	-123.2795	63.8069	1.989914	0.5730294	0.09867854	0.633601	0.366399	0.1791309
4038	-61.42057	-125.5313	64.11076	1.517742	0.5730294	0.2042313	0.795737	0.204263	0.2563912
4044	-57.86453	-121.941	64.07647	1.685269	0.4809824	0.2042313	0.645859	0.354141	0.2494059
4050	-52.09886	-117.482	65.38318	0.5051733	0.3648647	0.2042313	0.733822	0.266178	0.976801
4056	-53.61946	-118.5532	64.93372	0.9792064	0.2843579	0.3774544	0.839256	0.160744	0.4052503
4062	-57.6469	-121.7074	64.06049	0.9792064	0.8580776	0.3283773	0.681004	0.318996	0.7386085
4068	-54.77146	-118.4754	63.70397	1.065163	0.8277965	0.539155	0.807443	0.192557	0.4594383
4074	-61.96535	-125.5198	63.55442	1.026773	0.8277965	0.539155	0.781608	0.218392	0.25087
4080	-64.50245	-128.469	63.96657	0.3261474	0.8358365	0.3640062	0.600702	0.399298	1.410222
4086	-54.49074	-117.8808	63.39007	1.039602	0.9539801	0.6659078	0.67078	0.32922	0.4041094
4092	-53.94058	-116.6794	62.73882	1.619737	0.9268564	0.6431414	0.67078	0.32922	0.2726311
4098	-62.44224	-125.3851	62.94288	0.2845786	1.929598	0.9526007	0.803019	0.196981	0.7966906
4104	-59.19109	-122.4102	63.21911	0.3618598	0.8307568	1.708425	0.872058	0.127942	0.6688707
4110	-55.74529	-118.9755	63.23025	0.1939397	0.7679356	1.708425	0.850299	0.149701	0.9704517
4116	-59.69463	-123.3944	63.69978	0.3965046	1.033908	0.5304029	0.724891	0.275109	1.154447
4122	-56.07467	-121.2935	65.21878	0.1740842	0.408578	0.5304029	0.389356	0.610644	0.5458082
4128	-56.59551	-120.7725	64.17703	0.7248348	0.3218349	1.088313	0.704966	0.295034	0.4582251
4134	-52.54341	-116.8034	64.25994	0.6364815	0.3218349	1.088313	0.460096	0.539904	0.5706811
4140	-53.55091	-117.1758	63.62485	0.3751513	0.6871555	1.269132	0.671702	0.328298	0.8002743
4146	-62.99307	-126.2408	63.24774	0.3071692	0.6871555	1.269132	0.666063	0.333937	1.24297
4152	-57.89293	-121.056	63.16304	0.8287429	1.110525	0.8087784	0.531266	0.468734	0.7955082
4158	-53.68242	-116.647	62.96463	0.2057455	1.691067	1.02592	0.73382	0.26618	0.9541958
4164	-64.59209	-127.2766	62.68448	1.037991	0.9567318	1.247635	0.73382	0.26618	0.7756179
4170	-61.62363	-125.4828	63.85919	0.8006422	0.7495771	0.673915	0.797241	0.202759	0.428696
4176	-56.91814	-120.6699	63.75179	0.9152238	0.7495771	0.673915	0.762016	0.237984	0.5464698
4182	-55.19358	-118.1487	62.95516	0.7175149	1.887531	0.673915	0.854686	0.145314	0.6438246
4188	-51.5803	-115.25	63.66968	0.5945098	1.27675	0.5541082	0.847275	0.152725	0.6730561
4194	-54.05625	-117.1591	63.1029	0.3867374	2.099515	0.5842597	0.900167	0.099833	0.907857
4200	-54.27019	-118.123	63.8528	0.2285589	0.6136413	1.125567	0.695685	0.304315	0.9677901
4206	-52.09874	-115.7707	63.67192	0.6154066	0.6136413	1.125567	0.7801	0.2199	0.7097798
4212	-49.33691	-113.9895	64.65258	0.6810719	0.6136413	0.3578658	0.591852	0.408148	0.6519145
4218	-50.18421	-115.4696	65.28536	0.8985897	0.2663006	0.2455542	0.426537	0.573463	0.7523965
4224	-54.92258	-120.4932	65.57067	0.2317986	0.3650078	0.3356962	0.523546	0.476454	0.372972
4230	-49.95664	-115.2021	65.24546	0.6141463	0.3650078	0.1257821	0.5664	0.4336	1.242926
4236	-54.82572	-120.033	65.20725	0.5842768	0.5427091	0.1092802	0.732139	0.267861	1.082152
4242	-69.18557	-132.2195	63.03388	0.3182887	1.279163	1.416982	0.817395	0.182605	0.6720382
4248	-64.4104	-128.3716	63.96125	0.8842689	0.6554911	0.5420357	0.727826	0.272174	0.810728
4254	-53.45579	-119.4558	65.99998	0.4305463	0.1295853	0.3205805	0.309421	0.690579	0.7351539
4260	-56.02865	-121.8748	65.84614	0.9090299	0.2042282	0.1224245	0.309421	0.690579	0.7351539
4266	-59.03004	-124.3389	65.30883	0.7810704	0.1668425	0.339757	0.688469	0.311531	0.94334
4272	-53.51342	-118.2732	64.75975	0.9887169	0.4057814	0.339757	0.630067	0.369933	0.5441144
4278	-65.9168	-128.6583	62.74149	0.6277872	1.91161	0.9444023	0.516568	0.483432	0.4510653
4284	-65.29592	-127.0085	61.71253	0.636408	1.91161	2.186147	0.758994	0.241006	0.7726203
4290	-60.47327	-123.5602	63.08693	1.062275	1.800546	0.3596614	0.759255	0.240745	0.7991887
4296	-53.38527	-117.2175	63.83218	0.8361633	1.180341	0.3596614	0.816494	0.183506	0.7150172
4302	-56.12016	-120.3592	64.23906	1.034642	0.5722583	0.3596614	0.730426	0.269574	0.8328252
4308	-57.77159	-123.3836	65.61205	1.186738	0.1588711	0.1724639	0.486579	0.513421	0.5628917
4314	-61.07651	-125.846	64.76945	2.128453	0.1770331	0.07448974	0.728227	0.271773	0.2324619
4320	-58.58719	-122.8619	64.27476	2.128453	0.1792558	0.07536509	0.361161	0.638839	0.1128439
4326	-58.44769	-123.6679	65.22016	0.4613339	0.1792558	0.4927182	0.205952	0.794048	0.1950902
4332	-55.46081	-121.3099	65.84911	0.2466723	0.2269065	0.1959013	0.360628	0.639372	1.115408
4338	-54.2879	-120.4845	66.1966	0.05010103	0.2269065	0.1959013	0.468574	0.531426	0.9702274
4344	-57.47283	-122.7051	65.23228	0.7897039	0.4519799	0.1959013	0.812271	0.187729	0.5713851
4350	-66.0116	-129.9702	63.9586	1.533637	0.2812401	0.6476922	0.568982	0.431018	0.5457618
4356	-68.08036	-130.2343	62.15398	0.9571352	2.143085	0.6396321	0.949834	0.0501659	1.173577
4362	-53.28809	-116.6845	63.39643	0.06388744	3.044813	0.2824213	0.964275	0.0357248	1.045962
4368	-61.02464	-123.9968	62.97221	0.1838882	4.939067	0.2824213	0.988313	0.0116865	0.5757162
4374	-57.6295	-120.4137	62.78424	1.008692	2.93277	0.2824213	0.919557	0.0804429	0.3365327
4380	-58.32505	-123.3939	65.06887	0.2938643	0.5810964	0.2285561	0.797653	0.202347	1.056572
4386	-60.39563	-124.4197	64.02405	0.5933496	0.4329125	1.157319	0.50953	0.49047	0.4734533
4392	-59.41205	-124.2745	64.86244	0.9137631	0.7311756	0.1456634	0.726468	0.273532	0.5529353
4398	-60.26371	-124.9914	64.72773	0.7004667	0.5435797	0.3108657	0.58653	0.41347	0.8268926
4404	-63.50153	-127.8175	64.31601	0.8370539	0.8560827	0.197718	0.546102	0.453898	1.00298
4410	-63.33532	-127.8404	64.50504	1.420824	0.5107915	0.197718	0.504838	0.495162	0.4949853
4416	-62.45744	-127.1912	64.73371	1.162876	0.5353593	0.1871278	0.400992	0.599008	0.6132243
4422	-65.64798	-130.5142	64.86618	0.8749663	0.5353593	0.1871278	0.503031	0.496969	0.2579377
4428	-62.18477	-125.1046	62.91984	1.130362	0.9826172	0.918362	0.87059	0.12941	0.3359095
4434	-63.04151	-126.4537	63.41216	0.3393874	1.390358	0.918362	0.69454	0.30546	0.5642328
4440	-63.6808	-126.9258	63.24504	0.4502091	1.390358	0.918362	0.83316	0.16684	0.7006656
4446	-71.60693	-134.6162	63.00925	0.3263614	1.869117	0.9453112	0.916085	0.083915	0.7006656
4452	-64.89091	-128.7794	63.88849	0.3226386	0.5346819	1.441946	0.576403	0.423597	0.5254641
4458	-69.14069	-133.9722	64.83152	0.9844597	0.2605168	0.354831	0.711245	0.288755	0.9119385
4464	-61.79076	-125.3372	63.54642	0.3256213	1.693003	0.5409958	0.841688	0.158312	0.8285175
4470	-62.00728	-125.4648	63.4575	0.438919	1.88532	0.5409958	0.893154	0.106846	0.5485497
4476	-59.62963	-123.2544	63.62479	0.4940067	1.198904	0.5756675	0.647733	0.352267	0.9173568
4482	-61.10589	-124.9339	63.82806	0.5159264	1.198904	0.5047563	0.676017	0.323983	0.7778623
4488	-62.15574	-125.0029	62.84715	0.1661242	1.198904	1.541843	0.73976	0.26024	1.054538
4494	-55.41924	-119.9014	64.48215	0.5503324	0.3417152	0.6428532	0.541363	0.458637	1.025474
4500	-62.04861	-126.6144	64.5658	0.7824971	0.295854	0.6428532	0.427897	0.572103	0.7860065
4506	-63.31625	-128.2094	64.8931	0.4762139	0.3296285	0.6234707	0.5477	0.4523	0.6734705
4512	-59.65849	-124.6333	64.97482	0.145175	0.3296285	0.6234707	0.502569	0.497431	0.9915402
4518	-62.43455	-125.9137	63.47914	0.1477387	1.067449	0.7684011	0.807307	0.192693	1.247009
4524	-64.4712	-127.6522	63.18104	1.272	1.06656	0.5811629	0.653426	0.346574	0.556526
4530	-58.04443	-121.7053	63.66083	0.9546531	1.423709	0.2904031	0.683376	0.316624	0.7260014
4536	-63.92059	-127.6844	63.76378	0.35095	1.423709	0.2904031	0.833947	0.166053	1.246749
4542	-55.56111	-119.7273	64.16622	0.1445644	0.5892304	1.129889	0.673459	0.326541	0.7230591
4548	-56.0005	-120.6072	64.60667	0.00200726	0.236797	1.479742	0.74726	0.25274	0.8621133
4554	-54.18657	-119.6509	65.46438	0.01481345	0.236797	0.4820475	0.338627	0.661373	1.073707
4560	-56.28896	-120.6964	64.40747	0.3237382	0.341638	1.233745	0.327336	0.672664	0.4771992
4566	-57.91485	-122.1729	64.25802	0.2915972	0.4906798	0.8441968	0.51948	0.48052	0.9756511
4572	-66.99071	-130.6546	63.66387	0.4543224	0.5646297	1.491769	0.463778	0.536222	0.5765128
4578	-65.49737	-129.1792	63.68188	0.5654473	0.435782	1.491769	0.631493	0.368507	0.3123989
4584	-63.16599	-127.7549	64.58887	0.6644806	0.2500643	0.8441968	0.637561	0.362439	0.3291709
4590	-59.25038	-124.0832	64.83286	0.9634828	0.2500643	0.4865962	0.502937	0.497063	0.615183
4596	-56.03547	-120.7285	64.69299	0.9450213	0.3153611	0.4865962	0.400835	0.599165	0.615183
4602	-58.75262	-121.3314	62.5788	1.175921	0.9179392	1.331537	0.807349	0.192651	0.3562898
4608	-58.69397	-120.8774	62.18344	1.192144	0.9179392	1.713803	0.877568	0.122432	0.2723783
4614	-54.02941	-117.4181	63.3887	0.3246701	0.9179392	1.446809	0.799343	0.200657	0.4624919
4620	-57.64778	-120.655	63.00717	0.6864803	0.8519604	1.446809	0.719117	0.280883	0.3125207
4626	-53.70173	-115.6956	61.99391	1.746594	0.8519604	0.894998	0.600999	0.399001	0.1417715
4632	-55.60669	-121.2425	65.6358	1.678292	0.04645995	0.07074699	0.145356	0.854644	0.1840883
4638	-58.44533	-124.8623	66.41699	1.054948	0.05968034	0.09644986	0.077627	0.922373	0.3931691
4644	-52.20995	-118.3779	66.16798	0.2517217	0.1821973	0.1370926	0.58695	0.41305	1.118753
4650	-55.03038	-120.0858	65.05538	1.104874	0.4674042	0.1370926	0.780364	0.219636	0.6541326
4656	-51.39625	-114.6564	63.26015	2.428424	0.4646973	0.1370926	0.742239	0.257761	0.1474665
4662	-52.15046	-115.9919	63.84148	2.160555	0.4646973	0.1370926	0.522828	0.477172	0.2454148
4668	-51.1271	-115.4572	64.33014	2.306449	0.2834921	0.04247116	0.494142	0.505858	0.1877599
4674	-51.1962	-115.0963	63.90013	2.56612	0.5583647	0.04247116	0.867482	0.132518	0.5439597
4680	-50.41393	-116.0876	65.67371	1.675346	0.1401975	0.03197261	0.196115	0.803885	0.7758855
4686	-56.70241	-119.2634	62.561	1.669025	0.4278575	0.03197261	0.428858	0.571142	2.573191
4692	-51.23823	-116.3757	65.13747	1.669025	0.2910365	0.04357693	0.60592	0.39408	0.8403626
4698	-57.4205	-122.2615	64.84098	1.084637	0.2910365	0.02679731	0.408792	0.591208	1.658676
4704	-53.52727	-119.053	65.5257	1.115323	0.304038	0.08079003	0.554158	0.445842	0.7797085
4710	-62.7703	-123.9351	61.16481	1.974355	2.299427	0.4930806	0.735749	0.264251	0.1305173
4716	-68.06487	-130.477	62.41217	1.750205	1.316853	0.6227598	0.717134	0.282866	0.4145837
4722	-67.06214	-130.4238	63.36164	0.7548155	0.8589981	0.8800167	0.795834	0.204166	0.8585411
4728	-59.20075	-123.6213	64.42052	0.7548155	0.5179888	0.2575951	0.677512	0.322488	1.240897
4734	-54.18655	-118.9303	64.74371	0.7548155	0.5179888	0.1300884	0.766373	0.233627	1.298629
4740	-62.96589	-127.4196	64.4537	0.9436056	0.3727431	0.2751385	0.498891	0.501109	1.237007
4746	-63.84593	-129.3666	65.52068	0.07103929	0.2580412	0.1730839	0.605626	0.394374	1.514675
4752	-64.44037	-129.558	65.11761	1.035887	0.1410669	0.2776262	0.452604	0.547396	1.107543
4758	-57.67711	-123.7472	66.07012	0.7324417	0.08337428	0.2776262	0.25268	0.74732	0.4537682
4764	-57.6813	-123.1268	65.44549	1.15944	0.08876316	0.2988465	0.608065	0.391935	0.7962989
4770	-52.59452	-118.7048	66.11029	0.6880759	0.06791598	0.2988465	0.314212	0.685788	0.6337738
4776	-62.41858	-128.1311	65.71253	1.139293	0.1089315	0.2165456	0.30827	0.69173	0.5577659
4782	-56.53301	-122.7358	66.20275	0.4350433	0.09607307	0.2801367	0.400366	0.599634	0.7682167
4788	-53.88358	-119.6956	65.812	0.1542487	0.1693504	0.4076865	0.229111	0.770889	0.9197689
4794	-57.56923	-121.349	63.77978	0.6600371	0.4784215	0.8203347	0.67692	0.32308	1.12645
4800	-59.7074	-123.4952	63.78777	0.5928816	0.6427049	0.8203347	0.834465	0.165535	0.939403
4806	-57.37729	-122.3525	64.97526	1.152263	0.2686244	0.2847665	0.72075	0.27925	0.3608402
4812	-57.05228	-120.8571	63.80485	1.101649	1.062128	0.2847665	0.843489	0.156511	0.7720804
4818	-50.03989	-115.4352	65.3953	0.5944808	0.3463041	0.2784142	0.843489	0.156511	0.6134525
4824	-47.0444	-111.9376	64.89317	0.6244623	0.437074	0.379705	0.771484	0.228516	0.7485524
4830	-56.43997	-121.4317	64.99173	0.5259045	0.437074	0.379705	0.860832	0.139168	0.7485524
4836	-51.48215	-116.7511	65.26897	0.07884323	0.437074	0.3261368	0.695502	0.304498	1.066774
4842	-54.77005	-119.3049	64.53486	0.6301982	0.775071	0.3261368	0.522817	0.477183	0.6993884
4848	-52.42517	-118.0124	65.58718	0.04010938	0.3795955	0.4104599	0.686839	0.313161	0.6407545
4854	-69.6525	-131.1818	61.52932	1.187647	10.70876	0.06530494	0.948684	0.0513158	0.6208965
4860	-58.27365	-119.9564	61.68271	1.103535	2.650494	0.8672072	0.89866	0.10134	0.2134086
4866	-61.81356	-123.6388	61.82521	1.961902	0.6949971	0.9732993	0.624622	0.375378	0.1303307
4872	-59.33604	-120.9872	61.65118	1.808776	0.6564598	0.9732993	0.594364	0.405636	0.08084119
4878	-53.11596	-116.1352	63.01922	1.808776	0.3528641	0.7776518	0.594364	0.405636	0.1924561
4884	-50.57161	-112.9097	62.33811	1.808776	0.7710747	0.6938341	0.735248	0.264752	0.1572
4890	-54.14839	-117.8926	63.74424	1.221436	0.4171565	0.5458336	0.46344	0.53656	0.1774743
4896	-53.02681	-117.1226	64.0958	0.8641412	0.4834322	0.7463584	0.53728	0.46272	0.4808655
4902	-50.11649	-115.4661	65.34961	0.797255	0.4834322	0.1138985	0.53728	0.46272	0.778837
4908	-57.52252	-123.4897	65.96718	0.570939	0.1349666	0.2909046	0.260559	0.739441	0.395483
4914	-53.17529	-118.6759	65.50062	0.8425318	0.2014981	0.2909046	0.60028	0.39972	0.5112496
4920	-54.4355	-117.9439	63.50839	0.115306	0.7026123	1.775669	0.63756	0.36244	0.7814198
4926	-52.84033	-118.0645	65.22415	0.007200318	0.6844261	0.3239103	0.632679	0.367321	0.7814198
4932	-49.5574	-114.279	64.72156	0.2852644	0.6844261	0.3239103	0.619833	0.380167	1.033455
4938	-50.03528	-114.7952	64.75995	0.3723147	0.5860299	0.3457192	0.481375	0.518625	0.9987171
4944	-51.99456	-116.8098	64.8152	0.8537937	0.4941784	0.0691319	0.562665	0.437335	1.400684
4950	-51.57282	-116.7217	65.14884	1.006358	0.3608732	0.2002462	0.835506	0.164494	0.6488989
4956	-57.02051	-121.9503	64.92984	0.8381223	0.3608732	0.3696457	0.437976	0.562024	0.4299044
4962	-51.60142	-117.0058	65.40438	1.095694	0.3468091	0.1120754	0.754919	0.245081	0.6243875
4968	-55.35399	-120.8555	65.50155	1.36936	0.19729	0.10664	0.449896	0.550104	0.3544269
4974	-52.61785	-118.2014	65.58351	0.698601	0.19729	0.3079672	0.770304	0.229696	0.3805692
4980	-54.28985	-119.9712	65.68133	0.1480256	0.19729	0.3079672	0.392371	0.607629	1.167364
4986	-50.68449	-115.7679	65.0834	0.3439474	0.5448408	0.2614187	0.642105	0.357895	0.9608511
4992	-51.86277	-116.2543	64.39153	0.1571423	0.5670991	0.9868612	0.720649	0.279351	0.5724218
4998	-54.74454	-119.9131	65.16857	0.3372156	0.4456429	0.4210837	0.538501	0.461499	0.4317899
5004	-57.49051	-121.9701	64.47958	0.698326	0.3752811	0.611689	0.415258	0.584742	0.8403218
5010	-51.00826	-115.0464	64.03814	0.6114007	0.5429213	0.7769233	0.840056	0.159944	0.8593098
5016	-51.1154	-116.4305	65.31507	0.4887369	0.5273098	0.1905722	0.623047	0.376953	0.7826463
5022	-49.8582	-114.7256	64.86744	1.074692	0.5604993	0.114363	0.687431	0.312569	0.8787197
5028	-50.70632	-115.4491	64.74281	0.08807994	0.5604993	0.4167664	0.726057	0.273943	1.182009
5034	-49.74246	-114.9452	65.20278	0.8111389	0.3761357	0.2528759	0.801524	0.198476	0.5225978
5040	-53.87847	-119.8307	65.95223	0.2417608	0.2021759	0.2116959	0.800561	0.199439	1.04659
5046	-59.71707	-125.3073	65.59018	0.293551	0.1653181	0.3510128	0.542079	0.457921	1.125082
5052	-59.19882	-124.4763	65.27749	0.2529882	0.2919565	0.3510128	0.54819	0.45181	1.125082
5058	-61.15689	-125.5393	64.38238	1.165953	0.3283002	0.3510128	0.314382	0.685618	1.03105
5064	-59.38163	-124.3587	64.97707	0.3959704	0.3153593	0.6568994	0.314382	0.685618	0.6343522
5070	-51.93344	-116.988	65.05452	0.3185207	0.3153593	0.6568994	0.338309	0.661691	0.6343522
5076	-51.78085	-116.1618	64.38098	1.007134	0.3153593	0.6568994	0.469532	0.530468	0.4167103
5082	-51.56081	-116.4194	64.85864	0.5082307	0.3153593	0.6568994	0.794663	0.205337	0.3762086
5088	-57.0788	-121.185	64.10615	1.173352	0.3322209	0.7167128	0.59761	0.40239	0.4397132
5094	-52.76069	-117.1827	64.42205	0.7647247	0.6553414	0.4071846	0.59761	0.40239	0.630554
5100	-59.48814	-125.282	65.79383	0.5015217	0.2552664	0.228092	0.47371	0.52629	0.3461635
5106	-61.67748	-126.8532	65.17574	0.2730772	0.6115922	0.141071	0.794961	0.205039	1.187257
5112	-53.83641	-116.9148	63.07843	1.06723	1.491718	0.4933895	0.858728	0.141272	0.7529698
5118	-56.45934	-119.4255	62.96615	0.6173651	1.127323	1.297249	0.734622	0.265378	0.663672
5124	-49.22151	-114.4223	65.20081	0.4937576	0.5800528	0.1946247	0.653547	0.346453	0.8038138
5130	-50.95521	-115.9994	65.04416	0.8725698	0.4553118	0.2337264	0.809702	0.190298	0.5097863
5136	-48.82526	-113.714	64.88878	0.5689929	0.6084693	0.3208289	0.720289	0.279711	0.5280669
5142	-56.80312	-120.3372	63.53412	1.593222	0.6036582	0.3337108	0.782382	0.217618	0.20194
5148	-59.16883	-123.5032	64.3344	1.103364	0.6036582	0.3337108	0.565619	0.434381	0.4930072
5154	-59.89765	-123.3363	63.4387	1.103364	2.303515	0.1091124	0.845759	0.154241	0.8340233
5160	-57.75908	-122.5114	64.75231	1.218657	0.4292045	0.1399506	0.599927	0.400073	0.979495
5166	-62.2016	-127.2936	65.09202	0.5888707	0.5485394	0.1175839	0.704504	0.295496	1.144067
5172	-55.49371	-120.5085	65.01481	1.254433	0.421224	0.08059259	0.615817	0.384183	0.9365788
5178	-66.76467	-130.4351	63.6704	0.7145772	1.807361	0.1773733	0.780523	0.219477	1.045162
5184	-63.69289	-128.7282	65.03529	0.3565118	0.302131	0.6764038	0.814032	0.185968	0.5945843
5190	-65.25733	-130.4809	65.22362	0.6114722	0.2324941	0.1778367	0.287868	0.712132	1.368324
5196	-55.87007	-121.2583	65.38826	0.1276786	0.1611585	0.2754458	0.415607	0.584393	1.567617
5202	-56.57071	-121.3295	64.75876	0.2175037	0.3707335	0.2754458	0.707445	0.292555	1.567617
5208	-55.52927	-120.266	64.73673	1.107697	0.3707335	0.2754458	0.598129	0.401871	0.7924328
5214	-61.98448	-126.2609	64.27647	0.9756223	0.6419552	0.1925046	0.528768	0.471232	1.172681
5220	-56.73454	-122.34	65.6055	0.05160395	0.2799718	0.5283863	0.602635	0.397365	0.4099548
5226	-63.75953	-127.3308	63.57122	0.5129794	0.7263565	1.001144	0.625382	0.374618	0.930221
5232	-55.12711	-118.5851	63.45796	0.09085769	1.111697	0.9960463	0.885605	0.114395	1.057446
5238	-59.34478	-122.6709	63.32611	0.1047679	1.91453	0.5981288	0.76029	0.23971	1.057446
5244	-60.31704	-122.2138	61.89671	0.3024872	2.390885	1.933996	0.965905	0.0340951	0.810855
5250	-56.7261	-120.835	64.10893	0.2935041	1.211702	0.4497456	0.77137	0.22863	0.810855
5256	-54.51031	-118.13	63.61971	0.2325722	0.8136708	1.267829	0.859152	0.140848	0.7896172
5262	-50.90277	-114.9415	64.03875	0.8444494	0.5039385	0.7525946	0.896215	0.103785	0.3782293
5268	-60.64122	-122.8063	62.16508	0.65615	0.5039385	3.721554	0.553065	0.446935	0.9864453
5274	-61.02713	-123.3021	62.27499	0.1712071	1.699282	2.459437	0.833437	0.166563	0.450164
5280	-55.19931	-118.083	62.88365	0.8169028	2.598041	0.424498	0.911663	0.0883367	0.4213115
5286	-57.42885	-120.3478	62.91897	0.8169028	2.061741	0.5322653	0.856942	0.143058	0.3314037
5292	-60.02133	-125.7279	65.70658	0.3282964	0.2212293	0.3569585	0.563089	0.436911	0.7650072
5298	-61.5036	-126.3451	64.84152	0.5899782	0.6693729	0.2858939	0.674428	0.325572	0.398383
5304	-61.42814	-125.239	63.81084	0.6212156	0.6693729	0.9371511	0.790802	0.209198	0.6365214
5310	-69.34494	-133.8412	64.4963	0.119029	0.5102887	0.9325649	0.877141	0.122859	0.7402407
5316	-54.17389	-118.0063	63.83238	0.3388611	0.8166073	0.9909401	0.821904	0.178096	0.6815721
5322	-55.52179	-119.4699	63.94815	0.01737803	0.8166073	1.13592	0.849229	0.150771	0.7871651
5328	-53.05606	-116.2727	63.2166	0.8969487	0.7918779	1.135147	0.68343	0.31657	0.5343573
5334	-54.67652	-118.6312	63.95468	0.9833826	0.5055224	0.6846009	0.83774	0.16226	0.7024656
5340	-58.26005	-123.0985	64.83847	0.921717	0.6210974	0.1827663	0.71904	0.28096	0.6638528
5346	-60.47962	-124.908	64.42835	0.9837042	0.8963987	0.1827663	0.765472	0.234528	0.6796805
5352	-55.21222	-119.7828	64.57061	0.3464683	0.8963987	0.3534509	0.827749	0.172251	0.7776697
5358	-57.08371	-121.3251	64.24144	0.839144	0.8963987	0.28086	0.751109	0.248891	0.7776697
5364	-63.95286	-127.9233	63.97047	0.8332566	0.8963987	0.3407226	0.583752	0.416248	0.9455778
5370	-62.4963	-126.5625	64.06621	0.4859091	0.6958259	0.6312	0.709239	0.290761	0.9368649
5376	-61.19141	-125.3828	64.19143	0.0243139	1.131539	0.6312	0.781415	0.218585	0.7731983
5382	-60.21559	-124.0501	63.83453	0.6413862	1.14046	0.1930519	0.665946	0.334054	1.356666
5388	-60.18702	-124.843	64.65593	0.4987726	0.7846698	0.1930519	0.767822	0.232178	1.094081
5394	-66.0233	-128.2771	62.25377	0.8009208	1.988067	1.187775	0.837473	0.162527	0.6579342
5400	-64.47818	-127.5833	63.10509	0.9684059	0.6822297	1.07708	0.674904	0.325096	0.9237957
5406	-50.52554	-115.7033	65.17775	0.05151965	0.5236018	0.3913012	0.679153	0.320847	0.8994154
5412	-54.41321	-120.466	66.05277	0.006502051	0.2162729	0.3913012	0.602224	0.397776	0.620639
5418	-58.85208	-124.8827	66.03061	0.02516141	0.2162729	0.2560204	0.416073	0.583927	1.023718
5424	-57.80255	-124.3482	66.5456	0.446214	0.1448171	0.1289727	0.402309	0.597691	0.5935209
5430	-57.9962	-123.2599	65.26371	1.628735	0.2346663	0.08895682	0.310384	0.689616	0.4875796
5436	-58.4842	-122.3467	63.86254	1.628735	0.3280899	0.5026531	0.625166	0.374834	0.2971367
5442	-55.96086	-119.8972	63.93635	1.47509	0.5497487	0.3852941	0.739298	0.260702	0.4904117
5448	-61.54095	-126.2405	64.69953	1.133687	0.292498	0.4131464	0.593237	0.406763	0.4279422
5454	-61.94598	-128.4346	66.4886	0.857737	0.05278518	0.1224175	0.372148	0.627852	0.3252129
5460	-62.41511	-129.4446	67.02947	0.5430667	0.04017091	0.09779985	0.0974677	0.902532	0.5998294
5466	-63.68693	-130.9127	67.22582	0.2251078	0.06462527	0.09779985	0.0974677	0.902532	0.5998294
5472	-63.55754	-124.5142	60.95665	0.383177	3.16815	2.548586	0.886337	0.113663	1.007023
5478	-71.20335	-132.768	61.56464	0.9601982	1.02405	2.872829	0.666938	0.333062	0.9674628
5484	-77.42608	-140.2447	62.81857	0.5513247	1.286353	0.9688116	0.376686	0.623314	1.107693
5490	-60.24102	-126.4488	66.20775	0.1485511	0.1745286	0.2331397	0.608547	0.391453	0.905999
5496	-54.48526	-120.7677	66.28239	0.3712507	0.1745286	0.1981624	0.459813	0.540187	0.607616
5502	-54.35362	-119.1762	64.82257	0.7922736	0.2823297	0.5630603	0.479286	0.520714	0.5235127
5508	-57.47948	-121.2952	63.81576	0.7923185	0.3525436	1.010882	0.654068	0.345932	0.9989723
5514	-62.41988	-125.9424	63.52251	0.3330746	0.5772811	1.444834	0.593075	0.406925	0.9822117
5520	-63.93144	-129.1211	65.18969	0.0670863	0.47852	0.4795701	0.751897	0.248103	0.7548284
5526	-56.78926	-122.4521	65.66285	0.03722357	0.2477932	0.181092	0.57904	0.42096	1.433385
5532	-59.0377	-123.6998	64.66205	0.5156867	0.2477932	0.3489735	0.518103	0.481897	1.503735
5538	-52.39804	-117.207	64.80892	0.3546036	0.2655105	0.9140733	0.604364	0.395636	0.6744971
5544	-51.77684	-117.2982	65.52141	0.6200146	0.4923529	0.1051757	0.570976	0.429024	0.8138488
5550	-50.55373	-115.9714	65.41766	0.8094647	0.2871323	0.2179731	0.570976	0.429024	0.7233149
5556	-55.90924	-118.9666	63.05739	0.5478163	1.024481	1.122692	0.673838	0.326162	0.9636325
5562	-55.92116	-119.0184	63.09727	1.040142	0.7819893	1.122692	0.767427	0.232573	0.5286331
5568	-56.03094	-119.6651	63.63416	1.52571	0.8910916	0.2562195	0.732535	0.267465	0.3070093
5574	-61.8284	-125.9195	64.09114	0.7582363	0.4732752	0.6496043	0.642368	0.357632	0.2224063
5580	-55.74648	-120.2632	64.5167	0.985221	0.6477481	0.2562195	0.593871	0.406129	0.6878361
5586	-59.82854	-124.1541	64.32551	0.8003095	0.9514865	0.2836817	0.562446	0.437554	0.5405199
5592	-50.96768	-116.989	66.02132	0.4825187	0.1389203	0.2836817	0.499018	0.500982	0.6982351
5598	-54.06584	-118.718	64.65214	0.8813594	0.2128047	0.7570903	0.424627	0.575373	0.5250685
5604	-51.96633	-117.3671	65.40072	1.096452	0.2147648	0.1686349	0.60396	0.39604	0.2753439
5610	-50.8848	-116.1583	65.27353	1.164154	0.2147648	0.236367	0.20272	0.79728	0.5523153
5616	-55.4554	-119.498	64.04262	1.164154	0.4833047	0.4685268	0.546917	0.453083	0.8367657
5622	-62.8655	-127.8421	64.9766	0.5427715	0.5727899	0.09725718	0.722494	0.277506	1.31953
5628	-67.36747	-132.2018	64.83436	1.009376	0.7544577	0.09725718	0.729147	0.270853	0.7546988
5634	-53.99577	-117.7295	63.73373	0.3021935	0.6978866	1.284536	0.788993	0.211007	0.7067067
5640	-64.61902	-128.5565	63.93747	0.1493709	1.650574	0.4051775	0.843844	0.156156	0.886232
5646	-67.69471	-131.8745	64.17978	0.03750021	1.650574	0.4051775	0.843844	0.156156	0.7105131
5652	-69.2814	-133.2863	64.00493	0.6045738	0.6644655	0.7789934	0.488648	0.511352	0.6516027
5658	-61.41512	-125.9627	64.54759	0.3384206	0.8957208	0.3672314	0.743402	0.256598	0.7822775
5664	-60.90867	-123.6003	62.69159	0.7629603	1.683354	0.8997884	0.885555	0.114445	0.2983844
5670	-57.83435	-120.6021	62.76778	0.988369	1.01084	1.068197	0.812167	0.187833	0.868192
5676	-58.67659	-122.4941	63.81755	0.3762385	1.01084	0.5779262	0.787773	0.212227	1.017183
5682	-55.17317	-119.0797	63.90654	1.218901	0.6854135	0.3284135	0.652988	0.347012	0.8986226
5688	-49.54809	-114.0655	64.51742	0.6080231	0.6854135	0.3284135	0.814422	0.185578	0.8986226
5694	-49.41247	-114.6461	65.23367	0.1933684	0.3330799	0.5984226	0.408064	0.591936	0.606203
5700	-52.84107	-118.6459	65.80486	0.09463881	0.343465	0.2953153	0.711757	0.288243	0.7246272
5706	-54.22971	-120.5383	66.30859	0.1203068	0.276824	0.1605603	0.519194	0.480806	0.7246272
5712	-51.23418	-117.1155	65.8813	0.1011626	0.1361631	0.4704118	0.41467	0.58533	0.9037689
5718	-53.78315	-118.8598	65.0767	0.194291	0.3274848	0.4704118	0.359103	0.640897	1.080699
5724	-56.88576	-119.297	62.41128	0.4930313	0.6243349	3.448043	0.81201	0.18799	0.7969627
5730	-53.00775	-116.1848	63.17706	0.02449673	0.5119705	3.448043	0.753902	0.246098	0.5177089
5736	-51.94743	-115.4154	63.46794	0.03057606	0.5119705	1.965464	0.620602	0.379398	1.08954
5742	-53.32056	-116.5956	63.27505	0.07737518	0.6960145	1.774017	0.78705	0.21295	1.086836
5748	-52.54248	-116.2569	63.7144	0.179572	0.6960145	0.4530393	0.7927	0.2073	1.705115
5754	-53.4339	-117.8699	64.43602	0.2761666	1.071263	0.3840136	0.651622	0.348378	0.7259048
5760	-56.4456	-120.9582	64.51261	0.8594033	0.4751936	0.3840136	0.823571	0.176429	0.8427533
5766	-63.91533	-127.0227	63.1074	1.415706	2.520131	0.1247343	0.777266	0.222734	0.5447295
5772	-58.82868	-123.6595	64.8308	0.4995544	0.5072152	0.2376517	0.839777	0.160223	1.168167
5778	-62.20524	-125.8536	63.64831	1.132738	0.7293965	0.6025139	0.545824	0.454176	0.5904893
5784	-73.55105	-135.8923	62.34121	0.0802708	8.702095	0.176977	0.903988	0.0960117	0.8915406
5790	-61.05965	-124.6628	63.6031	0.002404613	0.6931372	1.156409	0.619294	0.380706	1.275326
5796	-52.68274	-117.821	65.13827	0.02776683	0.6931372	0.2944336	0.741028	0.258972	0.927988
5802	-51.67267	-116.5732	64.90053	0.04638918	0.6931372	0.264018	0.79758	0.20242	1.205452
5808	-66.99465	-129.9377	62.94308	0.139389	2.660335	0.6384135	0.862044	0.137956	0.9530462
5814	-57.86767	-122.3539	64.48623	0.5155282	0.428971	0.556092	0.65314	0.34686	1.009982
5820	-60.48774	-124.2409	63.75315	1.467503	0.428971	0.5624676	0.691598	0.308402	0.3182774
5826	-68.8721	-132.0634	63.1913	0.9074854	1.379605	0.5624676	0.705785	0.294215	0.7844789
5832	-57.67949	-121.4657	63.78619	0.529246	1.379605	0.4323173	0.786368	0.213632	0.7844789
5838	-60.71879	-124.6866	63.9678	0.9565916	0.7499415	0.4323173	0.789506	0.210494	0.7888631
5844	-67.52529	-131.7316	64.20631	0.6513294	0.5212971	0.7793189	0.789506	0.210494	0.4868913
5850	-67.7649	-132.2064	64.44148	0.3202566	0.5434068	0.464968	0.568901	0.431099	1.189386
5856	-63.82692	-127.8029	63.97601	1.030037	0.5434068	0.4967997	0.710206	0.289794	0.9017677
5862	-63.55373	-127.6152	64.06148	0.9701639	0.5434068	0.4967997	0.561777	0.438223	0.8724327
5868	-62.42015	-125.6604	63.24024	0.6098994	0.888336	0.3284438	0.848481	0.151519	1.747022
5874	-60.63982	-126.1834	65.54354	0.8115442	0.1521754	0.1198835	0.323859	0.676141	1.313674
5880	-57.93607	-123.1938	65.25777	0.7874637	0.1948382	0.2839857	0.64796	0.35204	1.027521
5886	-64.50135	-129.9413	65.43995	0.8443897	0.1948382	0.3246434	0.452204	0.547796	0.4713859
5892	-63.68954	-129.3191	65.62956	0.8443897	0.1587154	0.2813328	0.609116	0.390884	0.3900952
5898	-62.9162	-126.7593	63.84308	0.7458209	0.7036679	0.6160874	0.767633	0.232367	0.9089128
5904	-48.42696	-110.6118	62.18481	2.349262	0.516495	0.3044509	0.644079	0.355921	0.07029132
5910	-57.57568	-122.5009	64.9252	0.9141557	0.2708919	0.4133833	0.47805	0.52195	0.3492333
5916	-59.38253	-123.6822	64.29966	0.7060551	0.5585685	0.495664	0.592387	0.407613	0.8775581
5922	-63.94196	-126.9808	63.03886	1.306948	0.6342365	0.80556	0.795172	0.204828	0.2014328
5928	-64.78295	-128.0424	63.25948	1.306948	0.2569976	1.282886	0.604183	0.395817	0.1978903
5934	-64.5373	-128.229	63.69168	1.124604	0.2793986	1.282886	0.499251	0.500749	0.4139511
5940	-60.58563	-124.3249	63.73927	1.456083	0.2793986	0.7003667	0.750212	0.249788	0.2307162
5946	-62.12035	-124.7887	62.66832	0.9379509	0.8094719	1.775477	0.652364	0.347636	0.4669029
5952	-63.68139	-127.4642	63.7828	0.7583433	0.2292432	1.775477	0.403449	0.596551	0.6997696
5958	-64.18542	-128.9113	64.72587	0.4796254	0.6813608	0.3377879	0.869272	0.130728	0.7808088
5964	-65.50474	-129.5633	64.05852	0.6691435	1.011994	0.3682626	0.495573	0.504427	0.8293358
5970	-61.81826	-126.0478	64.2295	0.3986564	0.8291384	0.3682626	0.70146	0.29854	1.132192
5976	-59.198	-123.3981	64.20005	0.06934332	0.8291384	0.9027103	0.489232	0.510768	0.6389094
5982	-73.84369	-134.9013	61.05762	1.119341	2.610623	1.92081	0.733469	0.266531	0.3457672
5988	-64.61124	-127.3307	62.71947	0.7636646	2.610623	0.5175604	0.823548	0.176452	0.701905
5994	-63.57324	-125.6848	62.1116	0.5607129	3.366818	0.8964787	0.939315	0.0606849	0.6852507
6000	-61.0949	-124.0209	62.92602	0.3647349	2.130111	0.8964787	0.761433	0.238567	0.5633888
6006	-72.22877	-132.9873	60.75851	1.207002	0.8472796	6.090505	0.621467	0.378533	0.4951592
6012	-72.7187	-134.6057	61.88695	1.409377	1.047857	1.851145	0.499107	0.500893	0.4280147
6018	-68.83611	-133.6158	64.77971	0.3808199	0.5570695	0.4551454	0.499107	0.500893	0.7717832
6024	-59.86178	-123.2208	63.35906	0.7550094	0.8024903	0.8689471	0.678189	0.321811	0.9476901
6030	-61.0452	-124.9177	63.87253	0.4047191	0.8024903	0.8689471	0.400959	0.599041	0.7473475
6036	-62.08861	-126.7385	64.64994	0.2715066	0.4082787	0.8689471	0.658832	0.341168	0.6329046
6042	-57.88666	-122.5136	64.62693	0.3463612	0.4082787	0.7716403	0.477792	0.522208	0.7447731
6048	-56.58334	-120.9765	64.39321	0.9392879	0.4082787	0.5450642	0.709868	0.290132	0.3689433
6054	-62.11789	-126.1519	64.03397	1.065673	0.3654206	0.7800681	0.694254	0.305746	0.653114
6060	-52.27334	-117.0709	64.79757	0.4822016	0.3369148	0.7131006	0.676312	0.323688	0.5329686
6066	-48.26017	-113.4065	65.14632	0.4593034	0.3052203	0.3970606	0.568997	0.431003	0.9307545
6072	-55.6719	-121.6604	65.98854	0.4664693	0.3052203	0.09035173	0.427438	0.572562	0.9470229
6078	-54.75985	-119.0887	64.32883	1.383043	0.2558275	0.4161891	0.514732	0.485268	0.238307
6084	-54.02079	-118.8185	64.79769	1.080359	0.2558275	0.3261838	0.800735	0.199265	0.2309348
6090	-55.21513	-121.318	66.10284	0.3600449	0.1363643	0.3261838	0.252984	0.747016	0.5909285
6096	-55.04475	-121.4262	66.38144	0.1657409	0.107577	0.3261838	0.269291	0.730709	0.3680971
6102	-54.65343	-120.7693	66.11583	0.4709256	0.107577	0.3261838	0.319681	0.680319	0.4630006
6108	-53.3298	-119.4326	66.10277	0.4746881	0.1750565	0.2096935	0.217449	0.782551	0.6950241
6114	-50.36571	-116.7139	66.3482	0.6849332	0.1305413	0.1201001	0.338501	0.661499	0.6950241
6120	-52.97164	-118.9824	66.0108	0.4733214	0.1902821	0.1201001	0.337823	0.662177	1.095791
6126	-53.80936	-118.9606	65.15119	1.237051	0.3133173	0.1212382	0.618062	0.381938	0.8573482
6132	-74.69382	-136.7063	62.01246	1.714749	0.4947869	2.323558	0.478453	0.521547	0.5177882
6138	-62.55045	-126.9268	64.37632	1.089409	0.5094012	0.3894433	0.417515	0.582485	0.5308505
6144	-56.91448	-122.7555	65.84104	0.6069764	0.1527778	0.1398153	0.280412	0.719588	1.171141
6150	-53.80626	-118.7579	64.95161	1.280827	0.4348363	0.1398153	0.423126	0.576874	0.5925574
6156	-54.32457	-117.8232	63.49859	1.270849	0.7511901	0.5049077	0.538734	0.461266	0.2740086
6162	-54.52447	-117.1482	62.62371	1.396537	1.055915	0.713146	0.736393	0.263607	0.2177351
6168	-56.45613	-120.1614	63.70529	1.501427	0.6919102	0.2395079	0.599563	0.400437	0.1934402
6174	-62.80931	-125.902	63.09266	1.501427	0.9126194	0.5220838	0.810248	0.189752	0.2995178
6180	-55.79132	-116.8811	61.08975	1.935378	2.30872	0.4196379	0.867818	0.132182	0.09593357
6186	-59.78207	-120.8923	61.11024	1.647058	2.30872	0.669848	0.887176	0.112824	0.1124249
6192	-55.51335	-119.3878	63.8745	1.205036	0.6038731	0.3650856	0.751716	0.248284	0.2084512
6198	-53.45258	-116.2918	62.83924	1.681994	0.6038731	0.5229875	0.806788	0.193212	0.1376729
6204	-51.01158	-112.9973	61.98573	2.088792	0.6038731	0.4182844	0.743303	0.256697	0.06334209
6210	-53.43575	-116.1918	62.75602	1.86582	0.2815928	0.8027781	0.371222	0.628778	0.1185494
6216	-48.60044	-113.6942	65.09378	1.398688	0.2498963	0.1815378	0.344874	0.655126	0.4202228
6222	-55.07249	-119.7254	64.65289	0.8678474	0.3910817	0.4756454	0.449475	0.550525	0.5032774
6228	-59.2356	-123.9237	64.68814	0.2899018	0.3910817	0.2914061	0.888664	0.111336	1.507686
6234	-60.93398	-125.2441	64.31012	0.4030814	0.3920347	0.416481	0.571821	0.428179	1.507686
6240	-73.96594	-134.7908	60.8249	1.387575	1.693486	2.55405	0.848958	0.151042	0.2483355
6246	-68.5567	-129.3809	60.82423	1.981778	1.693486	0.7564928	0.792082	0.207918	0.08729767
6252	-64.21073	-126.4609	62.25013	1.624591	1.147262	0.7564928	0.792082	0.207918	0.2154011
6258	-55.83131	-117.1682	61.33685	1.624591	1.774716	0.7848227	0.834013	0.165987	0.1184863
6264	-63.05742	-125.2504	62.19299	1.624591	0.8764884	0.7848227	0.904533	0.0954669	0.1376735
6270	-56.95825	-120.1795	63.22121	1.624591	1.058632	0.2149676	0.869029	0.130971	0.1872324
6276	-55.17452	-118.0351	62.86053	1.438533	1.058632	0.5058383	0.814521	0.185479	0.210886
6282	-63.43176	-127.5505	64.11878	1.119387	0.8384291	0.2410825	0.684533	0.315467	0.2920005
6288	-55.36718	-119.2118	63.84459	1.739128	0.5690902	0.2410825	0.84528	0.15472	0.287796
6294	-66.47081	-131.9635	65.49267	0.775678	0.4331158	0.1278357	0.609007	0.390993	0.6253922
6300	-66.56633	-130.6227	64.05639	0.2124836	0.4333044	0.9828923	0.863664	0.136336	1.192038
6306	-57.74434	-121.654	63.90963	1.072635	0.774588	0.4505708	0.62344	0.37656	0.4799495
6312	-66.49089	-129.7145	63.22358	1.15165	0.4679561	1.370604	0.587869	0.412131	0.4659798
6318	-60.21701	-126.0448	65.82778	1.15165	0.1925255	0.05241297	0.143266	0.856734	0.8959898
6324	-60.91089	-125.8594	64.94854	0.59075	0.6311617	0.2492345	0.444975	0.555025	0.6947239
6330	-56.59029	-122.3881	65.79779	0.06639763	0.4279957	0.2492345	0.392458	0.607542	0.6947239
6336	-60.16996	-124.6332	64.46329	0.2412128	0.4279957	0.46637	0.773099	0.226901	1.393629
6342	-54.26392	-119.1427	64.87875	0.3130577	0.581836	0.3081246	0.576586	0.423414	1.027907
6348	-56.97757	-122.7743	65.79672	0.1336221	0.5053045	0.1364758	0.720046	0.279954	0.8950699
6354	-45.69767	-112.4063	66.70862	0.2270242	0.1417715	0.1364758	0.431284	0.568716	0.6840693
6360	-68.56537	-133.5755	65.01011	1.248925	0.2051487	0.3188675	0.477569	0.522431	0.4356617
6366	-68.45732	-132.6716	64.21427	1.489771	0.1890179	0.5944345	0.594266	0.405734	0.2937851
6372	-72.5169	-136.7501	64.23322	1.984714	0.2533404	0.2654937	0.494309	0.505691	0.3662366
6378	-67.76447	-132.6788	64.91437	1.984714	0.1167005	0.1877966	0.267478	0.732522	0.4234716
6384	-63.3837	-128.5285	65.14482	1.394053	0.1167005	0.2628276	0.451782	0.548218	0.2657505
6390	-59.69473	-125.3695	65.67474	0.9884468	0.08673937	0.3311087	0.499509	0.500491	0.552394
6396	-54.43754	-120.3998	65.96225	0.9884468	0.07805399	0.229525	0.231225	0.768775	0.5550518
6402	-55.08724	-121.7924	66.70517	0.1835291	0.09178103	0.229525	0.281152	0.718848	0.5550518
6408	-51.95849	-118.9302	66.97168	0.03262824	0.06057146	0.229525	0.132561	0.867439	0.6461867
6414	-57.35985	-124.2078	66.84799	0.1866683	0.06057146	0.229525	0.551627	0.448373	0.5545173
6420	-57.07687	-124.2371	67.16019	0.2113507	0.06057146	0.1037107	0.148942	0.851058	0.7460207
6426	-61.64377	-127.7101	66.06629	1.47859	0.06057146	0.08099912	0.156549	0.843451	0.4108982
6432	-57.49702	-122.9893	65.49226	1.558347	0.04023101	0.1177937	0.155964	0.844036	0.1605654
6438	-50.99552	-116.7795	65.78393	1.530281	0.04023101	0.06218924	0.155964	0.844036	0.1647597
6444	-51.38945	-116.5232	65.1338	1.333003	0.09576428	0.2189836	0.155964	0.844036	0.1647597
6450	-51.39304	-117.0217	65.62864	0.6908121	0.1734242	0.275634	0.406559	0.593441	0.2749002
6456	-54.25122	-119.7053	65.4541	0.8166938	0.1734242	0.2958737	0.36867	0.63133	0.2749002
6462	-62.84272	-126.6966	63.85391	0.9654546	1.339535	0.2583617	0.798182	0.201818	0.40633
6468	-67.55338	-129.4477	61.89428	1.381001	4.649333	0.2583617	0.744245	0.255755	0.6448167
6474	-56.31007	-120.6969	64.38686	1.025234	1.205313	0.1127874	0.733403	0.266597	0.4704205
6480	-54.33186	-118.743	64.4111	0.3491857	0.851481	0.5132655	0.796786	0.203214	0.3932614
6486	-54.13329	-118.4744	64.3411	0.3099607	0.5984431	0.5132655	0.796786	0.203214	1.142657
6492	-56.3174	-120.5953	64.27792	0.1595044	1.307102	0.462748	0.796786	0.203214	0.5095443
6498	-57.26916	-120.1555	62.88638	0.2795412	2.460908	0.5239138	0.796786	0.203214	1.129796
6504	-62.19971	-123.9142	61.71446	0.1902328	2.460908	2.57585	0.735704	0.264296	0.6815911
6510	-55.09663	-119.4737	64.37703	0.2315574	0.5576658	0.9472148	0.735704	0.264296	0.5499442
6516	-55.01428	-118.5521	63.53781	0.2256221	0.5576658	1.679144	0.732618	0.267382	0.9350516
6522	-53.77256	-117.6171	63.84455	0.3329712	0.5576658	1.120141	0.486715	0.513285	0.959106
6528	-57.13994	-120.9062	63.76623	0.4918503	0.8513711	0.7502938	0.689629	0.310371	0.8799002
6534	-58.11327	-121.3598	63.24656	0.04929489	2.089052	0.7502938	0.7964	0.2036	0.8799002
6540	-53.35203	-117.0123	63.66026	0.5964311	0.5470222	1.35694	0.751337	0.248663	0.4672466
6546	-60.32992	-124.382	64.05209	0.1932385	0.5470222	0.9427047	0.792378	0.207622	1.079215
6552	-58.35213	-121.651	63.29892	0.02867636	1.653201	0.9427047	0.897781	0.102219	0.9027986
6558	-55.62028	-118.0657	62.44545	0.3634371	2.971413	0.9427047	0.90852	0.0914795	0.6336862
6564	-51.80627	-116.8787	65.07243	0.2739326	0.1458725	1.111815	0.599996	0.400004	0.3943148
6570	-55.85589	-121.244	65.38815	0.6621763	0.1448827	0.3238021	0.502962	0.497038	0.1744878
6576	-53.89546	-119.487	65.59157	0.1825791	0.1904052	0.6224569	0.483744	0.516256	0.4535341
6582	-51.92425	-117.1342	65.20997	0.3812187	0.3636948	0.4221932	0.707502	0.292498	0.727129
6588	-57.13621	-120.6664	63.53016	0.4687301	1.747265	0.4221932	0.781502	0.218498	0.8763179
6594	-59.07075	-122.4622	63.39149	0.7258821	1.747265	0.4221932	0.635778	0.364222	0.7161749
6600	-56.46453	-120.6093	64.1448	0.9647159	0.9653744	0.2737755	0.886709	0.113291	0.6309542
6606	-58.89808	-122.42	63.52188	1.435835	0.9653744	0.2682866	0.688255	0.311745	0.2492146
6612	-54.26197	-118.1186	63.85666	0.7079818	0.9653744	0.5773482	0.876817	0.123183	0.4942493
6618	-62.14063	-127.2143	65.07364	0.4436209	0.766765	0.1632494	0.375078	0.624922	0.8377313
6624	-63.29819	-126.7802	63.48205	0.3640136	0.8765085	0.7416783	0.692835	0.307165	1.254639
6630	-62.84973	-126.1532	63.3035	1.08264	0.8518504	0.7984161	0.674568	0.325432	0.5651616
6636	-66.22331	-129.7634	63.54009	0.7766299	0.8518504	0.6337126	0.665893	0.334107	0.9815715
6642	-56.64009	-120.4963	63.85616	0.2953633	0.683223	1.086457	0.832898	0.167102	0.820287
6648	-58.06527	-121.7785	63.71322	0.461774	1.328035	0.4171031	0.682428	0.317572	1.021056
6654	-60.08101	-124.3443	64.26325	0.1604418	0.7138122	0.4171031	0.709493	0.290507	1.34154
6660	-54.53865	-118.7471	64.20845	0.2111578	0.7138122	0.8073963	0.812542	0.187458	0.7994407
6666	-54.80112	-119.4369	64.63577	0.2338515	0.5291526	0.4726348	0.694968	0.305032	1.10178
6672	-53.99425	-117.481	63.48675	0.5336452	0.7889628	0.8266636	0.688478	0.311522	1.10178
6678	-55.73274	-119.4988	63.76602	0.08953519	1.438231	0.4657312	0.760302	0.239698	1.155849
6684	-51.65777	-117.413	65.7552	0.06640997	0.393067	0.2432452	0.706074	0.293926	0.8687784
6690	-50.87048	-115.118	64.24748	0.12785	1.09754	0.3360061	0.814501	0.185499	1.170567
6696	-63.74099	-126.0299	62.28896	0.9927929	1.984952	0.9866942	0.807273	0.192727	0.450225
6702	-68.00118	-130.798	62.79684	0.2598924	1.596177	0.481686	0.823866	0.176134	1.667215
6708	-68.34438	-133.5468	65.20239	0.528429	0.3052826	0.2133171	0.46651	0.53349	1.216918
6714	-61.54771	-126.1497	64.60203	0.4509041	0.4016071	0.1713394	0.709208	0.290792	1.680282
6720	-53.45792	-117.4832	64.02531	1.221286	0.6187546	0.4100347	0.644128	0.355872	0.5911705
6726	-53.26871	-117.8048	64.5361	1.076176	0.3443207	0.4690412	0.631659	0.368341	0.4176407
6732	-56.45189	-120.5282	64.07633	0.9590078	0.703895	0.4690412	0.748638	0.251362	0.5450901
6738	-64.29669	-128.2634	63.96669	1.172096	0.8451631	0.3295253	0.605543	0.394457	0.4985974
6744	-65.32592	-129.4061	64.08022	1.111917	0.7614725	0.3295253	0.850979	0.149021	0.6657273
6750	-74.64017	-137.85	63.20985	0.5087297	0.5073392	2.299626	0.74383	0.25617	0.4774656
6756	-72.07808	-136.5278	64.44972	0.04612396	0.3902841	1.015016	0.816731	0.183269	1.030185
6762	-60.89749	-124.4472	63.54973	0.9691646	1.175959	0.2947096	0.783207	0.216793	1.060344
6768	-61.77533	-124.3742	62.59884	0.9381608	1.175959	1.343999	0.818045	0.181955	0.5705049
6774	-60.28262	-125.2816	64.99897	0.7974132	0.3991505	0.2661061	0.483518	0.516482	0.8124051
6780	-55.8459	-119.5204	63.67447	0.9494605	0.630997	0.8271391	0.617231	0.382769	0.4227225
6786	-57.34218	-121.4986	64.15643	0.04637036	0.720462	1.134105	0.631227	0.368773	0.5309733
6792	-53.45414	-118.7621	65.30793	0.02522282	0.3426575	0.4804425	0.724816	0.275184	0.9711225
6798	-63.13549	-128.4868	65.35133	0.07974727	0.2988064	0.4804425	0.452154	0.547846	0.9711225
6804	-56.1359	-121.5966	65.4607	0.2154659	0.3061997	0.4804425	0.32129	0.67871	0.4153795
6810	-60.92609	-124.7737	63.84759	1.238817	0.3061997	0.8832002	0.495396	0.504604	0.3435997
6816	-65.2709	-128.0546	62.78371	0.9191863	0.9244716	1.306019	0.639128	0.360872	0.2954514
6822	-55.93685	-118.6706	62.73377	1.07547	0.9244716	1.306019	0.788197	0.211803	0.4304749
6828	-55.41918	-119.153	63.73379	0.7483439	0.4004223	1.353031	0.788197	0.211803	0.3828632
6834	-60.29575	-123.4735	63.17774	0.412314	1.846311	0.5928348	0.827548	0.172452	0.9482211
6840	-58.66927	-122.112	63.44278	0.2144254	0.591667	1.626045	0.874256	0.125744	1.028276
6846	-55.45693	-119.001	63.54403	0.3164826	0.591667	1.787226	0.541199	0.458801	0.6205433
6852	-54.57554	-119.0468	64.47123	1.052663	0.5249123	0.345184	0.803533	0.196467	0.5700992
6858	-59.55163	-122.3735	62.82187	1.145391	0.6814726	1.351545	0.689605	0.310395	0.3057795
6864	-60.31471	-125.369	65.05433	0.2394776	0.1595838	1.120752	0.565878	0.434122	0.6144936
6870	-59.92564	-124.9564	65.03076	1.265978	0.1551611	0.3711606	0.472287	0.527713	0.408902
6876	-61.92083	-126.1878	64.26694	1.265978	0.4837711	0.3711606	0.740407	0.259593	0.421795
6882	-59.05976	-123.207	64.14726	0.07114737	0.4837711	1.006391	0.669702	0.330298	1.137912
6888	-58.43398	-121.1292	62.69519	0.4064443	1.997559	1.006391	0.908781	0.091219	0.8363389
6894	-59.76287	-123.2443	63.48141	0.1973454	0.4029187	2.596224	0.786815	0.213185	0.7229559
6900	-56.43363	-120.0778	63.6442	0.6635496	0.4029187	1.620997	0.542339	0.457661	0.4575929
6906	-55.33435	-119.4708	64.13646	0.2366192	0.3128234	1.620997	0.672646	0.327354	0.7947082
6912	-60.48682	-122.7489	62.26205	0.9140791	2.078602	0.9197683	0.852743	0.147257	0.7947082
6918	-67.27622	-130.6052	63.32893	0.9140791	1.228296	0.6216698	0.848858	0.151142	0.5786547
6924	-62.962	-127.472	64.50996	1.331721	0.4483059	0.2458149	0.842041	0.157959	0.3516836
6930	-58.3516	-123.068	64.71637	1.130578	0.4483059	0.2458149	0.651493	0.348507	0.3581219
6936	-58.85065	-121.2859	62.43528	2.047062	1.400301	0.2176836	0.799215	0.200785	0.1699633
6942	-57.05703	-120.6887	63.63167	1.755883	1.132791	0.1355843	0.84796	0.15204	0.4626452
6948	-53.90779	-119.1177	65.20996	1.097403	0.279722	0.1862849	0.71979	0.28021	0.3011938
6954	-56.3455	-120.5245	64.17896	1.781649	0.2997934	0.2096193	0.589742	0.410258	0.1929773
6960	-57.19479	-121.164	63.96921	0.7641449	0.1739324	1.677393	0.610418	0.389582	0.3078656
6966	-56.27097	-120.5231	64.25209	0.7830947	0.3823855	0.8339517	0.30498	0.69502	0.5573866
6972	-54.86538	-119.1305	64.26514	0.7925058	0.3560457	0.8339517	0.485232	0.514768	0.3756694
6978	-60.31063	-125.0974	64.78673	0.7709414	0.5384134	0.3236665	0.500911	0.499089	0.5169525
6984	-63.63407	-127.7273	64.0932	0.8316427	0.4854972	0.7727505	0.656357	0.343643	0.4999014
6990	-55.9373	-119.2532	63.31592	1.104899	0.8211708	0.6133441	0.729869	0.270131	0.2250632
6996	-57.13017	-120.4628	63.33261	1.501536	0.7399855	0.3285516	0.679137	0.320863	0.1666827
7002	-55.39777	-118.3643	62.96654	1.718986	0.7399855	0.3980241	0.644879	0.355121	0.1652959
7008	-52.54412	-116.8961	64.35199	0.7426821	1.060745	0.1915627	0.918023	0.0819772	0.8569579
7014	-54.15863	-118.4699	64.31125	0.3523044	1.060745	0.1597483	0.862243	0.137757	1.351559
7020	-58.52037	-121.8521	63.3317	0.6675293	1.87106	0.1597483	0.801876	0.198124	1.389476
7026	-62.06656	-125.5237	63.45713	0.1464135	1.87106	0.2440938	0.80762	0.19238	1.499369
7032	-59.6188	-121.9202	62.30137	0.8472892	1.231515	1.76303	0.613452	0.386548	0.3600286
7038	-64.36841	-127.3925	63.02409	0.8333807	1.210277	0.9112487	0.771929	0.228071	0.6883669
7044	-68.85111	-132.4655	63.61436	0.8333807	0.7021213	0.9112487	0.741719	0.258281	0.4907309
7050	-61.99034	-124.7041	62.71378	0.8333807	0.7480003	1.985274	0.575909	0.424091	0.5575
7056	-64.51892	-128.0458	63.52688	1.220242	0.7480003	0.6201409	0.657038	0.342962	0.499246
7062	-61.22083	-124.1117	62.89087	0.5023388	0.7480003	2.271621	0.630743	0.369257	0.499246
7068	-59.71844	-122.9098	63.19134	0.1993233	0.7480003	2.271621	0.754054	0.245946	0.5365082
7074	-67.61867	-130.3989	62.78026	0.2466497	0.5224361	3.864077	0.758298	0.241702	0.5640951
7080	-55.04911	-119.3085	64.25935	0.3781594	1.163414	0.3400456	0.746963	0.253037	0.8379293
7086	-52.33682	-114.6522	62.31534	0.7967005	3.349827	0.5926015	0.886088	0.113912	0.54247
7092	-52.47484	-115.7671	63.29229	0.1551339	1.075502	1.542531	0.81843	0.18157	0.6555969
7098	-52.93151	-117.5423	64.61076	0.6668714	0.2666684	0.8516469	0.452214	0.547786	0.4765089
7104	-56.75703	-121.4558	64.69878	0.6065616	0.4090251	0.5896689	0.452214	0.547786	0.5068336
7110	-60.61351	-123.824	63.21045	0.3949704	1.218772	1.220489	0.701027	0.298973	0.4486425
7116	-62.41174	-125.8187	63.40694	0.3605055	1.218772	1.021776	0.671366	0.328634	0.6234798
7122	-58.5846	-123.646	65.06137	0.8961028	0.2403822	0.4154187	0.316342	0.683658	0.4207222
7128	-56.72389	-122.8852	66.16132	0.8356297	0.2240613	0.07181691	0.400677	0.599323	0.5452168
7134	-51.71628	-117.5626	65.84631	0.7788522	0.2260009	0.162721	0.537542	0.462458	0.5625469
7140	-51.48026	-115.5819	64.10166	1.194522	0.2260009	0.7883082	0.539798	0.460202	0.2658428
7146	-50.61735	-115.0825	64.46516	1.194522	0.5764614	0.08084101	0.524446	0.475554	1.259986
7152	-52.14268	-116.1449	64.00218	0.7707732	0.7628818	0.3398742	0.68116	0.31884	1.125996
7158	-58.17606	-120.379	62.20289	0.5065486	6.069291	0.3398742	0.930367	0.0696328	0.6385192
7164	-59.80712	-123.2054	63.39828	0.6362108	1.91979	0.3398742	0.919446	0.080554	0.8994823
7170	-63.19638	-126.7826	63.58619	0.6343016	0.7884934	0.8731746	0.759664	0.240336	0.8402921
7176	-71.76238	-132.6155	60.85308	0.2065031	10.84051	0.7347979	0.924058	0.0759421	0.8402921
7182	-56.88037	-119.9772	63.09683	0.9147503	1.107326	0.8855459	0.835095	0.164905	0.4004532
7188	-52.53216	-117.0514	64.51925	0.3699743	0.7100229	0.4464912	0.78494	0.21506	0.8647595
7194	-56.25175	-119.8175	63.56574	0.7750461	0.7100229	1.001687	0.78494	0.21506	0.5421615
7200	-46.26488	-109.9138	63.64892	0.1366849	1.525619	0.7115236	0.751178	0.248822	0.7775945
7206	-46.0457	-111.4465	65.40081	0.1600237	0.4561101	0.3330326	0.734264	0.265736	0.7775945
7212	-52.57271	-117.8224	65.2497	0.6468051	0.4561101	0.1921636	0.586799	0.413201	0.811678
7218	-56.41654	-121.2903	64.87371	0.4032963	0.4561101	0.3512335	0.627887	0.372113	1.050396
7224	-50.07598	-115.4905	65.41454	0.7224514	0.2716084	0.266483	0.693336	0.306664	0.7209248
7230	-48.31034	-114.9775	66.6672	0.1853031	0.1693297	0.1416107	0.69985	0.30015	0.6184459
7236	-50.30729	-115.8584	65.55107	0.6464579	0.135189	0.1416107	0.466219	0.533781	1.42149
7242	-49.25109	-113.2976	64.04647	0.8776052	0.6246948	0.6084031	0.710005	0.289995	0.5386036
7248	-48.94336	-112.8086	63.86525	0.5176357	0.4360146	1.265289	0.52661	0.47339	0.8090943
7254	-49.09162	-114.1817	65.09007	0.4001009	0.4562514	0.3822617	0.562244	0.437756	0.7301543
7260	-55.37966	-120.0792	64.69952	0.8306415	0.3825484	0.4785675	0.562244	0.437756	0.5356408
7266	-56.40878	-120.8405	64.43167	0.2313562	0.4286941	0.884628	0.646772	0.353228	0.9230811
7272	-50.76478	-115.2617	64.4969	0.8745243	0.4286941	0.51695	0.646772	0.353228	0.5714523
7278	-53.64757	-118.2652	64.61759	0.4010789	0.4286941	0.4700251	0.646772	0.353228	1.126218
7284	-60.27859	-124.0389	63.76034	0.02261526	0.6649509	1.743718	0.838788	0.161212	0.6269639
7290	-61.01973	-127.4756	66.45585	0.8129316	0.06456495	0.147897	0.379575	0.620425	0.4495477
7296	-66.43611	-131.1473	64.7112	1.952748	0.2328823	0.147897	0.657381	0.342619	0.4842656
7302	-56.26545	-120.6182	64.35273	1.45201	0.4797478	0.2459731	0.576623	0.423377	0.3760281
7308	-61.12091	-123.8569	62.73603	1.929784	0.5404162	0.6166873	0.630956	0.369044	0.1820356
7314	-60.63441	-123.3241	62.68971	0.7001275	0.8774828	2.002368	0.771912	0.228088	0.533688
7320	-58.85068	-123.1509	64.30027	0.05101206	0.8774828	0.6003502	0.647844	0.352156	0.9655566
7326	-59.79263	-123.8701	64.07745	0.70845	0.7020438	0.6003502	0.647844	0.352156	0.6712193
7332	-61.72369	-126.3481	64.62446	0.3799348	0.5655527	0.6050686	0.402764	0.597236	0.5878947
7338	-53.39248	-117.8843	64.49181	0.5202092	0.4656899	0.6050686	0.698533	0.301467	0.8484595
7344	-55.35488	-120.6158	65.26094	0.5492959	0.48777	0.2211013	0.787402	0.212598	0.3204936
7350	-51.43636	-117.4093	65.97291	0.8327533	0.1577508	0.06580496	0.456261	0.543739	1.115316
7356	-53.78822	-119.6659	65.87767	1.3937	0.1467694	0.06442356	0.662878	0.337122	0.5640174
7362	-53.3004	-118.8529	65.55252	1.204284	0.1467694	0.1396217	0.160646	0.839354	0.2446182
7368	-56.25235	-121.4635	65.21114	1.56733	0.1390634	0.1918763	0.460425	0.539575	0.3773888
7374	-58.3323	-123.9637	65.6314	1.423232	0.1060818	0.136274	0.264711	0.735289	0.331181
7380	-64.08923	-128.2837	64.19447	1.471519	0.369737	0.4168242	0.5973	0.4027	0.4645605
7386	-62.23685	-127.0803	64.8435	0.306095	0.2501896	0.8784795	0.7803	0.2197	0.8150787
7392	-56.68865	-120.2723	63.58362	0.4054062	0.5517195	1.647519	0.833109	0.166891	0.6734328
7398	-54.34969	-119.5862	65.23654	0.3141352	0.4022981	0.3881104	0.398495	0.601505	0.7707968
7404	-57.73428	-122.5829	64.84858	0.9392682	0.4022981	0.316245	0.505321	0.494679	0.6141879
7410	-50.46201	-115.6595	65.1975	1.456842	0.2948454	0.1060958	0.626672	0.373328	0.5844988
7416	-57.14291	-121.8499	64.70703	1.214268	0.2948454	0.2532157	0.389217	0.610783	0.2167782
7422	-62.48855	-127.9441	65.45553	0.6459133	0.2283866	0.2532157	0.363031	0.636969	0.9502841
7428	-64.41271	-129.6168	65.20406	1.25006	0.2283866	0.2078083	0.526156	0.473844	0.3862508
7434	-71.5341	-134.0923	62.5582	1.113312	1.299186	0.8864044	0.713712	0.286288	0.2490852
7440	-60.14066	-122.9056	62.76491	1.092297	1.299186	0.8864044	0.846908	0.153092	0.4349069
7446	-57.96726	-121.9452	63.97794	0.2551007	1.299186	0.4193139	0.674554	0.325446	0.9823988
7452	-61.04031	-125.3196	64.27931	0.2174502	0.742453	0.4544937	0.815156	0.184844	1.195101
7458	-59.80524	-124.068	64.26273	0.2424849	0.2987414	1.640102	0.530937	0.469063	0.5856339
7464	-57.77931	-122.9721	65.19282	0.3748333	0.2987414	0.5639124	0.531413	0.468587	0.5656556
7470	-62.2459	-124.1796	61.9337	0.6077683	1.238809	2.706777	0.818324	0.181676	0.809232
7476	-57.42919	-120.3446	62.91539	0.9516672	0.9378722	1.220322	0.726952	0.273048	0.4309004
7482	-59.67502	-124.3996	64.72455	0.09512689	0.3173498	1.193281	0.30594	0.69406	0.4798563
7488	-54.6549	-118.7232	64.0683	0.2117639	1.326226	0.4797458	0.714878	0.285122	0.7763851
7494	-59.19619	-122.7045	63.50834	0.1721029	1.448265	0.4270278	0.814652	0.185348	1.352966
7500	-50.62449	-115.5887	64.96417	0.2708295	0.4196319	0.3055587	0.355388	0.644612	1.236069
7506	-57.33825	-123.3027	65.96443	0.748872	0.1104974	0.1831574	0.245617	0.754383	0.9287178
7512	-56.92486	-121.469	64.54416	0.8077109	0.4813058	0.4314745	0.658615	0.341385	0.7319779
7518	-59.11943	-124.2916	65.17218	0.2770491	0.4813058	0.3064502	0.66606	0.33394	0.9317789
7524	-60.32014	-126.6835	66.36339	0.9152355	0.102393	0.04244692	0.406599	0.593401	0.9736375
7530	-63.74541	-128.4146	64.6692	1.355483	0.3214087	0.2656633	0.466252	0.533748	0.3322201
7536	-64.19616	-127.703	63.50687	1.77066	0.8183197	0.2656633	0.932641	0.0673586	0.3688998
7542	-57.37901	-121.2497	63.87072	1.634798	0.5921393	0.2656633	0.872069	0.127931	0.3020567
7548	-58.19932	-121.5269	63.32762	0.9744538	0.4200659	1.439863	0.872069	0.127931	0.3020567
7554	-57.14894	-121.817	64.66802	0.5889062	0.5904221	0.4331528	0.763783	0.236217	0.5361102
7560	-57.63894	-120.9437	63.30478	1.257612	0.4123304	1.027401	0.461347	0.538653	0.2389103
7566	-60.45941	-124.3271	63.86766	1.257612	0.4123304	0.6941853	0.461347	0.538653	0.389143
7572	-53.2477	-117.7966	64.54895	1.177703	0.4123304	0.3397511	0.765045	0.234955	0.5852698
7578	-50.87717	-115.8336	64.95648	0.63734	0.4123304	0.3397511	0.575279	0.424721	0.8207733
7584	-54.17569	-119.4131	65.23742	0.2517526	0.191453	0.3397511	0.45394	0.54606	1.403005
7590	-53.06783	-118.7259	65.65807	0.5126891	0.1704964	0.07645963	0.325633	0.674367	1.550938
7596	-55.60416	-121.1213	65.5171	0.7143059	0.2299402	0.2872333	0.495786	0.504214	0.6538295
7602	-56.32588	-121.7274	65.4015	0.8691468	0.2947402	0.2203497	0.482795	0.517205	0.570354
7608	-60.3215	-125.8846	65.56306	0.8845828	0.2286569	0.2203497	0.720336	0.279664	0.4869604
7614	-62.86206	-126.1901	63.32808	0.6778502	0.4230111	1.964241	0.37697	0.62303	0.6710344
7620	-60.88178	-127.2138	66.33198	0.2385021	0.1150094	0.3205016	0.314856	0.685144	0.5291583
7626	-63.035	-129.1822	66.14722	0.07930799	0.1150094	0.4352387	0.642127	0.357873	0.7794594
7632	-59.09539	-121.4887	62.39327	0.7712038	0.785347	2.55689	0.451538	0.548462	0.6527953
7638	-61.72198	-123.6246	61.90264	0.3165006	2.784866	1.477496	0.911321	0.0886793	0.9243122
7644	-57.49963	-121.3119	63.81227	0.3345712	0.8220567	0.8141995	0.68521	0.31479	0.9546956
7650	-56.32924	-119.9971	63.66785	0.5133116	1.330482	0.5204693	0.685157	0.314843	0.8142764
7656	-55.77229	-120.925	65.15269	0.3464882	0.2091599	0.4806941	0.574451	0.425549	1.128484
7662	-62.67298	-127.4389	64.7659	0.06988689	0.7034677	0.4673966	0.69182	0.30818	0.8938688
7668	-55.27006	-119.7558	64.48574	0.01811088	0.7034677	0.8523262	0.602083	0.397917	0.5617406
7674	-61.10255	-124.3235	63.22098	0.08513453	0.7192163	2.000097	0.360238	0.639762	0.9672797
7680	-52.02468	-116.7324	64.70771	0.6856038	0.2875805	0.7094939	0.430333	0.569667	0.5533067
7686	-55.18024	-120.0444	64.86421	0.7456404	0.207423	0.7094939	0.306462	0.693538	0.5136948
7692	-55.13392	-120.274	65.14004	0.5357407	0.1823769	0.7094939	0.453658	0.546342	0.5758152
7698	-53.95777	-118.983	65.02524	0.5357407	0.4191702	0.3605732	0.437966	0.562034	0.789258
7704	-56.55408	-120.81	64.25587	0.7310498	0.2486033	1.060119	0.415679	0.584321	0.789258
7710	-53.20491	-118.2101	65.00518	0.08598294	0.3234682	0.7568663	0.415679	0.584321	0.844874
7716	-62.40762	-127.3118	64.9042	1.181696	0.3234682	0.175889	0.543641	0.456359	0.9539843
7722	-61.12689	-126.834	65.7071	0.9683849	0.1780751	0.1638541	0.583185	0.416815	0.7517861
7728	-65.46295	-129.2735	63.81058	0.8116984	0.356098	0.9012428	0.514406	0.485594	1.087216
7734	-69.18904	-134.6196	65.43056	0.2872296	0.1371546	0.7985614	0.31111	0.68889	0.5820894
7740	-69.59558	-131.5963	62.00076	0.009547549	0.9308804	2.356073	0.630548	0.369452	1.667061
7746	-62.14256	-125.8383	63.69578	0.002475925	2.385402	0.3842164	0.901197	0.0988034	0.8839539
7752	-61.08822	-124.8809	63.79266	0.1223835	2.385402	0.2847294	0.901197	0.0988034	0.8839539
7758	-59.58105	-124.2914	64.71036	0.6923591	1.097024	0.132956	0.743183	0.256817	0.6337882
7764	-55.21746	-120.0037	64.78628	1.312295	0.4856704	0.132956	0.814114	0.185886	0.7359067
7770	-57.58825	-121.591	64.00271	0.8913237	0.8027325	0.4735806	0.799129	0.200871	0.5926443
7776	-59.47455	-124.288	64.81342	1.327983	0.2586031	0.3046943	0.425379	0.574621	0.4254953
7782	-59.57592	-123.1438	63.56791	1.327983	1.291136	0.2467955	0.64048	0.35952	0.4238379
7788	-58.15971	-123.1574	64.99768	1.293893	0.2489638	0.2467955	0.39404	0.60596	0.3877997
7794	-59.08731	-124.2475	65.16018	0.4500498	0.2489638	0.547398	0.483325	0.516675	0.7778549
7800	-51.05719	-115.5553	64.49812	1.209835	0.1255127	0.547398	0.316248	0.683752	0.1738171
7806	-56.64808	-121.1537	64.50563	1.209835	0.1255127	0.547398	0.205361	0.794639	0.1758372
7812	-62.26788	-126.4004	64.13252	0.0291674	0.2161287	2.528664	0.544096	0.455904	0.3466068
7818	-55.16998	-119.7448	64.57486	0.3896833	0.5438599	0.3041675	0.551427	0.448573	1.287621
7824	-64.47626	-130.0942	65.61789	0.4050737	0.2224145	0.1597978	0.681925	0.318075	1.287621
7830	-59.66554	-124.0115	64.34599	0.4050737	0.6213249	0.6169522	0.659857	0.340143	0.8487811
7836	-59.82797	-123.9045	64.0765	0.1114979	0.6213249	0.3207847	0.719027	0.280973	1.754051
7842	-61.84671	-126.2761	64.42943	0.01411566	0.9143244	0.5924914	0.879579	0.120421	0.8287986
7848	-59.2195	-123.4481	64.22859	0.5516132	0.6025564	0.5924914	0.67832	0.32168	0.8878427
7854	-60.93711	-125.5654	64.62827	0.7486547	0.3057427	0.6336859	0.511503	0.488497	0.7287514
7860	-52.39611	-117.2088	64.81273	0.4048542	0.3802102	0.6336859	0.728339	0.271661	0.7287514
7866	-54.75607	-118.3749	63.61881	1.246657	1.762078	0.1478815	0.888726	0.111274	0.5182039
7872	-53.60071	-118.9737	65.37296	0.8570633	0.3373236	0.175284	0.672527	0.327473	0.7422431
7878	-54.87477	-120.0714	65.19661	0.4924951	0.3963301	0.175284	0.453393	0.546607	1.187225
7884	-51.63038	-116.1955	64.56509	0.6368718	0.5875949	0.175284	0.640916	0.359084	1.324458
7890	-45.36432	-111.0907	65.72641	0.6699863	0.2759884	0.175284	0.57341	0.42659	0.7011338
7896	-47.67028	-113.3753	65.70503	0.2242519	0.2358504	0.4450986	0.60882	0.39118	0.4967238
7902	-55.77392	-120.8215	65.04756	0.02862871	0.2358504	1.124785	0.738298	0.261702	0.4462045
7908	-63.53152	-127.5495	64.01794	0.9785286	0.2450287	1.124785	0.696503	0.303497	0.6962408
7914	-64.37962	-130.0678	65.68822	0.07798599	0.2049517	0.597953	0.751228	0.248772	0.5459551
7920	-62.11625	-125.4276	63.31137	0.609752	0.8079597	1.335968	0.684984	0.315016	0.4549121
7926	-55.0969	-119.3957	64.29876	0.5073318	0.2867429	1.270653	0.548681	0.451319	0.6049497
7932	-59.06006	-123.4349	64.37482	0.08728659	0.581385	1.056483	0.627559	0.372441	0.5577002
7938	-64.94089	-127.1631	62.2222	0.3120815	1.949772	1.000861	0.687159	0.312841	1.391485
7944	-66.09835	-128.4485	62.35018	0.5375572	2.02643	1.000861	0.910851	0.0891485	1.052617
7950	-71.45057	-135.2103	63.7597	1.096221	1.300708	0.1551897	0.806475	0.193525	1.012839
7956	-67.07352	-131.3762	64.30263	0.508406	0.6358916	0.3473169	0.690851	0.309149	1.223241
7962	-51.4538	-115.9665	64.51265	0.5779935	0.4870485	0.5121001	0.640119	0.359881	0.8807581
7968	-56.52038	-120.589	64.06863	0.1046062	0.7268358	1.036605	0.708686	0.291314	0.7795872
7974	-56.81785	-120.9149	64.09704	0.06431296	0.7268358	1.171332	0.810079	0.189921	0.5301361
7980	-59.59743	-123.2766	63.67919	0.07200742	1.109836	1.171332	0.761417	0.238583	0.5012204
7986	-58.18344	-120.9382	62.75474	0.04948712	1.999592	1.171332	0.839392	0.160608	0.9926987
7992	-62.97601	-125.0854	62.10935	0.1414605	2.304862	1.807771	0.520891	0.479109	0.8965282
7998	-64.94198	-127.0329	62.09093	0.7797372	2.304862	1.084708	0.520891	0.479109	0.2779578
8004	-53.78934	-118.2931	64.50379	0.8005889	0.674513	0.27181	0.929902	0.0700977	0.8610781
8010	-72.84269	-133.6386	60.79588	0.7775082	5.111303	1.541802	0.840079	0.159921	0.6179508
8016	-62.31861	-125.2402	62.92161	0.6032936	2.474847	0.5049245	0.864233	0.135767	0.771518
8022	-63.39042	-125.6479	62.25751	1.324853	2.217435	0.5422052	0.860345	0.139655	0.2895868
8028	-58.53905	-122.5712	64.03216	1.39512	1.252229	0.0990769	0.80412	0.19588	0.5415866
8034	-61.25271	-124.4156	63.16289	0.9087463	2.7255	0.2244251	0.908879	0.0911211	0.3819653
8040	-64.0428	-126.8732	62.83037	0.5222039	2.7255	0.2735173	0.845045	0.154955	1.282842
8046	-65.98592	-130.2687	64.28279	0.4127289	0.9984091	0.2120007	0.616726	0.383274	1.242318
8052	-65.25376	-128.5671	63.31329	0.9992522	0.9984091	0.4210563	0.781573	0.218427	1.160099
8058	-63.69602	-125.4684	61.7724	1.062475	2.51574	1.163249	0.781573	0.218427	0.50809
8064	-56.78681	-120.4829	63.6961	0.873947	1.076081	0.434607	0.781573	0.218427	0.7871687
8070	-59.89683	-123.1009	63.20408	1.396736	0.7111975	0.7509934	0.730581	0.269419	0.6056843
8076	-53.13092	-116.6331	63.50223	0.4179738	1.139815	0.9630048	0.759588	0.240412	0.5350421
8082	-59.31708	-122.1135	62.79638	0.8704259	1.352293	0.9630048	0.558271	0.441729	0.7203405
8088	-63.57269	-127.483	63.91027	0.1010567	1.352293	0.7176272	0.89586	0.10414	0.4277735
8094	-56.88416	-120.8782	63.99408	0.9717687	0.6504648	0.5546341	0.727741	0.272259	0.4509296
8100	-60.97253	-124.7694	63.79684	0.7308231	0.6504648	0.4781252	0.625161	0.374839	1.236148
8106	-59.72645	-124.3565	64.6301	0.383418	0.6504648	0.5193612	0.667413	0.332587	0.584921
8112	-58.75407	-122.5772	63.82313	0.2700252	1.453567	0.5193612	0.637399	0.362601	0.806461
8118	-58.4116	-122.2666	63.85496	0.3724369	1.418338	0.4346892	0.874815	0.125185	0.8534874
8124	-53.01848	-118.1349	65.11637	0.8315388	0.2264683	0.4346892	0.361928	0.638072	0.6226778
8130	-55.87943	-121.461	65.58156	0.1329745	0.2479581	0.3674472	0.326124	0.673876	1.023671
8136	-52.51181	-117.8941	65.38226	0.669984	0.2479581	0.3507951	0.542313	0.457687	0.3915508
8142	-53.89936	-119.2838	65.3844	0.06065039	0.2479581	0.5751066	0.374474	0.625526	0.9299251
8148	-59.42292	-120.7851	61.36219	1.375282	1.704666	1.208661	0.782723	0.217277	0.1471137
8154	-62.35919	-123.7451	61.38587	1.375282	1.606201	1.840773	0.886476	0.113524	0.3098484
8160	-67.12382	-130.8391	63.71526	1.181709	1.499684	0.1454498	0.87766	0.12234	0.2685945
8166	-58.7991	-122.3741	63.57498	1.670144	0.9134012	0.2235554	0.599638	0.400362	0.3257052
8172	-72.78951	-137.1838	64.39432	0.8209884	0.3655095	0.6567072	0.562785	0.437215	0.7290839
8178	-73.89819	-137.4447	63.54655	0.8209884	0.5300443	1.16309	0.562785	0.437215	0.7290839
8184	-61.42342	-125.3875	63.96409	1.614933	0.850135	0.1540458	0.888877	0.111123	0.3852098
8190	-49.70824	-114.8086	65.10032	1.426575	0.1848724	0.2369323	0.397645	0.602355	0.4576072
8196	-53.29144	-119.3979	66.10647	0.7677812	0.08324883	0.2498023	0.339801	0.660199	0.4576072
8202	-53.55329	-119.0038	65.45049	0.8688954	0.240715	0.2498023	0.434298	0.565702	0.4161636
8208	-52.17511	-117.0631	64.88801	1.451558	0.1892917	0.2300496	0.557659	0.442341	0.2484932
8214	-53.24479	-118.1137	64.86894	1.497085	0.1570501	0.2595703	0.651146	0.348854	0.2484932
8220	-61.29909	-124.5192	63.22009	1.669814	0.1570501	0.959722	0.3503	0.6497	0.1327103
8226	-55.0733	-117.9932	62.91986	1.664555	0.2135554	0.959722	0.384903	0.615097	0.1119515
8232	-57.57647	-120.9912	63.41473	1.345099	0.7289012	0.4818448	0.562629	0.437371	0.2348213
8238	-57.4257	-120.4767	63.05102	1.345099	1.19762	0.4818448	0.706094	0.293906	0.3076004
8244	-59.18563	-123.6511	64.46551	1.435426	0.3285242	0.3276909	0.666329	0.333671	0.3784097
8250	-53.35981	-118.4174	65.05756	1.019808	0.5778559	0.1174739	0.692811	0.307189	0.6061018
8256	-51.57022	-115.5188	63.94863	1.018781	0.5265093	0.6808987	0.680416	0.319584	0.4449272
8262	-62.62691	-125.4816	62.85469	2.21045	0.3973145	0.3654361	0.260339	0.739661	0.1228375
8268	-64.27435	-128.0899	63.81554	1.670337	0.4139645	0.3654361	0.561034	0.438966	0.2481427
8274	-56.08898	-120.3382	64.24918	1.331873	0.3982965	0.2758671	0.561034	0.438966	0.1948316
8280	-50.63504	-114.6986	64.06355	1.480978	0.3332386	0.4522585	0.691226	0.308774	0.2822928
8286	-53.28098	-115.9405	62.65952	0.5997667	2.340698	0.5584363	0.850848	0.149152	1.050017
8292	-55.02622	-117.9239	62.89765	0.5378002	1.789077	0.4687634	0.876467	0.123533	1.3
8298	-56.84836	-120.0055	63.15716	0.01469614	0.9212787	1.814889	0.898244	0.101756	0.9798492
8304	-59.58361	-122.9835	63.39988	1.433509	0.5328057	0.6333234	0.560386	0.439614	0.2488818
8310	-58.45064	-122.7627	64.31204	0.8414851	0.2641791	0.8230547	0.733895	0.266105	0.2654159
8316	-52.01403	-118.1421	66.12805	0.07168984	0.1172563	0.4864879	0.292557	0.707443	0.3672473
8322	-53.53272	-119.1792	65.64649	0.7561133	0.163154	0.2988448	0.220219	0.779781	0.3672473
8328	-52.33933	-118.7892	66.44985	0.3029791	0.09621208	0.2761105	0.125317	0.874683	0.5246395
8334	-60.3546	-124.0767	63.7221	0.01883937	0.8757568	1.226172	0.806888	0.193112	0.8843661
8340	-56.9949	-121.8419	64.84697	0.01706196	0.729751	0.4800288	0.652504	0.347496	0.7908878
8346	-61.49102	-124.73	63.23893	0.2397826	0.729751	1.77314	0.679051	0.320949	0.9177814
8352	-56.29455	-120.6416	64.34705	0.4453354	0.729751	0.6005315	0.830926	0.169074	0.5554355
8358	-64.89093	-127.3093	62.41841	0.6228597	0.729751	2.070635	0.880434	0.119566	1.166052
8364	-59.89079	-125.0623	65.17154	0.1331499	0.395248	0.5859459	0.708804	0.291196	0.6389803
8370	-56.78334	-121.5496	64.76624	1.623912	0.2711154	0.1977293	0.679971	0.320029	0.4247553
8376	-51.23052	-116.3032	65.07271	1.493189	0.3234478	0.110406	0.615661	0.384339	0.6016033
8382	-55.49067	-118.3256	62.83498	0.4848925	1.595297	0.4338037	0.761949	0.238051	1.53759
8388	-53.39302	-118.2371	64.84404	1.001232	0.4294576	0.2610736	0.709863	0.290137	0.6677669
8394	-54.09488	-118.6498	64.55495	0.6485709	0.4294576	0.2228896	0.568011	0.431989	1.415112
8400	-57.2459	-122.9809	65.73504	0.5718664	0.2205013	0.2725719	0.715054	0.284946	0.6226357
8406	-57.01247	-122.1287	65.11618	0.6031354	0.2205013	0.5421909	0.451227	0.548773	0.743376
8412	-54.09346	-119.2786	65.1851	0.9570203	0.1452878	0.482961	0.550707	0.449293	0.4739134
8418	-55.48004	-121.169	65.689	0.2854369	0.1452878	0.482961	0.529204	0.470796	0.8496593
8424	-59.35703	-123.9433	64.58625	1.128321	0.631236	0.2076915	0.748175	0.251825	0.4985028
8430	-70.35365	-133.2839	62.93026	1.379855	0.6673668	1.082387	0.720404	0.279596	0.5812994
8436	-59.59716	-123.5546	63.95741	1.379855	0.6673668	0.3365574	0.610033	0.389967	0.5542491
8442	-63.23849	-125.7476	62.50913	0.9671709	0.8626619	1.767597	0.643181	0.356819	0.7219596
8448	-71.74085	-134.2686	62.5278	0.9671709	0.8626619	1.767597	0.857718	0.142282	0.6899589
8454	-60.05953	-125.4622	65.40263	0.03192995	0.3156729	0.4196185	0.490378	0.509622	1.036955
8460	-63.44631	-128.5108	65.06445	0.1739887	0.6633367	0.3415331	0.773856	0.226144	0.7567166
8466	-66.89625	-131.1131	64.21683	0.8676621	0.6633367	0.3415331	0.831649	0.168351	0.9445465
8472	-62.33769	-125.8481	63.5104	1.299048	1.120202	0.3415331	0.760461	0.239539	0.3992737
8478	-58.99272	-124.7389	65.74618	1.07465	0.1138128	0.2127605	0.397588	0.602412	0.3903442
8484	-62.69223	-126.4624	63.77022	0.9422807	1.33834	0.2823381	0.768665	0.231335	0.3373119
8490	-62.05718	-125.7275	63.67033	1.597028	0.4420163	0.4829459	0.749919	0.250081	0.2764959
8496	-72.62832	-136.4911	63.86279	1.810986	0.2401539	0.5945694	0.685934	0.314066	0.4654242
8502	-63.35338	-127.1942	63.8408	1.810986	0.2337384	0.1933319	0.407603	0.592397	0.09375021
8508	-52.35926	-117.8343	65.47501	0.3093185	0.4034585	0.3237367	0.672885	0.327115	0.4422673
8514	-58.43157	-122.4756	64.04406	0.3455243	1.249199	0.5201473	0.639	0.361	0.500528
8520	-52.67189	-116.8437	64.17186	0.8254804	0.6626777	0.5201473	0.622617	0.377383	0.4287389
8526	-56.46798	-119.3972	62.9292	1.494059	0.6626777	0.7211987	0.623855	0.376145	0.2060573
8532	-60.95501	-124.2833	63.32827	1.577708	0.2855434	1.142324	0.5773	0.4227	0.3810583
8538	-55.52584	-119.8257	64.29985	1.577708	0.1968136	0.340516	0.428755	0.571245	0.1839291
8544	-60.89439	-126.187	65.29265	0.7316811	0.2530981	0.340516	0.30542	0.69458	0.3418612
8550	-56.82227	-120.7602	63.93796	1.28962	0.5856203	0.398185	0.951759	0.0482411	0.3047622
8556	-56.68359	-120.6934	64.00979	0.5796103	0.9825004	0.398185	0.793371	0.206629	0.9531069
8562	-55.68081	-120.96	65.27917	0.6942875	0.226925	0.3717309	0.788591	0.211409	0.7863841
8568	-55.40173	-121.6597	66.25802	0.1149961	0.412546	0.08902378	0.655786	0.344214	0.7863841
8574	-52.68605	-119.259	66.57296	0.1616431	0.05450339	0.1023691	0.172355	0.827645	1.395517
8580	-48.33729	-115.4994	67.16207	0.3192816	0.06414938	0.04206009	0.220765	0.779235	0.9455068
8586	-48.82875	-114.6855	65.85672	0.01662898	0.2935725	0.3748282	0.466878	0.533122	0.6622545
8592	-54.52595	-120.5062	65.98027	0.3908172	0.1258707	0.3748282	0.355588	0.644412	0.6622545
8598	-50.4974	-116.6442	66.14683	0.6776964	0.1178566	0.1573259	0.473347	0.526653	0.8653187
8604	-53.28509	-118.9922	65.70713	0.2514918	0.2310272	0.4361172	0.294898	0.705102	0.504481
8610	-51.98747	-116.1391	64.15164	0.728429	0.5861477	0.6826464	0.67573	0.32427	0.504481
8616	-57.93522	-122.4156	64.48037	0.5359091	0.4593539	0.7321227	0.669453	0.330547	0.5442309
8622	-56.31487	-121.1196	64.80478	0.4186997	0.4593539	0.583015	0.674516	0.325484	0.499763
8628	-51.68024	-116.9003	65.22003	0.664604	0.3936758	0.2783118	0.532148	0.467852	0.6362789
8634	-48.80912	-114.2798	65.47073	0.7949272	0.2718544	0.2448535	0.437918	0.562082	0.5355776
8640	-52.13132	-115.4029	63.27162	0.1390588	1.393376	0.8772373	0.742236	0.257764	1.080761
8646	-60.8677	-126.0514	65.18373	0.6295824	0.2978105	0.2700828	0.76839	0.23161	1.020388
8652	-54.56218	-120.1948	65.63263	0.5582384	0.2978105	0.1828449	0.509814	0.490186	0.8783974
8658	-60.4316	-124.1808	63.74919	0.2849914	2.475135	0.1828449	0.848017	0.151983	1.006259
8664	-69.27978	-132.0516	62.77184	0.4609957	3.000619	0.5786646	0.920561	0.079439	0.3645011
8670	-56.86536	-119.8843	63.01898	0.3470165	2.201587	0.8004868	0.892438	0.107562	0.5265065
8676	-57.00601	-120.0681	63.06206	0.4572282	1.037523	1.373603	0.892438	0.107562	0.8022845
8682	-67.66636	-130.3904	62.72408	0.8569436	1.037523	1.464303	0.938282	0.0617177	0.5150589
8688	-62.18615	-124.7816	62.59547	1.023131	1.037523	1.340983	0.656634	0.343366	0.3481631
8694	-56.29495	-120.12	63.82506	0.6120644	0.3926996	1.340983	0.656634	0.343366	0.7614041
8700	-55.60037	-120.0204	64.42008	0.01017449	0.4015443	1.340983	0.643528	0.356472	0.7461575
8706	-53.08643	-117.0659	63.97951	0.003180854	0.8894043	1.060162	0.812893	0.187107	0.7461575
8712	-56.54206	-119.764	63.22192	0.09477109	1.614739	1.060162	0.787237	0.212763	0.8061277
8718	-49.78609	-114.4238	64.63771	0.006716089	0.6674624	0.6116236	0.702793	0.297207	0.9074616
8724	-53.68709	-117.9929	64.3058	0.0823236	0.6674624	0.402669	0.607638	0.392362	1.43828
8730	-54.26196	-119.6013	65.33938	0.295606	0.355223	0.126143	0.607638	0.392362	1.437318
8736	-57.22054	-121.6977	64.47712	0.5158104	0.9571004	0.1830551	0.768644	0.231356	1.095181
8742	-57.27999	-121.2368	63.95683	0.5376179	0.8018571	0.7469608	0.53071	0.46929	0.6051199
8748	-59.46045	-123.5333	64.07284	1.009508	0.8018571	0.3722675	0.687242	0.312758	0.4145684
8754	-63.51778	-128.0784	64.5606	1.344295	0.5350574	0.1526969	0.640058	0.359942	0.7966117
8760	-59.6126	-123.9208	64.30819	0.9418115	0.5350574	0.2314912	0.546992	0.453008	1.213311
8766	-59.8814	-123.6117	63.73029	0.3677123	1.629432	0.2104356	0.833643	0.166357	1.310093
8772	-64.11798	-129.0706	64.95258	0.4253951	0.4555644	0.3055184	0.358512	0.641488	1.050905
8778	-73.40569	-138.2967	64.89102	0.2322964	0.4555644	0.163673	0.573664	0.426336	1.576099
8784	-61.14572	-126.4431	65.29734	0.6836653	0.3492026	0.163673	0.498825	0.501175	1.043426
8790	-56.517	-122.1581	65.6411	0.05985388	0.3492026	0.2599489	0.640389	0.359611	1.043426
8796	-55.52259	-120.5866	65.06404	1.208397	0.3492026	0.162787	0.756005	0.243995	0.6986004
8802	-55.00613	-119.9695	64.96337	1.00844	0.3492026	0.2926206	0.42047	0.57953	0.4938373
8808	-56.62227	-121.9574	65.33518	0.5025781	0.6165416	0.1596707	0.693157	0.306843	0.6724417
8814	-54.68739	-119.0568	64.36937	0.37305	0.6624823	0.5505287	0.645788	0.354212	0.9070661
8820	-58.92088	-123.5944	64.67352	0.2874247	0.6624823	0.5505287	0.767043	0.232957	0.4995084
8826	-59.06052	-124.4236	65.36305	0.336469	0.2117781	0.6183894	0.452193	0.547807	0.6104772
8832	-60.97442	-125.9226	64.94818	0.2518006	0.3657961	0.6990558	0.580583	0.419417	0.3725855
8838	-58.70585	-121.7371	63.03129	1.249797	0.3657961	1.645851	0.657935	0.342065	0.319441
8844	-57.86019	-122.0291	64.16893	1.249797	0.3657961	0.5151193	0.416802	0.583198	0.319441
8850	-54.41226	-119.0219	64.60969	1.51074	0.3657961	0.1805259	0.416802	0.583198	0.2915994
8856	-58.11407	-122.2972	64.18309	1.51074	0.6841777	0.1805259	0.709062	0.290938	0.3851089
8862	-70.28814	-134.296	64.00788	1.537354	0.6841777	0.1540876	0.51356	0.48644	0.9596544
8868	-53.37603	-118.8226	65.4466	0.8035397	0.2323684	0.1319537	0.523483	0.476517	1.155802
8874	-54.53428	-118.0961	63.56181	0.2327121	0.5644125	2.002233	0.733592	0.266408	0.4939659
8880	-51.94542	-116.5518	64.60635	0.8979886	0.5644125	0.3253317	0.707008	0.292992	0.5743409
8886	-50.2526	-113.4228	63.17019	0.2372129	0.9203847	1.600486	0.74398	0.25602	0.8801044
8892	-58.36864	-121.2138	62.84515	0.1189414	0.9203847	2.309345	0.750588	0.249412	0.8992162
8898	-68.66293	-132.3285	63.66561	0.02820744	1.044223	1.146332	0.750588	0.249412	0.8155056
8904	-52.95826	-116.446	63.48773	1.150766	0.9989857	0.5072093	0.708048	0.291952	0.5304602
8910	-49.76138	-112.8923	63.13095	0.3305124	2.050268	0.7222172	0.861459	0.138541	0.7375214
8916	-46.44867	-110.9383	64.48961	0.04254056	0.8044948	0.6637563	0.56012	0.43988	0.7375214
8922	-57.00087	-120.8077	63.80682	0.01958541	0.9127396	0.7840897	0.721386	0.278614	1.194159
8928	-55.63493	-120.2951	64.6602	0.289606	0.5706787	0.5723167	0.721386	0.278614	0.7710632
8934	-50.90736	-114.4907	63.58338	0.04609926	0.79783	1.709767	0.78013	0.21987	0.6458114
8940	-56.81689	-119.4699	62.65301	0.1090781	1.796012	1.709767	0.864647	0.135353	0.68503
8946	-57.00731	-120.7944	63.78712	0.316448	1.138738	0.7973118	0.810061	0.189939	0.4652332
8952	-56.43911	-121.095	64.65591	0.3612374	0.4161266	0.7973118	0.728101	0.271899	0.5293347
8958	-55.1188	-120.0997	64.9809	0.2920264	0.2841872	0.7973118	0.625305	0.374695	0.6214941
8964	-54.47675	-119.0716	64.59484	0.4548838	0.2841872	0.9310909	0.943253	0.0567474	0.7571422
8970	-53.57101	-119.3907	65.81971	0.5120121	0.1445577	0.3798059	0.479583	0.520417	0.5445625
8976	-54.55011	-119.1054	64.55524	1.080805	0.6956779	0.1913788	0.599013	0.400987	0.6553525
8982	-58.45103	-123.7263	65.27524	0.6727041	0.4918546	0.2006774	0.690202	0.309798	0.5134965
8988	-56.80287	-120.4487	63.64583	1.024824	0.7558845	0.64891	0.752252	0.247748	0.3934759
8994	-64.50798	-127.7736	63.26559	0.8191485	0.7558845	0.3200047	0.75631	0.24369	1.703032
9000	-52.93047	-118.0983	65.16788	0.2351185	0.436733	0.4722572	0.563526	0.436474	0.3751902
9006	-54.08668	-118.4009	64.31427	0.1771877	1.188531	0.4722572	0.667546	0.332454	0.3872956
9012	-52.94132	-115.6743	62.73294	0.6424754	0.9464035	1.901152	0.794962	0.205038	0.5415844
9018	-51.64041	-115.9956	64.35522	0.3622863	0.5912136	0.7167527	0.757354	0.242646	0.7735861
9024	-58.41663	-122.4951	64.07849	0.09711321	0.394716	1.681227	0.693531	0.306469	0.7735861
9030	-55.80851	-120.1491	64.3406	0.4943691	0.394716	0.9835199	0.582365	0.417635	0.4039288
9036	-59.5161	-123.8448	64.32873	0.9961444	0.4337468	0.529627	0.755999	0.244001	0.6236802
9042	-67.57941	-130.8132	63.23382	0.4731522	1.965961	0.3291914	0.745283	0.254717	1.208745
9048	-64.16008	-128.326	64.16597	0.7907952	0.4818895	0.5217185	0.524472	0.475528	1.015438
9054	-62.84448	-129.2523	66.40787	0.3770515	0.1210103	0.1833237	0.487467	0.512533	0.7922416
9060	-58.23113	-120.4927	62.26154	1.248613	1.439924	0.9985392	0.650279	0.349721	0.2876655
9066	-54.81872	-118.4331	63.61436	1.206142	0.6515104	0.5683623	0.842	0.158	0.2876655
9072	-55.47781	-118.8153	63.3375	1.106491	0.6074658	0.9116733	0.826548	0.173452	0.2845124
9078	-53.4523	-119.5982	66.14592	0.5431536	0.1162166	0.2626424	0.566658	0.433342	0.4164396
9084	-58.50663	-123.7122	65.2056	1.002664	0.3047429	0.1781402	0.685068	0.314932	0.8564441
9090	-56.47262	-121.491	65.01837	1.325766	0.2214277	0.2626424	0.613897	0.386103	0.429586
9096	-51.43571	-116.8795	65.44381	1.090263	0.1368856	0.2035667	0.579317	0.420683	0.2230562
9102	-53.69492	-116.9204	63.22552	1.090263	0.7272862	0.9435199	0.7183	0.2817	0.3399299
9108	-51.67654	-117.4132	65.73663	0.2758237	0.1882066	0.4715823	0.378477	0.621523	0.4389097
9114	-48.58279	-114.7149	66.13215	0.3982928	0.1193308	0.3136754	0.378477	0.621523	0.6548829
9120	-51.1315	-115.791	64.65954	0.6372198	0.2635179	0.5328807	0.497493	0.502507	1.100891
9126	-50.95986	-116.4279	65.46808	0.0684653	0.282677	0.5392495	0.586942	0.413058	0.7799856
9132	-56.72875	-121.9904	65.26163	0.5617424	0.4294484	0.1846531	0.561668	0.438332	0.9760397
9138	-50.82837	-116.2312	65.40288	0.7124509	0.256212	0.3089087	0.584356	0.415644	0.6439382
9144	-55.7362	-120.6274	64.89121	1.023235	0.2713665	0.4027224	0.451359	0.548641	0.4745679
9150	-59.16026	-123.6375	64.47725	1.053459	0.2848392	0.5780529	0.727477	0.272523	0.3501363
9156	-55.0836	-119.7198	64.63618	0.2884011	0.4715739	0.5780529	0.664361	0.335639	0.9779518
9162	-62.33312	-127.2026	64.86946	0.197924	0.3897641	0.3109619	0.824366	0.175634	1.40703
9168	-62.99223	-127.3556	64.36342	0.2174534	0.3897641	0.8152722	0.821665	0.178335	1.150296
9174	-66.62916	-129.4831	62.85397	1.237019	0.3897641	1.933498	0.486822	0.513178	0.3651281
9180	-60.31733	-123.8909	63.57354	1.077464	0.3897641	1.056204	0.697796	0.302204	0.2778542
9186	-60.97663	-124.2669	63.29025	1.437301	0.5959838	0.7384427	0.697796	0.302204	0.339361
9192	-68.49569	-130.7519	62.25617	0.174102	0.6569713	1.835509	0.654387	0.345613	1.809212
9198	-59.47888	-122.8985	63.41963	0.276912	0.6569713	1.661964	0.673853	0.326147	0.8619248
9204	-55.2251	-119.8119	64.58681	0.1913864	0.4504958	0.8879014	0.464588	0.535412	0.7192373
9210	-52.54755	-116.0443	63.49679	0.5968769	1.026874	0.8879014	0.878403	0.121597	0.5913084
9216	-62.9529	-125.7462	62.79327	0.7910657	0.9101905	1.403284	0.777453	0.222547	0.8550301
9222	-64.0405	-127.7506	63.71008	0.1098113	0.8839813	1.217401	0.777453	0.222547	0.7837341
9228	-53.36591	-117.8971	64.53121	0.6416247	0.8839813	0.2748559	0.692254	0.307746	0.6744788
9234	-60.1527	-122.6004	62.44767	0.4952269	0.866224	1.264208	0.804655	0.195345	1.554614
9240	-55.18779	-118.6276	63.43977	0.2278747	0.866224	1.166019	0.804655	0.195345	1.02765
9246	-55.19786	-118.4795	63.28168	0.8863092	1.305294	0.5640814	0.784047	0.215953	0.7672947
9252	-53.08998	-116.9818	63.89177	0.8345076	1.153306	0.3213336	0.784047	0.215953	0.7875076
9258	-54.78966	-118.1944	63.40473	0.6067357	1.153306	0.3545857	0.766578	0.233422	1.394901
9264	-56.55983	-120.3406	63.7808	0.562506	1.277984	0.2624435	0.745045	0.254955	1.20977
9270	-52.1371	-116.9214	64.78431	0.1005496	0.6849917	0.5585777	0.647372	0.352628	0.6410508
9276	-57.40237	-121.7071	64.30473	0.3117108	0.574106	0.7321618	0.676389	0.323611	0.9060862
9282	-59.48195	-123.5499	64.06792	0.4651875	0.7662841	0.7321618	0.850657	0.149343	0.6589952
9288	-58.06915	-122.3029	64.23378	0.4623534	0.6184952	0.7321618	0.704707	0.295293	0.716314
9294	-60.0944	-123.8459	63.75152	0.90896	0.5441595	0.921957	0.912686	0.0873143	0.5104473
9300	-56.75083	-119.6665	62.91569	0.90896	2.278379	0.4168625	0.818806	0.181194	0.7016219
9306	-57.15879	-120.0015	62.84269	0.7502576	2.278379	0.4168625	0.929013	0.0709872	0.9892492
9312	-62.02176	-124.498	62.4762	0.7502576	2.296359	0.700874	0.929013	0.0709872	0.9014459
9318	-57.33843	-119.4253	62.0869	0.7837082	4.595355	0.435	0.953373	0.046627	0.723413
9324	-57.7934	-119.7847	61.99134	0.2957953	8.651413	0.3033866	0.955731	0.0442693	0.5574111
9330	-57.17732	-118.8932	61.71589	0.5712466	8.651413	0.3033866	0.9606	0.0393997	0.5574111
9336	-55.50446	-118.3882	62.88379	0.3247664	2.716027	0.2007818	0.936469	0.0635312	1.550179
9342	-56.77629	-121.3636	64.58733	0.3049746	0.9235606	0.278864	0.936469	0.0635312	0.970343
9348	-52.61504	-115.918	63.30293	0.5892498	1.491718	0.6809055	0.895763	0.104237	0.7141226
9354	-57.23857	-119.2864	62.04788	1.021192	1.491718	1.273239	0.822245	0.177755	0.2126777
9360	-57.16832	-121.2667	64.09841	0.6270492	1.206417	0.3173429	0.743415	0.256585	0.7332537
9366	-56.49932	-120.9121	64.41275	0.9517851	0.6747324	0.3173429	0.668006	0.331994	0.5767324
9372	-68.81159	-131.4341	62.62255	0.9517851	0.6747324	2.100794	0.825303	0.174697	0.5596335
9378	-67.17176	-130.1524	62.98064	1.473992	0.5394262	1.050706	0.828999	0.171001	0.3227256
9384	-62.76023	-125.0397	62.27945	0.7462618	3.61745	0.5732911	0.877063	0.122937	0.4120259
9390	-59.81465	-123.0528	63.23815	1.573607	0.5747265	0.5661326	0.844919	0.155081	0.2242862
9396	-61.05754	-124.0183	62.96072	1.692464	0.4011177	0.9922007	0.556454	0.443546	0.2557751
9402	-60.62177	-123.6203	62.99852	1.692464	0.5937278	0.444438	0.927219	0.0727808	0.1419266
9408	-57.62995	-121.1553	63.52531	1.553078	0.6227693	0.444438	0.801985	0.198015	0.2976945
9414	-50.3073	-114.281	63.97366	0.6172837	0.5357922	1.002367	0.685545	0.314455	0.5055824
9420	-54.53925	-120.1832	65.64392	0.07005042	0.301349	0.474231	0.348245	0.651755	0.4902863
9426	-58.4972	-123.3325	64.83532	0.4863412	0.4170273	0.474231	0.357946	0.642054	0.8283242
9432	-55.07727	-119.9951	64.91779	0.4311497	0.3412595	0.474231	0.338341	0.661659	0.9688657
9438	-57.88659	-121.8876	64.00096	0.2187078	0.926697	0.5996327	0.783806	0.216194	1.044693
9444	-56.4288	-121.6424	65.21357	0.3424592	0.4053998	0.3314626	0.46586	0.53414	0.9029125
9450	-63.58848	-126.9206	63.33209	0.172988	1.397094	1.003476	0.718009	0.281991	0.8398924
9456	-68.71241	-131.1653	62.45286	0.7069141	1.900532	1.003476	0.933668	0.0663318	0.8398924
9462	-66.73441	-129.3642	62.62978	0.3904233	3.399794	0.6096527	0.923368	0.0766324	0.6774771
9468	-66.45834	-129.1614	62.70308	0.5757471	2.041923	0.8675183	0.866854	0.133146	0.3074388
9474	-61.00244	-122.2784	61.27601	1.775793	1.822896	0.9265596	0.643518	0.356482	0.175953
9480	-61.86561	-123.4894	61.62382	1.673952	1.822896	0.7550746	0.949798	0.050202	0.1905339
9486	-61.69116	-124.6059	62.91471	0.6094612	2.020036	0.7550746	0.827699	0.172301	0.5039324
9492	-64.47141	-127.4076	62.93618	0.5835594	2.020036	0.7550746	0.804432	0.195568	0.5487358
9498	-53.66817	-117.7243	64.05614	0.1152415	1.159428	0.6933967	0.872281	0.127719	0.6661396
9504	-53.152	-116.7468	63.5948	0.05132227	1.159428	1.062443	0.872281	0.127719	0.8387797
9510	-55.57551	-118.9416	63.36611	0.5959617	1.159428	0.8942695	0.908265	0.0917351	0.5932419
9516	-55.69649	-119.0117	63.31524	0.6151844	1.153006	0.8942695	0.690949	0.309051	0.6807049
9522	-70.66731	-132.1436	61.47629	0.4283827	3.284508	1.981621	0.824003	0.175997	0.4517012
9528	-74.2507	-136.8382	62.58753	0.105275	1.715007	1.981621	0.724934	0.275066	0.5618082
9534	-58.8676	-121.6255	62.75795	0.1960448	2.214648	1.189292	0.818088	0.181912	0.5843813
9540	-54.49305	-117.7406	63.24755	0.06448994	1.565831	1.189292	0.786432	0.213568	0.6852644
9546	-59.13713	-121.337	62.19989	0.3581376	1.255326	2.819392	0.810561	0.189439	0.6852644
9552	-56.95215	-121.6042	64.65204	0.1753215	0.689304	0.6119153	0.607045	0.392955	0.5589794
9558	-60.66908	-124.3374	63.66831	0.3127923	0.689304	0.8803954	0.331881	0.668119	1.193581
9564	-57.71205	-121.4234	63.71138	1.194009	0.6869861	0.5588592	0.72029	0.27971	0.4325513
9570	-53.47961	-117.1819	63.70231	1.1062	0.7928119	0.4739307	0.636833	0.363167	0.2991525
9576	-56.45051	-120.0336	63.58312	1.104933	0.9023055	0.4600247	0.636833	0.363167	0.2846992
9582	-52.52473	-115.6471	63.1224	1.661358	0.4665314	0.5199134	0.649121	0.350879	0.1456597
9588	-53.62389	-115.0109	61.38697	1.818198	1.011015	0.9348036	0.792081	0.207919	0.09291529
9594	-54.77147	-119.8104	65.03891	1.068341	0.2527662	0.3253648	0.687494	0.312506	0.5912398
9600	-61.12706	-126.4652	65.33814	1.516868	0.1993467	0.1167048	0.676956	0.323044	0.6121894
9606	-57.57707	-121.7497	64.17265	1.801172	0.1993467	0.3016394	0.496757	0.503243	0.1890215
9612	-62.38395	-125.6404	63.25645	2.498972	0.4066887	0.1746525	0.653267	0.346733	0.1682936
9618	-62.19523	-126.0756	63.88036	2.498972	0.2354955	0.1116129	0.629331	0.370669	0.1709596
9624	-57.42537	-121.8048	64.37944	1.785923	0.2865733	0.1116129	0.551625	0.448375	0.1510902
9630	-59.23863	-121.935	62.69639	0.9678248	1.253805	1.069537	0.803779	0.196221	0.3538327
9636	-55.18222	-119.3893	64.20713	0.6726641	0.393184	0.9612214	0.535017	0.464983	0.5335501
9642	-62.31658	-126.1893	63.87268	0.9968843	0.393184	0.9612214	0.776172	0.223828	0.425377
9648	-64.19337	-128.0503	63.85696	1.017924	0.393184	0.9612214	0.904739	0.0952611	0.5618076
9654	-58.47664	-122.5174	64.04077	0.5343118	0.5732722	0.9612214	0.81282	0.18718	0.4986576
9660	-63.88437	-128.2313	64.34689	0.1319746	0.5732722	0.8044254	0.542855	0.457145	0.9609365
9666	-56.86297	-120.4799	63.61696	0.1915062	1.182579	0.8044254	0.542855	0.457145	0.9414286
9672	-56.05684	-120.5313	64.47445	0.05939244	0.3585922	0.8044254	0.514609	0.485391	1.255232
9678	-64.74905	-128.295	63.54595	0.1458789	0.671528	0.703526	0.591285	0.408715	1.602856
9684	-65.13232	-128.2621	63.12979	0.4548781	0.7238248	0.703526	0.591285	0.408715	1.631035
9690	-57.21152	-123.2499	66.03834	0.5526424	0.272889	0.108915	0.672023	0.327977	0.7832007
9696	-55.09717	-120.7059	65.60874	0.9672449	0.272889	0.1414432	0.522745	0.477255	0.5641921
9702	-61.05797	-125.5421	64.48415	0.8755802	1.058116	0.1414432	0.531135	0.468865	0.7260752
9708	-55.71126	-119.9521	64.2408	0.5957966	0.8878796	0.4550675	0.758322	0.241678	0.5677278
9714	-58.02697	-122.4987	64.47174	0.3209122	0.8878796	0.4550675	0.725728	0.274272	0.6797166
9720	-62.3511	-124.9325	62.58135	0.5346558	1.057725	1.871066	0.725728	0.274272	0.8506977
9726	-60.93764	-124.5091	63.57146	0.8262608	1.057725	0.6234551	0.725728	0.274272	0.5675431
9732	-56.39898	-121.5491	65.15014	0.4753021	0.4658407	0.3363228	0.594045	0.405955	0.6198207
9738	-54.03537	-117.9191	63.8837	0.9312709	0.6313186	0.6732778	0.683371	0.316629	0.5836244
9744	-52.61561	-117.4856	64.86996	0.2760023	0.3997888	0.6732778	0.657495	0.342505	0.6934986
9750	-58.02123	-121.3683	63.34703	0.3311806	0.5142739	1.529032	0.447102	0.552898	1.180896
9756	-71.22763	-134.867	63.63942	0.09413998	0.420844	1.545005	0.47266	0.52734	1.261586
9762	-67.20281	-130.3226	63.11976	0.7670002	1.756759	0.4515303	0.777175	0.222825	0.9351575
9768	-61.64458	-124.9675	63.32294	0.5419561	1.041402	0.4515303	0.851152	0.148848	1.444782
9774	-70.18082	-133.7823	63.60145	0.8625866	1.091558	0.4028638	0.497678	0.502322	0.9637397
9780	-68.12492	-132.8686	64.74363	0.9962644	0.4338027	0.3176068	0.883117	0.116883	0.5685791
9786	-59.24268	-123.6006	64.35789	0.8482375	0.4338027	0.3176068	0.689467	0.310533	1.215241
9792	-59.75724	-123.8285	64.07129	0.7518888	1.033557	0.3807814	0.754474	0.245526	0.4303387
9798	-58.61384	-122.4813	63.86746	0.8594168	1.033557	0.3807814	0.466608	0.533392	0.7682858
9804	-51.88621	-117.4171	65.53087	0.8227419	0.4020304	0.1102446	0.608435	0.391565	0.7096342
9810	-54.37191	-118.5529	64.18101	1.357529	0.4003059	0.327592	0.511777	0.488223	0.2241654
9816	-52.56473	-116.7484	64.18365	1.179396	0.8916953	0.173859	0.71926	0.28074	0.2831766
9822	-53.75572	-118.0614	64.30564	0.9951722	0.8916953	0.2410223	0.849016	0.150984	0.5024548
9828	-55.08774	-118.5284	63.44064	1.082776	1.256319	0.4211005	0.776864	0.223136	0.3850972
9834	-54.0023	-118.0822	64.07988	0.5730767	1.249127	0.3685053	0.673009	0.326991	0.4320314
9840	-53.34495	-117.504	64.15906	0.1979006	0.4722226	1.385654	0.386795	0.613205	0.4727402
9846	-58.51173	-121.7089	63.19719	0.9685883	0.4722226	1.480238	0.567393	0.432607	0.7875292
9852	-53.25944	-117.6036	64.34414	0.7296225	0.4722226	0.6711535	0.688303	0.311697	0.5403153
9858	-57.19519	-120.7054	63.51026	0.07961849	1.386509	0.7541462	0.70681	0.29319	1.052073
9864	-61.58492	-124.141	62.55605	0.6138569	1.386509	1.156186	0.862906	0.137094	1.052073
9870	-54.99621	-118.3221	63.32584	0.4305321	0.8402354	1.156186	0.83621	0.16379	0.97707
9876	-59.4528	-123.2609	63.80814	0.6296432	0.8402354	0.5627185	0.737441	0.262559	0.97707
9882	-60.75341	-125.3275	64.57407	0.7735699	0.4060153	0.5627185	0.655803	0.344197	0.5451805
9888	-64.252	-130.6555	66.40353	0.1219932	0.1147564	0.3302907	0.439116	0.560884	0.6227609
9894	-67.0373	-133.0283	65.99104	0.05004581	0.1147564	0.5563666	0.594969	0.405031	0.7571982
9900	-63.16043	-129.093	65.93253	0.002212498	0.1147564	0.6288153	0.369587	0.630413	0.7571982
9906	-65.73374	-132.0926	66.35884	0.00252278	0.119979	0.4061352	0.268383	0.731617	0.5905559
9912	-69.35082	-135.7205	66.36969	0.001927047	0.119979	0.4061352	0.354679	0.645321	0.5483793
9918	-60.68155	-127.1324	66.45087	0.003721877	0.119979	0.2625745	0.528284	0.471716	0.9257968
9924	-57.34671	-120.3301	62.98334	0.6283156	1.616417	0.576603	0.627793	0.372207	1.098628
9930	-55.41403	-119.3091	63.89511	0.8362325	0.6334333	0.7345612	0.596785	0.403215	0.5877922
9936	-54.86269	-119.0268	64.16407	0.8362325	0.4433623	0.7345612	0.584919	0.415081	0.6653436
9942	-60.79475	-123.7903	62.99551	0.3901146	0.9689456	1.138768	0.584919	0.415081	1.206199
9948	-53.23009	-117.932	64.70186	0.3305776	0.3941161	0.3860928	0.725409	0.274591	1.301878
9954	-53.63045	-119.2329	65.60249	0.4344746	0.3707001	0.2183924	0.521979	0.478021	0.7313855
9960	-54.62834	-119.8067	65.1784	0.963261	0.3707001	0.2105382	0.846692	0.153308	0.5117738
9966	-59.87603	-124.3218	64.44574	1.378294	0.426915	0.2537892	0.846692	0.153308	0.3160371
9972	-66.16429	-130.076	63.91168	1.378294	0.426915	0.5189599	0.856344	0.143656	0.3160371
9978	-62.94389	-127.4049	64.46105	1.490494	0.1249067	0.532776	0.55188	0.44812	0.2536856
9984	-58.52654	-123.9968	65.47023	0.3491857	0.3049975	0.3824857	0.864997	0.135003	0.6854383
9990	-58.68206	-123.4732	64.79113	0.2015643	0.4720914	0.3691466	0.545552	0.454448	1.245171
9996	-58.40806	-124.39	65.9819	0.05896601	0.2336403	0.3691466	0.617062	0.382938	0.6536001
10002	-56.70441	-121.8647	65.16031	1.0674	0.2167802	0.3119841	0.300185	0.699815	0.4018528
10008	-59.07232	-124.6821	65.60975	1.0674	0.1185437	0.269818	0.382038	0.617962	0.5147284
10014	-63.59725	-127.6693	64.07206	0.7641425	0.2696049	0.5579112	0.467771	0.532229	1.437424
10020	-58.43221	-123.9776	65.54541	0.07878857	0.2696049	0.5579112	0.578549	0.421451	0.6346879
10026	-55.91059	-121.6524	65.74181	0.6830901	0.2696049	0.1094606	0.547494	0.452506	0.9826171
10032	-57.64481	-124.2618	66.61696	0.08106749	0.1178122	0.1565588	0.353265	0.646735	1.004588
10038	-59.65701	-125.5032	65.8462	0.4924507	0.07177952	0.5213515	0.353265	0.646735	0.3652859
10044	-61.0584	-125.7636	64.7052	0.4055026	0.2541852	0.8076629	0.470785	0.529215	0.9418062
10050	-65.69732	-130.5658	64.86849	0.7868389	0.2546709	0.5810202	0.473762	0.526238	0.4638284
10056	-69.72049	-133.7226	64.00212	0.1735273	0.7829891	0.9945421	0.571729	0.428271	0.7354351
10062	-62.8759	-124.2415	61.3656	1.207255	2.239359	1.433917	0.737445	0.262555	0.2561732
10068	-62.78902	-126.8447	64.05566	1.17589	0.302189	0.7733589	0.771994	0.228006	0.3544597
10074	-62.42713	-125.3232	62.89604	1.250367	1.484169	0.5545581	0.783848	0.216152	0.459763
10080	-53.88337	-117.134	63.25064	0.4604241	0.9639969	1.388268	0.763533	0.236467	0.5319987
10086	-54.5088	-117.6354	63.12659	0.2297216	0.9639969	1.256425	0.803179	0.196821	1.14677
10092	-57.1536	-119.4155	62.26185	0.6780472	1.301263	2.009261	0.803179	0.196821	0.6703492
10098	-55.15205	-117.816	62.66397	0.4012266	0.7576464	2.932905	0.711144	0.288856	0.5043186
10104	-64.90187	-130.5763	65.67441	0.3206189	0.1523311	0.3032919	0.23815	0.76185	1.158954
10110	-61.49449	-125.9398	64.44535	1.07912	0.2629845	0.3574422	0.486428	0.513572	1.181189
10116	-60.69215	-125.3214	64.62927	1.184742	0.3717088	0.2642236	0.802027	0.197973	0.8636886
10122	-53.64149	-117.818	64.17654	0.744919	0.7407278	0.3535105	0.716553	0.283447	0.9831233
10128	-53.21771	-118.8026	65.58489	0.4729098	0.2516482	0.2843245	0.648637	0.351363	0.8409065
10134	-51.18197	-114.2936	63.11167	1.690094	0.7536137	0.3152234	0.628299	0.371701	0.15594
10140	-55.02782	-118.2118	63.18394	1.954973	0.7536137	0.3054796	0.758643	0.241357	0.2665852
10146	-58.71071	-122.8606	64.14985	1.710291	0.4048039	0.1371954	0.785834	0.214166	0.1614857
10152	-59.12757	-123.0732	63.94563	0.683392	1.012666	0.08954258	0.658801	0.341199	1.617954
10158	-62.62044	-126.1954	63.57499	1.793119	1.133277	0.1035112	0.700522	0.299478	0.8233324
10164	-57.06267	-120.4886	63.42597	1.793119	1.253592	0.1377572	0.700522	0.299478	0.3488772
10170	-54.40627	-119.571	65.16477	1.460276	0.1460704	0.1934052	0.458902	0.541098	0.2679884
10176	-54.96458	-121.0232	66.05866	0.7298558	0.1055756	0.233624	0.401065	0.598935	0.6458376
10182	-53.85713	-119.6633	65.80616	0.1235408	0.1825926	0.4708986	0.307428	0.692572	0.3009313
10188	-55.95722	-121.7755	65.81832	0.3981293	0.2538438	0.2592057	0.501599	0.498401	0.6936296
10194	-61.04513	-127.0864	66.04127	0.558152	0.1419983	0.2592057	0.282727	0.717273	0.5966365
10200	-55.72159	-121.5382	65.81662	0.2705095	0.2975539	0.2592057	0.594673	0.405327	0.730176
10206	-59.85586	-125.6663	65.81047	0.2239401	0.2975539	0.2592057	0.664285	0.335715	0.8058303
10212	-53.62074	-119.0453	65.42455	0.7121965	0.3647732	0.2157626	0.354392	0.645608	0.534148
10218	-53.88039	-119.9244	66.04404	0.4634772	0.1161144	0.2526305	0.224896	0.775104	0.9124672
10224	-54.97544	-120.3239	65.34845	0.132024	0.3517771	0.4348477	0.641096	0.358904	0.8768241
10230	-61.07857	-126.7783	65.6997	0.2419176	0.284127	0.2544418	0.440957	0.559043	0.9638208
10236	-63.57885	-128.5272	64.94837	0.4002362	1.019628	0.1443932	0.662363	0.337637	0.7823754
10242	-55.92789	-120.2661	64.33817	0.06101229	1.019628	0.1443932	0.920719	0.0792814	1.621466
10248	-54.83649	-116.9403	62.10386	0.05139668	3.825086	1.251471	0.920719	0.0792814	0.3400592
10254	-61.93248	-124.7164	62.7839	0.1366165	3.825086	0.4593743	0.726261	0.273739	0.9232508
10260	-57.64862	-121.9747	64.32608	0.4425781	0.4324967	0.572029	0.806141	0.193859	1.195517
10266	-59.80025	-125.138	65.33774	0.1750845	0.4324967	0.3410971	0.699932	0.300068	0.8705109
10272	-56.55339	-120.0169	63.46349	0.1287262	1.469095	1.021567	0.753788	0.246212	0.4750776
10278	-57.63468	-121.4664	63.83171	0.3434538	1.329987	0.5482592	0.753788	0.246212	0.7630652
10284	-57.4726	-121.4169	63.94434	1.177693	1.171614	0.2020027	0.931051	0.068949	0.4204884
10290	-52.72576	-115.87	63.14427	1.408079	2.014318	0.1844121	0.931051	0.068949	0.6495527
10296	-54.8044	-119.3143	64.50991	1.255768	0.8493875	0.1125971	0.828109	0.171891	0.5014205
10302	-55.80047	-119.7251	63.92463	0.5053561	1.65458	0.333248	0.857794	0.142206	0.4810133
10308	-60.89724	-123.558	62.66077	0.4408276	1.541797	0.9542172	0.773618	0.226382	1.184605
10314	-59.95747	-124.2587	64.30119	2.034886	0.4418881	0.03876289	0.748207	0.251793	1.03749
10320	-59.80629	-123.0136	63.20731	1.129455	1.123701	0.3167144	0.748207	0.251793	1.219534
10326	-56.26486	-120.2775	64.01264	0.7768632	0.8900808	0.416391	0.574747	0.425253	0.7912107
10332	-51.07767	-116.2981	65.22045	0.3999428	0.3306731	0.4837733	0.447505	0.552495	0.428195
10338	-55.82545	-120.7043	64.87886	0.09779867	0.7329517	0.4837733	0.608017	0.391983	0.5105422
10344	-51.07295	-116.0677	64.9947	1.219291	0.2617366	0.269327	0.404564	0.595436	0.4143771
10350	-47.91311	-113.2339	65.32082	0.6722084	0.3610788	0.269327	0.702251	0.297749	0.5766548
10356	-49.63723	-115.564	65.92679	0.1876415	0.216042	0.210868	0.432877	0.567123	1.085743
10362	-51.12637	-117.1495	66.02313	0.3567461	0.2576277	0.2171408	0.55761	0.44239	0.5084104
10368	-57.32756	-123.1695	65.84193	0.8317834	0.08368265	0.2636265	0.604551	0.395449	0.2638992
10374	-59.56055	-124.7475	65.18691	1.690348	0.2198449	0.1018715	0.614496	0.385504	0.481376
10380	-60.1843	-125.3438	65.1595	1.548942	0.1805581	0.1018715	0.398912	0.601088	0.2101855
10386	-60.25503	-125.7187	65.46368	1.798779	0.1169027	0.03201709	0.518121	0.481879	0.210141
10392	-58.54298	-122.8738	64.33081	2.578903	0.226143	0.03626129	0.319094	0.680906	0.2202447
10398	-63.61058	-127.6465	64.03589	2.578903	0.226143	0.07787921	0.462083	0.537917	0.188739
10404	-59.16126	-124.8807	65.71946	0.6298404	0.1746979	0.300375	0.537449	0.462551	0.6843535
10410	-58.68463	-124.4012	65.71658	0.9267031	0.1746979	0.2041318	0.423778	0.576222	0.5826904
10416	-56.13474	-122.1593	66.0246	1.178413	0.0964321	0.07789333	0.338106	0.661894	0.2426992
10422	-57.17019	-123.2576	66.08741	0.1125498	0.1388935	0.3402133	0.504665	0.495335	0.92834
10428	-55.8026	-122.1204	66.3178	0.1381838	0.1234115	0.3293277	0.456167	0.543833	0.7001189
10434	-56.01236	-121.2995	65.28716	0.2352054	0.181232	0.7856401	0.35424	0.64576	0.7160906
10440	-51.91917	-117.7021	65.78295	0.02260072	0.3134157	0.3487443	0.881971	0.118029	0.7853054
10446	-55.43654	-120.2973	64.86079	0.290741	0.3761793	0.7365512	0.708596	0.291404	0.603308
10452	-58.83171	-125.4387	66.607	0.2442932	0.09570697	0.2321363	0.454649	0.545351	0.603308
10458	-52.04279	-116.2737	64.23094	0.7946217	0.8827565	0.3557676	0.74834	0.25166	0.5923368
10464	-49.85497	-114.1339	64.27888	0.8750078	0.7983641	0.3429996	0.750816	0.249184	0.5737097
10470	-53.39317	-117.4171	64.02392	0.8716461	1.076525	0.2960116	0.825837	0.174163	0.7277751
10476	-64.16	-127.4096	63.24961	1.53795	1.400672	0.09526624	0.828574	0.171426	1.212755
10482	-58.85906	-121.3278	62.46872	2.137764	1.054945	0.163275	0.734303	0.265697	0.1065002
10488	-51.81448	-114.9335	63.11906	1.208263	0.6353785	0.8301234	0.734303	0.265697	0.2054215
10494	-57.00887	-121.4233	64.41445	0.7402647	0.228782	1.030507	0.632345	0.367655	0.6468556
10500	-53.99476	-117.8293	63.83459	0.5403991	0.6386186	1.030507	0.594715	0.405285	0.6468556
10506	-49.98398	-113.9245	63.94048	0.4001542	0.8689234	0.8099915	0.863507	0.136493	0.6085217
10512	-60.89002	-124.6898	63.79974	0.3707988	0.8689234	0.9520279	0.512097	0.487903	0.6428388
10518	-55.14343	-119.3822	64.23873	0.3934731	0.4417232	0.9520279	0.826977	0.173023	0.8487118
10524	-56.92988	-118.3615	61.43157	1.028843	4.528423	0.726892	0.941489	0.0585106	0.3371805
10530	-53.15082	-116.4553	63.30452	1.348402	1.616148	0.2507937	0.604049	0.395951	0.4885955
10536	-56.85652	-120.7518	63.89532	0.3684836	1.162607	0.382271	0.655136	0.344864	1.131909
10542	-51.45223	-116.2691	64.81685	0.5512208	0.2860465	0.4376334	0.654886	0.345114	1.131909
10548	-52.93325	-116.191	63.25778	0.271279	1.735967	0.4376334	0.766943	0.233057	1.296673
10554	-52.0221	-114.5687	62.5466	0.877696	1.747623	0.4376334	0.912878	0.0871217	1.374324
10560	-52.35439	-115.4475	63.09311	1.089605	2.766832	0.1892981	0.921027	0.0789727	0.5582254
10566	-54.72571	-118.9753	64.24955	1.089605	0.9327298	0.1892981	0.832974	0.167026	0.3395828
10572	-55.98717	-119.3645	63.37728	1.54405	0.9327298	0.2237293	0.576132	0.423868	0.1796741
10578	-54.49645	-119.4444	64.94798	1.443292	0.229705	0.209604	0.435699	0.564301	0.3215027
10584	-49.48792	-115.1414	65.6535	1.073503	0.229705	0.1183739	0.535039	0.464961	0.3505137
10590	-48.60283	-113.8781	65.27522	1.310195	0.229705	0.1620375	0.535039	0.464961	0.3730089
10596	-57.74247	-123.1667	65.42424	1.310195	0.06730949	0.2539274	0.19013	0.80987	0.2429271
10602	-55.88653	-121.9369	66.0504	1.022772	0.1193023	0.1334699	0.151208	0.848792	0.5844443
10608	-54.70956	-120.7091	65.9995	1.022772	0.1325991	0.1334699	0.78036	0.21964	0.5844443
10614	-55.25543	-120.3303	65.07486	0.6132587	0.6614543	0.09339511	0.638687	0.361313	1.080227
10620	-55.23857	-118.5677	63.32909	1.245109	0.5677739	0.957666	0.600697	0.399303	0.4241033
10626	-58.0648	-121.9103	63.84549	1.561893	0.5677739	0.3694183	0.400202	0.599798	0.4375996
10632	-54.41839	-118.7102	64.29183	1.510316	0.5677739	0.1025678	0.758145	0.241855	1.062169
10638	-56.71931	-120.4886	63.76925	0.6990239	0.5677739	0.5879679	0.631339	0.368661	1.239855
10644	-58.33399	-122.3827	64.04871	0.4951705	0.5677739	0.962611	0.744238	0.255762	0.6509184
10650	-57.45969	-121.2515	63.79182	0.4956859	0.5677739	0.962611	0.677729	0.322271	0.9875103
10656	-60.23136	-123.6023	63.37094	0.5551987	0.5677739	1.738593	0.508779	0.491221	0.6242832
10662	-64.16702	-127.5766	63.40956	0.8506231	0.2101327	2.416478	0.389585	0.610415	0.3806262
10668	-64.04175	-127.1299	63.08815	0.5519952	0.4586485	2.416478	0.417045	0.582955	0.7607357
10674	-69.12732	-134.0421	64.91479	0.2087327	0.4586485	0.5749872	0.321842	0.678158	0.7769877
10680	-64.89674	-128.8144	63.91766	1.065812	1.19194	0.2272924	0.658995	0.341005	0.6978241
10686	-62.55685	-127.0816	64.5248	1.297023	0.601244	0.1804394	0.471969	0.528031	0.4099898
10692	-56.62079	-120.2234	63.60262	0.8277205	1.150388	0.5449246	0.883846	0.116154	0.4464494
10698	-60.55113	-124.2611	63.70999	1.186787	1.220584	0.2732346	0.792436	0.207564	0.5459234
10704	-67.60271	-130.246	62.64329	1.186787	3.389919	0.199687	0.792436	0.207564	0.7067791
10710	-65.81958	-127.7533	61.93377	0.8873247	10.69734	0.04975476	0.977285	0.0227154	0.5010921
10716	-64.46085	-126.7869	62.32604	0.2539195	10.69734	0.09891218	0.980774	0.0192261	0.5757968
10722	-63.84026	-126.3948	62.55457	0.4574952	1.153961	1.698871	0.671309	0.328691	0.9882151
10728	-60.67066	-123.5474	62.87677	0.1761235	2.184964	0.8928265	0.755419	0.244581	0.9075303
10734	-59.81895	-123.6401	63.82118	0.06493527	0.4694836	2.090235	0.659342	0.340658	0.5791818
10740	-61.33037	-123.9072	62.57686	0.1929489	2.184964	1.321274	0.895592	0.104408	0.7609936
10746	-63.68388	-126.5371	62.85321	0.4952715	2.184964	0.7562222	0.899015	0.100985	0.7295118
10752	-63.90738	-125.8153	61.90794	0.06237894	2.929793	2.122655	0.885319	0.114681	0.5509632
10758	-55.28191	-119.3836	64.10168	1.381962	0.7059279	0.2361525	0.75346	0.24654	0.6759223
10764	-58.5179	-121.6059	63.088	0.3403256	0.9022986	1.039187	0.69104	0.30896	1.306558
10770	-61.16408	-123.9536	62.78949	0.148754	4.977214	0.3576041	0.755612	0.244388	0.6734913
10776	-60.2197	-121.5657	61.34604	0.4609937	4.977214	1.316145	0.800066	0.199934	0.5042825
10782	-63.11664	-124.0048	60.88814	1.823196	4.977214	0.2848721	0.842319	0.157681	0.1650426
10788	-59.43243	-121.2807	61.84823	1.823196	1.111072	0.754477	0.842319	0.157681	0.1483553
10794	-59.82346	-122.7445	62.92103	1.590478	0.4418623	0.754477	0.571868	0.428132	0.1483553
10800	-56.97334	-120.6858	63.7125	0.7165179	0.8562229	0.7647928	0.701349	0.298651	0.4861033
10806	-48.97155	-114.0705	65.09899	0.7165179	0.4188598	0.2507078	0.824215	0.175785	0.7896298
10812	-61.76541	-124.9284	63.163	1.15788	0.4807012	1.348401	0.671595	0.328405	0.679988
10818	-57.00306	-120.5554	63.55234	0.7146641	0.4807012	1.47036	0.634678	0.365322	0.5828948
10824	-53.66504	-116.808	63.14293	0.5169017	0.9534004	1.233638	0.573012	0.426988	0.8747365
10830	-56.24581	-120.4424	64.19655	0.6858019	0.3789602	0.9757854	0.727168	0.272832	0.584163
10836	-54.63482	-117.7188	63.084	0.9739708	0.2823062	1.914657	0.374604	0.625396	0.1979159
10842	-57.54378	-120.6569	63.11307	0.9739708	0.6895471	1.249736	0.41507	0.58493	0.3504427
10848	-60.05522	-123.6977	63.64247	0.1459769	1.177225	1.03607	0.450294	0.549706	0.3917099
10854	-60.94051	-125.3427	64.40216	0.2439718	0.6468012	0.7869917	0.639539	0.360461	0.5956516
10860	-55.54082	-119.5157	63.97491	0.08064764	0.663892	0.6861905	0.8488	0.1512	1.352592
10866	-56.42962	-120.8129	64.38323	0.294579	0.8374361	0.4016127	0.738547	0.261453	1.014974
10872	-55.16509	-119.2222	64.05706	0.5046755	0.914449	0.5764705	0.738547	0.261453	0.6894868
10878	-53.82487	-118.8919	65.06707	0.1016033	0.2712682	0.9171517	0.53383	0.46617	0.6248342
10884	-59.12527	-122.9577	63.83244	0.215275	0.2712682	2.479084	0.634607	0.365393	0.6776688
10890	-57.45505	-122.6416	65.1865	0.7894066	0.2557475	0.3650173	0.506647	0.493353	0.6830261
10896	-55.60443	-120.3631	64.7587	0.7812721	0.2557475	0.4412385	0.514733	0.485267	1.036216
10902	-57.51473	-121.0203	63.50556	0.8405627	0.3718991	1.638701	0.724981	0.275019	0.5895693
10908	-55.91422	-121.0602	65.14597	0.3245955	0.1754995	0.8764678	0.476626	0.523374	0.6524509
10914	-56.50337	-123.0434	66.54007	0.09785378	0.1107956	0.2989464	0.314959	0.685041	0.4864159
10920	-53.98136	-120.1906	66.20928	0.04494832	0.1107956	0.3977739	0.269211	0.730789	0.8561731
10926	-50.65976	-115.9991	65.33936	0.06396647	0.3621042	0.5022835	0.630621	0.369379	0.8011655
10932	-61.00969	-124.6204	63.6107	0.7759832	0.4756172	0.7647954	0.587996	0.412004	1.234023
10938	-54.47781	-118.6807	64.20292	0.913805	0.3011387	0.7647954	0.425721	0.574279	0.2564381
10944	-58.07066	-124.6562	66.58549	0.4581217	0.06761243	0.2115339	0.270198	0.729802	0.4237582
10950	-54.8358	-120.6625	65.82669	0.8794107	0.1892064	0.08391243	0.471083	0.528917	1.033397
10956	-56.29565	-122.1961	65.90049	0.4717225	0.1404839	0.1593722	0.172765	0.827235	1.214821
10962	-55.42083	-121.0085	65.58771	0.7311984	0.3127981	0.1925362	0.406062	0.593938	0.4816969
10968	-51.68921	-116.456	64.76677	0.7485001	0.2872985	0.6079193	0.496549	0.503451	0.4017035
10974	-58.36116	-121.2438	62.88264	0.1215118	0.6539763	2.845307	0.437229	0.562771	0.9237615
10980	-59.0986	-122.395	63.29637	0.02277194	0.6539763	2.093343	0.850481	0.149519	0.9871151
10986	-66.86371	-129.5951	62.73135	0.2910438	0.7098065	2.093343	0.575267	0.424733	1.193301
10992	-68.71368	-133.1159	64.4022	0.9401436	0.2203117	0.7760356	0.675932	0.324068	0.8232958
10998	-64.88403	-129.1578	64.27373	1.03201	0.2866086	0.7735658	0.344407	0.655593	0.4177042
11004	-59.22573	-121.44	62.21431	1.610073	0.9112344	0.869306	0.595384	0.404616	0.1688918
11010	-59.91613	-123.1041	63.188	0.1249228	1.446612	1.228826	0.716347	0.283653	0.7689448
11016	-57.12365	-119.9165	62.79285	0.3780842	1.432632	1.288854	0.683549	0.316451	0.8970908
11022	-56.47421	-121.415	64.94082	1.195916	0.4842576	0.1304584	0.821144	0.178856	0.6917632
11028	-55.89895	-121.4246	65.52567	0.3791433	0.267944	0.2789376	0.312511	0.687489	0.9793321
11034	-55.7077	-120.8161	65.10836	0.7485925	0.3626366	0.328518	0.586738	0.413262	0.5522082
11040	-49.69888	-113.5235	63.82465	0.2733272	0.9753539	0.5703399	0.669633	0.330367	1.149958
11046	-58.0091	-122.1682	64.15909	0.728705	0.9753539	0.2359504	0.788272	0.211728	1.03123
11052	-58.38133	-122.7931	64.41175	0.127942	0.9753539	0.2359504	0.786354	0.213646	1.333993
11058	-55.02621	-119.1022	64.07602	0.7287128	0.8826721	0.2359504	0.626796	0.373204	1.195767
11064	-59.84297	-123.8387	63.99576	0.872623	0.2265268	1.186769	0.446397	0.553603	0.2546418
11070	-60.06579	-123.7971	63.73129	1.043227	1.051952	0.3964897	0.50874	0.49126	0.5766731
11076	-59.85969	-122.9995	63.13985	1.057448	1.762242	0.3964897	0.819851	0.180149	0.3836992
11082	-62.38218	-126.8296	64.44742	0.6866858	0.9652563	0.2499947	0.848591	0.151409	0.7029446
11088	-71.71906	-135.6735	63.95446	0.979847	0.4297424	0.8087585	0.90014	0.0998603	0.6668872
11094	-63.69718	-127.9498	64.25265	1.081947	0.9483162	0.1349118	0.857932	0.142068	0.9281581
11100	-55.19609	-119.4507	64.25458	1.138996	0.9557537	0.1349118	0.459151	0.540849	0.8520105
11106	-54.29551	-118.209	63.91349	1.421984	0.5894791	0.3662356	0.75671	0.24329	0.3525491
11112	-54.18312	-118.007	63.82386	1.421984	0.5894791	0.3662356	0.701006	0.298994	0.2772773
11118	-55.57091	-121.0244	65.45345	0.5997282	0.3774364	0.2046085	0.513407	0.486593	0.7469499
11124	-55.58725	-121.3388	65.75151	0.2913649	0.3774364	0.2046085	0.725657	0.274343	0.7622225
11130	-55.44077	-120.2307	64.78992	0.3243126	0.588839	0.4581098	0.601857	0.398143	0.7622225
11136	-59.03146	-122.2073	63.17588	0.5205527	1.532433	0.4581098	0.796989	0.203011	1.243935
11142	-67.9631	-129.8551	61.892	0.8147728	4.195499	0.2839854	0.948571	0.0514294	1.329424
11148	-59.70788	-121.8475	62.1396	0.462543	2.64475	0.7282323	0.859865	0.140135	1.287899
11154	-62.1268	-123.7344	61.60762	0.3818295	11.37666	0.2490227	0.92796	0.07204	0.5595775
11160	-63.13385	-126.4921	63.3583	1.460036	1.148989	0.3083325	0.908735	0.0912654	0.3440226
11166	-62.42286	-124.7698	62.34696	0.6074552	1.148989	2.006728	0.739299	0.260701	0.844887
11172	-64.22753	-127.6926	63.46508	0.3678453	0.6433643	1.362202	0.762293	0.237707	0.9735837
11178	-69.85428	-132.4341	62.57977	1.104434	0.9258987	1.46791	0.762293	0.237707	0.5651982
11184	-68.56197	-131.2412	62.67927	1.011223	0.9258987	1.46791	0.680611	0.319389	0.5282442
11190	-72.35972	-135.1421	62.78239	0.6661452	1.010559	1.46791	0.637351	0.362649	0.8344395
11196	-61.92695	-124.7118	62.7849	0.2596097	1.010559	1.923449	0.561217	0.438783	0.9471034
11202	-59.39585	-122.3328	62.93699	0.421908	1.010559	1.455833	0.675163	0.324837	0.9471034
11208	-58.71094	-121.9788	63.26788	0.07331231	1.305444	1.455833	0.741175	0.258825	0.4386242
11214	-57.91736	-122.4297	64.51239	0.03689084	0.383675	0.9181538	0.765051	0.234949	1.086122
11220	-51.01939	-114.6016	63.5822	0.1845173	0.991191	0.9181538	0.765051	0.234949	1.037112
11226	-47.4598	-111.3926	63.93284	0.4443828	0.6685229	0.9181538	0.723714	0.276286	0.7692764
11232	-54.82031	-118.8448	64.02444	0.4675352	0.9460526	0.393183	0.785424	0.214576	1.094621
11238	-52.87211	-118.2045	65.3324	0.002818201	0.497587	0.393183	0.59389	0.40611	0.8189145
11244	-55.332	-120.9354	65.60339	0.002107268	0.497587	0.3013993	0.497807	0.502193	0.33636
11250	-52.12441	-116.7042	64.57982	0.1677153	0.9865408	0.3280234	0.641934	0.358066	0.9342791
11256	-57.3241	-120.7751	63.45099	0.3789981	0.9121565	0.8242822	0.830942	0.169058	1.150372
11262	-61.81062	-124.5026	62.69196	0.7075381	0.9121565	1.893209	0.624406	0.375594	0.4060594
11268	-62.40977	-125.0619	62.65211	0.2835979	1.11224	1.893209	0.652426	0.347574	0.978248
11274	-60.30464	-124.0586	63.75395	0.3261051	1.11224	0.6387259	0.525515	0.474485	0.944919
11280	-58.46857	-121.5665	63.09797	0.4897566	0.6850828	1.829365	0.670662	0.329338	0.8145534
11286	-56.34178	-119.6967	63.35492	0.1861299	0.6850828	2.144815	0.563939	0.436061	0.4732628
11292	-62.79928	-125.5602	62.76087	0.6831541	0.7302835	2.144815	0.706959	0.293041	0.3713637
11298	-60.36986	-124.0271	63.65724	0.850216	0.7546823	0.74412	0.819778	0.180222	0.7056243
11304	-63.3472	-127.1608	63.81355	0.8824335	0.6125581	0.74412	0.717439	0.282561	0.7056243
11310	-61.24191	-125.3996	64.15769	0.3224662	0.3215027	1.439109	0.650828	0.349172	0.8014514
11316	-54.37014	-116.6459	62.27572	0.6432234	0.8566725	3.002423	0.661342	0.338658	0.4880182
11322	-57.50464	-120.1446	62.63993	0.3952626	0.7415067	3.002423	0.808214	0.191786	0.6074076
11328	-53.88623	-117.6606	63.77433	0.5633401	0.3849113	1.5172	0.594448	0.405552	0.3233437
11334	-52.25748	-115.8992	63.64175	0.9060929	0.5404781	0.9311743	0.672698	0.327302	0.3014957
11340	-59.08362	-121.5651	62.48153	0.2350132	2.163338	0.792087	0.880672	0.119328	1.330024
11346	-55.9135	-118.1795	62.26601	1.003545	1.872512	1.035517	0.899862	0.100138	0.648532
11352	-52.59896	-117.7013	65.10237	0.7968862	0.3607163	0.3084022	0.458391	0.541609	0.580998
11358	-52.82572	-117.3166	64.49089	0.6343107	0.6917394	0.3084022	0.765651	0.234349	0.9389873
11364	-56.45888	-122.3559	65.897	0.2732873	0.2202213	0.3084022	0.824923	0.175077	0.7243779
11370	-45.03263	-111.6753	66.64264	0.4664704	0.09770705	0.1213179	0.34435	0.65565	0.7749731
11376	-49.52684	-115.9499	66.4231	0.9574923	0.09770705	0.0811028	0.636772	0.363228	0.4315763
11382	-47.28094	-113.9939	66.71297	0.6775199	0.09770705	0.05671365	0.53136	0.46864	0.7830085
11388	-48.04673	-113.5307	65.48401	1.398612	0.297171	0.05767106	0.644883	0.355117	0.5134754
11394	-55.30864	-118.9908	63.68216	1.864533	1.049304	0.05681214	0.706154	0.293846	0.9548426
11400	-54.84665	-118.8594	64.01271	1.864533	0.3641497	0.1977755	0.896002	0.103998	0.2001831
11406	-50.381	-113.7734	63.39245	1.864533	0.8396505	0.2118334	0.92064	0.0793603	0.2552351
11412	-61.19616	-123.0177	61.82154	1.864533	3.45952	0.1716748	0.848752	0.151248	0.2156349
11418	-58.88625	-121.0894	62.20318	0.4298062	4.799455	0.5892788	0.956439	0.0435607	0.4627877
11424	-63.09836	-126.9189	63.82055	0.4225895	0.672697	0.4305865	0.683358	0.316642	1.503137
11430	-59.64702	-124.6653	65.0183	0.3405501	0.4174794	0.3736665	0.504735	0.495265	0.9937179
11436	-60.68701	-125.2469	64.55986	0.8216843	0.3676441	0.3736665	0.630268	0.369732	1.066279
11442	-62.44253	-128.1656	65.72312	0.1657896	0.2878585	0.3736665	0.751267	0.248733	0.663006
11448	-62.07804	-127.4506	65.37257	0.5818841	0.2369838	0.3767923	0.6219	0.3781	0.7598735
11454	-64.03531	-128.9139	64.87859	0.9508965	0.2369838	0.4682565	0.590839	0.409161	0.6864564
11460	-57.11714	-122.2607	65.14357	0.8896262	0.2369838	0.387557	0.465588	0.534412	0.4772513
11466	-58.42534	-125.2327	66.80737	0.0482689	0.1227931	0.1496553	0.520282	0.479718	0.8363819
11472	-56.44862	-122.2372	65.78863	0.4235153	0.3199293	0.178021	0.470213	0.529787	0.8088959
11478	-53.21541	-118.5781	65.36267	0.5571025	0.2823034	0.3837785	0.544448	0.455552	0.4466778
11484	-53.52522	-118.5125	64.98728	0.6362367	0.2823034	0.4439414	0.670971	0.329029	0.8733408
11490	-58.82761	-123.2797	64.45213	0.4514037	0.2823034	0.4861535	0.657793	0.342207	1.450184
11496	-56.07676	-119.6995	63.62271	0.5638832	1.1696	0.4861535	0.836918	0.163082	1.020854
11502	-55.64531	-120.4382	64.79286	0.1461497	0.7216349	0.4669621	0.63054	0.36946	0.7290646
11508	-64.00867	-129.0262	65.01753	1.41033	0.211088	0.2454898	0.691971	0.308029	0.5241962
11514	-54.76994	-119.7021	64.93212	0.5408038	0.7518121	0.2294952	0.557967	0.442033	0.6103711
11520	-60.82655	-125.0368	64.21026	0.9696271	0.3026013	0.8563296	0.555307	0.444693	0.443255
11526	-55.78565	-119.6792	63.89356	0.1963304	0.6043791	1.367602	0.555307	0.444693	0.7189223
11532	-58.34887	-123.2565	64.90764	0.3097967	0.3017702	0.8280715	0.445285	0.554715	0.4594985
11538	-55.7226	-120.5104	64.78779	0.7263177	0.3138379	0.5676513	0.301739	0.698261	0.4041935
11544	-53.07756	-118.4916	65.41404	0.3888795	0.3138379	0.3529078	0.672587	0.327413	0.775446
11550	-56.08145	-121.1165	65.03502	0.6623725	0.3235102	0.4004062	0.711756	0.288244	0.3079772
11556	-52.7804	-118.2042	65.42383	0.3280815	0.3235102	0.4004062	0.48711	0.51289	0.6673876
11562	-55.78031	-120.1873	64.40704	0.7229629	0.3235102	0.8242205	0.503502	0.496498	0.6673876
11568	-53.78934	-117.449	63.65962	0.3087366	0.3235102	2.198347	0.659638	0.340362	0.8307024
11574	-46.38086	-112.021	65.64012	0.4118148	0.3235102	0.2076029	0.442916	0.557084	0.8845281
11580	-53.84556	-118.1678	64.32229	0.6760728	0.3235102	0.511239	0.62354	0.37646	1.266549
11586	-47.44021	-112.0225	64.58228	0.5488917	0.3235102	0.6521093	0.637592	0.362408	0.9528874
11592	-52.24781	-116.2165	63.96874	1.156944	0.3235102	0.8150735	0.698294	0.301706	0.345147
11598	-47.05729	-112.4385	65.38119	0.9843203	0.3288496	0.1370459	0.614498	0.385502	0.76361
