Iteration	Posterior	Likelihood	Prior	rate_log_sd	rate_loss	rate_neo	root_freqs[1]	root_freqs[2]	tree_length
0	-52.55985	-116.9815	64.42167	0.8651515	0.3591504	0.5346645	0.596231	0.403769	0.8875785
6	-53.79642	-118.7372	64.94076	0.3460608	0.3591504	0.5346645	0.726535	0.273465	0.8875785
12	-51.41204	-115.3079	63.89587	0.1933775	1.06408	0.4847617	0.549588	0.450412	1.200193
18	-52.47491	-116.7058	64.23088	1.190374	0.3241465	0.4257197	0.524812	0.475188	0.1963155
24	-53.25694	-117.2799	64.02292	1.190374	0.3399914	0.741689	0.469958	0.530042	0.394936
30	-52.8649	-117.0788	64.21387	1.004315	0.6759705	0.3906691	0.795507	0.204493	0.5301961
36	-52.89179	-117.9781	65.08628	0.8818305	0.2561768	0.3906691	0.695819	0.304181	0.5719038
42	-53.1558	-118.4006	65.24478	0.8818305	0.1847745	0.3906691	0.707868	0.292132	0.3542717
48	-56.00935	-118.7848	62.7755	1.182458	0.1847745	3.127141	0.422449	0.577551	0.3170381
54	-58.09567	-122.1835	64.08785	0.7690549	0.282702	1.236544	0.592754	0.407246	0.4430369
60	-57.29217	-121.1907	63.8985	0.9121858	0.282702	1.236544	0.560457	0.439543	0.3540754
66	-58.24067	-120.711	62.47029	0.8102284	0.9679599	1.621273	0.560457	0.439543	0.221355
72	-55.93781	-119.8786	63.94077	0.1871077	0.3963522	1.621273	0.38076	0.61924	0.8817008
78	-63.08703	-125.5552	62.46821	0.6526805	1.102582	1.621273	0.682722	0.317278	0.9788179
84	-58.56605	-122.9923	64.42628	0.4727232	1.319461	0.2313507	0.70465	0.29535	0.6282768
90	-55.63545	-121.2853	65.64981	0.9144586	0.2080936	0.1274663	0.365031	0.634969	0.936026
96	-54.67396	-119.315	64.64099	1.421967	0.488913	0.1652019	0.670554	0.329446	0.4693132
102	-56.83728	-120.7169	63.87961	0.1790002	1.33098	0.585438	0.862823	0.137177	0.8420393
108	-58.485	-122.9046	64.41962	0.0001762494	0.7298803	0.585438	0.592513	0.407487	1.08964
114	-54.14952	-118.7018	64.55223	0.0005053766	1.064378	0.426666	0.699658	0.300342	0.842814
120	-52.65664	-118.2918	65.63519	0.05991155	0.2260377	0.3054698	0.699658	0.300342	1.216331
126	-53.19948	-118.757	65.55756	0.107202	0.2618041	0.3803837	0.564919	0.435081	1.011804
132	-58.3457	-123.332	64.98629	0.4308408	0.2618041	0.3803837	0.716155	0.283845	1.235483
138	-56.26294	-122.4483	66.18532	0.3892778	0.2618041	0.1458285	0.546782	0.453218	0.6097632
144	-53.79118	-120.3105	66.51929	0.2194591	0.1983371	0.1458285	0.507846	0.492154	0.6371146
150	-53.19475	-119.3203	66.12559	1.103	0.09497175	0.1213748	0.271751	0.728249	0.5449338
156	-51.7746	-117.9714	66.19677	0.1836087	0.3901887	0.1213748	0.590352	0.409648	0.6096558
162	-56.32022	-119.8544	63.53417	0.7786678	0.9828697	0.6611697	0.771355	0.228645	0.7792703
168	-54.68289	-118.8055	64.12261	0.9770298	0.738567	0.3212106	0.863229	0.136771	0.8679865
174	-55.20958	-119.9432	64.73357	1.694783	0.3017142	0.1656929	0.700412	0.299588	0.4677973
180	-57.12279	-121.4741	64.35126	1.671456	0.5888644	0.1193659	0.594512	0.405488	0.3572994
186	-57.38495	-123.1772	65.79229	1.131427	0.2100049	0.07550378	0.674122	0.325878	0.7576975
192	-63.3386	-126.9162	63.57758	0.544551	0.6538048	0.7099324	0.629728	0.370272	1.285083
198	-58.0072	-121.9931	63.98593	0.9531093	0.6538048	0.5412396	0.709067	0.290933	0.3604449
204	-62.57158	-127.0481	64.4765	0.5830666	0.5606383	0.5412396	0.606987	0.393013	0.6974422
210	-55.37158	-119.8612	64.48958	0.9547006	0.5606383	0.3574984	0.68545	0.31455	0.5612574
216	-56.44657	-119.56	63.11342	0.9448056	1.24908	0.744375	0.843654	0.156346	0.4169678
222	-57.24801	-120.1586	62.91062	0.9448056	1.24908	0.9209366	0.769794	0.230206	0.4169678
228	-53.86358	-118.4056	64.54205	0.2890952	0.3092489	0.9209366	0.444975	0.555025	0.9622583
234	-51.631	-117.1453	65.51435	0.2001492	0.2104299	0.5327078	0.444975	0.555025	0.8114567
240	-54.02024	-118.2604	64.24016	0.7431544	0.5726769	0.5087886	0.773351	0.226649	0.8531399
246	-53.50181	-116.9135	63.41174	0.6066724	0.4519796	1.89232	0.494387	0.505613	0.3939885
252	-50.16154	-113.9172	63.7557	0.2833333	0.4519796	1.89232	0.554139	0.445861	0.4487747
258	-57.28089	-120.2759	62.99497	0.6279712	0.7212785	1.609378	0.790983	0.209017	0.2445309
264	-56.06199	-120.4299	64.36787	0.8600636	0.7212785	0.350251	0.613258	0.386742	0.4182779
270	-58.5044	-121.4378	62.93344	0.5666984	3.160918	0.4065791	0.882124	0.117876	0.4899854
276	-59.60753	-122.8379	63.23034	1.128606	1.13839	0.4210227	0.584825	0.415175	0.2059418
282	-56.9706	-120.4586	63.48799	1.776216	0.5076394	0.4249607	0.749017	0.250983	0.2807914
288	-58.64859	-122.5789	63.93027	1.152543	0.4927634	0.4566662	0.637743	0.362257	0.2100543
294	-59.26002	-123.8916	64.63159	1.152543	0.4927634	0.2422483	0.84443	0.15557	0.3638837
300	-61.87239	-125.8561	63.98376	1.291764	0.4927634	0.4737013	0.597194	0.402806	0.3406774
306	-59.60467	-122.4372	62.83252	1.291764	1.641273	0.4737013	0.907503	0.092497	0.3646292
312	-73.46258	-136.1361	62.67354	0.6326205	1.911443	0.9916492	0.815795	0.184205	0.6065851
318	-66.84758	-132.0982	65.25062	0.8361405	0.1361233	0.4663921	0.381523	0.618477	0.7842448
324	-53.65994	-118.1968	64.5369	0.957019	0.3554939	0.4426837	0.634099	0.365901	0.2697869
330	-54.69353	-119.596	64.90247	0.170159	0.4725077	0.4426837	0.650743	0.349257	1.048744
336	-54.07876	-118.5157	64.43697	0.8360185	0.4725077	0.4426837	0.760034	0.239966	0.8340133
342	-54.14516	-119.2704	65.12525	1.145599	0.4167525	0.1139031	0.464326	0.535674	0.7713668
348	-57.3467	-122.1176	64.77087	1.397371	0.2926134	0.2492094	0.788134	0.211866	0.3744291
354	-71.82012	-135.0682	63.24807	1.021404	0.8517747	0.9090076	0.783511	0.216489	0.5046685
360	-61.76235	-125.4789	63.71659	0.0373169	0.6586965	1.504178	0.800478	0.199522	0.9205691
366	-57.94352	-121.5957	63.65215	0.8611548	0.6586965	0.4529806	0.417952	0.582048	1.275037
372	-70.19736	-135.0402	64.8428	0.5261146	0.3730121	0.5944481	0.599603	0.400397	0.5024163
378	-64.35987	-127.8936	63.53369	0.5718889	0.511293	1.03401	0.78179	0.21821	1.173129
384	-51.45738	-114.9658	63.50838	0.9642964	1.279396	0.4529806	0.819039	0.180961	0.5511356
390	-49.74135	-113.323	63.58164	1.143755	1.001261	0.4529806	0.6423	0.3577	0.5511356
396	-49.36034	-112.5682	63.20787	0.4583011	1.001261	1.388732	0.770851	0.229149	0.5690342
402	-55.46952	-117.7945	62.32495	0.8667379	0.5532367	3.2927	0.702669	0.297331	0.4503368
408	-56.34716	-120.0353	63.68809	0.3557754	0.6256805	0.9349165	0.729279	0.270721	1.163422
414	-52.8043	-116.4594	63.65511	0.5911952	1.876205	0.3386	0.701324	0.298676	0.6310659
420	-56.84853	-119.5283	62.67973	0.2685199	1.876205	0.5073899	0.798488	0.201512	1.581862
426	-56.03206	-119.9089	63.87689	0.02723853	1.876205	0.5073899	0.798488	0.201512	0.6866705
432	-59.09358	-122.0123	62.91867	0.001669645	2.991942	0.8578528	0.954102	0.0458984	0.4688294
438	-56.18567	-119.7485	63.56284	0.0004682814	2.991942	0.3701567	0.891788	0.108212	0.7259782
444	-60.93014	-122.6716	61.74145	0.005579981	1.333054	4.550865	0.762658	0.237342	0.8518063
450	-61.80459	-123.8875	62.08294	0.7392348	0.4857708	4.550865	0.664913	0.335087	0.6759272
456	-61.10894	-124.0386	62.92963	1.210262	1.146686	0.7529049	0.655402	0.344598	0.5839022
462	-66.06527	-131.3267	65.26144	0.3688334	0.2749772	0.5650368	0.427985	0.572015	0.5174982
468	-65.93073	-130.8746	64.94388	0.3701952	0.2749772	0.5599962	0.576145	0.423855	1.017467
474	-63.9273	-127.0334	63.10613	1.070279	1.339159	0.5599962	0.860685	0.139315	0.7222283
480	-60.76564	-122.0159	61.25029	0.7819126	11.75437	0.1758908	0.95546	0.0445399	0.7904582
486	-59.53357	-122.0303	62.4967	0.7819126	3.028344	0.4773601	0.899335	0.100665	0.2742441
492	-75.33956	-136.829	61.4894	1.3895	4.198936	0.5353976	0.731731	0.268269	0.4004555
498	-62.74508	-126.4327	63.68763	1.017839	0.8445935	0.5353976	0.513721	0.486279	0.6825238
504	-66.6721	-130.2699	63.59776	0.2014631	0.834178	1.17076	0.606532	0.393468	0.9254815
510	-64.84881	-128.9127	64.06387	1.013288	0.899594	0.3298007	0.788899	0.211101	0.5196538
516	-66.01344	-129.47	63.45657	0.3294882	0.899594	1.137963	0.667992	0.332008	0.8919075
522	-65.92379	-129.5754	63.65166	0.6622448	0.590565	1.137963	0.799144	0.200856	0.7022364
528	-62.048	-127.7723	65.72429	0.1461534	0.1918741	0.5159568	0.381894	0.618106	0.7022364
534	-56.0128	-121.9007	65.88791	0.1737008	0.2455974	0.3319534	0.537072	0.462928	0.7022364
540	-51.41844	-116.5623	65.14389	0.9122071	0.2707703	0.3319534	0.628494	0.371506	0.4480233
546	-55.68915	-120.6076	64.91849	0.3606223	0.2450696	0.8973238	0.56291	0.43709	0.4524817
552	-62.05343	-126.2867	64.23326	0.4404807	0.4354761	1.092237	0.585546	0.414454	0.4968247
558	-61.78224	-125.1522	63.36994	0.4346422	0.6953742	1.228963	0.747179	0.252821	1.041105
564	-58.97501	-122.4487	63.47367	0.6033768	0.4608921	1.724178	0.770489	0.229511	0.6914875
570	-59.7489	-123.7101	63.96124	0.5200434	0.3329124	1.481198	0.464466	0.535534	0.7165692
576	-59.72716	-124.2338	64.50666	0.5329133	0.3329124	0.6346977	0.680947	0.319053	1.047926
582	-56.79847	-119.9484	63.1499	1.621702	1.048449	0.2715936	0.825674	0.174326	0.2091278
588	-57.61373	-121.4237	63.80996	1.957882	0.3521675	0.1934717	0.832687	0.167313	0.159154
594	-57.89675	-123.068	65.17129	2.450582	0.1083224	0.0191592	0.355999	0.644001	0.5231546
600	-56.86736	-121.9129	65.04549	2.160267	0.2333365	0.01862863	0.491716	0.508284	0.5382484
606	-58.20603	-122.7199	64.51392	2.598302	0.2667664	0.01608574	0.686485	0.313515	0.5607718
612	-54.44687	-119.42	64.97309	1.667525	0.234654	0.01608574	0.686485	0.313515	1.232054
618	-62.51489	-126.9999	64.48505	0.9820859	0.5047052	0.04112576	0.428444	0.571556	1.641649
624	-58.99272	-125.3133	66.32061	0.02642382	0.3003079	0.08489761	0.390113	0.609887	1.088492
630	-59.64587	-123.2271	63.58122	0.1361935	1.019887	1.117052	0.79002	0.20998	0.8491305
636	-52.72939	-115.961	63.23157	0.6426585	1.019887	1.117052	0.79002	0.20998	0.4269521
642	-56.6336	-121.2519	64.6183	0.436211	0.7189164	0.4254726	0.626854	0.373146	0.6616933
648	-62.32365	-125.4211	63.0975	0.8205664	2.153235	0.4254726	0.90035	0.0996496	0.6143482
654	-65.63541	-128.458	62.82263	1.178362	3.359394	0.1542177	0.928226	0.0717745	0.6833458
660	-64.62726	-127.012	62.38473	1.178362	1.988483	0.7007798	0.963188	0.0368123	0.360301
666	-56.82377	-119.6595	62.83569	1.335422	1.988483	0.3315679	0.946754	0.053246	0.3555011
672	-60.58054	-124.431	63.85041	0.1150662	1.372337	0.5257376	0.943435	0.0565654	1.00792
678	-61.14646	-123.7304	62.58397	0.9400193	2.571877	0.5257376	0.956276	0.0437238	0.6306295
684	-59.04096	-122.281	63.24005	0.9262794	1.52095	0.5257376	0.888675	0.111325	0.529488
690	-60.63346	-123.9127	63.27921	0.7727853	1.246482	0.5257376	0.706233	0.293767	1.023797
696	-55.6933	-120.851	65.15769	0.1473577	0.521354	0.2307205	0.491289	0.508711	1.186626
702	-56.82807	-122.3142	65.48609	0.3959309	0.3735897	0.2307205	0.569559	0.430441	0.8828332
708	-49.44252	-114.7614	65.31888	0.749292	0.3735897	0.2307205	0.57925	0.42075	0.5778357
714	-55.08019	-120.3903	65.31007	0.749292	0.3735897	0.2307205	0.57925	0.42075	0.606198
720	-51.77249	-116.7855	65.01299	0.6210429	0.4944367	0.1907112	0.57925	0.42075	1.032739
726	-54.36694	-118.0521	63.68516	0.4693287	2.772747	0.1907112	0.770077	0.229923	0.6265745
732	-57.38655	-119.4338	62.04726	0.6246563	2.30535	1.476238	0.894424	0.105576	0.5924093
738	-61.68555	-125.3809	63.6954	0.04501937	0.6444978	1.476238	0.439794	0.560206	0.9772025
744	-56.75916	-122.4999	65.74075	0.6561466	0.2289275	0.2383633	0.419949	0.580051	0.4815001
750	-56.0043	-120.6954	64.69113	0.8231193	0.7066549	0.2383633	0.604187	0.395813	0.5845156
756	-55.65189	-119.4535	63.80162	0.5404647	0.6772164	0.7726698	0.604187	0.395813	0.9894037
762	-54.73475	-119.126	64.39128	0.9399093	0.6772164	0.2713934	0.599457	0.400543	0.82496
768	-54.79723	-120.1542	65.35696	0.1541528	0.3070332	0.4375271	0.561053	0.438947	0.9462967
774	-50.72308	-116.4003	65.67726	0.1641448	0.2643204	0.4375271	0.608924	0.391076	0.6256536
780	-51.25526	-115.1654	63.91017	1.207882	0.5398243	0.5330556	0.655914	0.344086	0.3598268
786	-53.58362	-117.9099	64.32629	1.001633	0.3368428	0.653855	0.694047	0.305953	0.6386465
792	-56.67907	-120.2893	63.61025	0.6355603	1.001532	0.653855	0.688757	0.311243	0.8543945
798	-61.87524	-125.5088	63.63354	0.623752	0.9351465	0.8191362	0.850592	0.149408	0.6116852
804	-59.80039	-122.891	63.09064	1.633724	0.7066971	0.5491474	0.847843	0.152157	0.2566248
810	-63.13183	-125.6334	62.5016	0.2662288	3.164467	0.8191362	0.851569	0.148431	0.7958188
816	-62.71494	-125.1437	62.42879	0.1733472	1.445409	2.108634	0.68036	0.31964	0.9030466
822	-57.78269	-120.7213	62.93864	0.3947208	1.445409	1.087107	0.718875	0.281125	0.9030466
828	-61.97087	-124.9979	63.02705	0.3038241	1.16232	1.528134	0.501731	0.498269	0.7391306
834	-61.93038	-126.1422	64.21178	0.7494893	0.2724762	0.964903	0.331344	0.668656	0.8642243
840	-56.75804	-121.5449	64.7869	1.18507	0.3402971	0.3005496	0.392176	0.607824	0.4887813
846	-56.24218	-121.4261	65.1839	0.532876	0.1578393	0.7388952	0.318184	0.681816	0.4249134
852	-50.63932	-116.0808	65.44152	0.2488614	0.1578393	0.7388952	0.415353	0.584647	0.6527996
858	-50.02383	-115.4885	65.4647	0.3766616	0.4711171	0.1799288	0.775855	0.224145	0.892948
864	-55.14931	-119.9109	64.76163	0.7402889	0.4711171	0.3107935	0.576173	0.423827	0.8813673
870	-54.74626	-119.8873	65.14103	0.9228728	0.3019212	0.2979513	0.463405	0.536595	0.5015565
876	-48.23869	-113.3416	65.10293	0.6797422	0.4381362	0.2979513	0.67653	0.32347	0.5399306
882	-51.87091	-116.9167	65.04574	0.4471732	0.4381362	0.4055384	0.451844	0.548156	0.7041974
888	-55.77906	-120.5075	64.72845	0.2806225	0.781019	0.4055384	0.872827	0.127173	0.6736546
894	-63.13162	-126.6289	63.4973	0.6109396	1.31927	0.4055384	0.747854	0.252146	1.111225
900	-70.30786	-134.1104	63.80253	0.1585322	0.9588107	0.8265974	0.686525	0.313475	0.9776092
906	-66.80986	-130.6059	63.79601	0.6729852	0.6030827	0.8265974	0.711367	0.288633	0.896019
912	-69.36095	-132.6103	63.24938	0.8639528	0.7245807	1.23172	0.427907	0.572093	0.5050585
918	-69.25138	-133.2714	64.02002	0.7938147	0.3040622	1.23172	0.800275	0.199725	0.5443246
924	-72.8814	-136.4292	63.54782	0.7938147	0.7388465	0.4326808	0.792793	0.207207	1.358633
930	-70.02524	-133.2066	63.18132	0.7003352	0.1876319	3.418096	0.465737	0.534263	0.6587512
936	-68.35556	-131.1363	62.78077	0.9009791	0.272014	3.418096	0.354055	0.645945	0.4379292
942	-62.982	-128.2021	65.22007	0.8451761	0.3105633	0.2868037	0.487171	0.512829	0.4507118
948	-69.43142	-134.7818	65.35042	0.203024	0.3105633	0.3495455	0.460241	0.539759	1.067041
954	-71.85057	-136.5937	64.7431	1.108248	0.3105633	0.2547551	0.349497	0.650503	0.991959
960	-61.02425	-122.9066	61.88235	0.1346091	1.610099	1.464741	0.955423	0.0445769	1.643152
966	-54.76624	-116.9089	62.14268	0.5235362	0.9927518	3.103447	0.72904	0.27096	0.704725
972	-56.88633	-121.8646	64.97829	0.5124157	0.3767942	0.4111001	0.509662	0.490338	0.8561309
978	-56.60684	-121.1616	64.55475	0.5494929	0.7337933	0.4111001	0.762001	0.237999	0.5278015
984	-49.97558	-114.9233	64.94776	0.2041849	0.53519	0.5461572	0.858626	0.141374	0.5278015
990	-52.28421	-117.2694	64.9852	0.01437669	0.53519	0.5088976	0.478999	0.521001	0.9011193
996	-54.78806	-120.9481	66.15999	0.0794255	0.211089	0.3230132	0.446093	0.553907	0.468384
1002	-54.75141	-120.5708	65.81942	0.9830669	0.209731	0.1238564	0.438392	0.561608	0.5944271
1008	-54.00545	-118.1262	64.12075	0.8914652	0.4987885	0.6146566	0.494083	0.505917	0.7551554
1014	-50.96662	-116.5925	65.62592	0.02879031	0.3537747	0.257833	0.730168	0.269832	1.083118
1020	-55.08211	-119.4673	64.38523	0.6978692	1.500526	0.1367426	0.862267	0.137733	0.5420774
1026	-56.85746	-121.2905	64.43308	0.4269178	1.064275	0.3455767	0.832223	0.167777	0.5969619
1032	-54.9872	-118.8198	63.83258	1.019526	0.7876223	0.4966829	0.530527	0.469473	0.3773574
1038	-57.33386	-121.0523	63.71841	1.019526	0.7876223	0.4966829	0.627727	0.372273	0.2735045
1044	-57.03289	-120.9819	63.94901	1.047088	0.7876223	0.418531	0.871972	0.128028	0.6320158
1050	-61.12254	-124.2966	63.17401	1.014358	1.448679	0.545431	0.843451	0.156549	0.533035
1056	-56.12469	-119.8542	63.72947	1.094469	1.478801	0.2225889	0.694141	0.305859	0.5460459
1062	-51.93541	-115.3246	63.38917	1.627015	1.63823	0.09565587	0.863587	0.136413	0.2823064
1068	-56.5597	-121.2166	64.65688	1.627015	0.3643099	0.1110315	0.739189	0.260811	0.8980908
1074	-55.49647	-119.4465	63.95001	1.768771	0.8705927	0.1110315	0.828431	0.171569	0.3881575
1080	-52.27201	-116.7394	64.4674	0.3383973	0.5421278	0.70861	0.67164	0.32836	0.7686271
1086	-51.34797	-115.2446	63.8966	0.2808737	1.205088	0.6269898	0.666928	0.333072	0.74198
1092	-51.07573	-114.5242	63.44849	0.2536488	1.481424	0.7334256	0.908528	0.0914721	0.8879648
1098	-57.61247	-121.2615	63.64906	0.6769765	1.701433	0.2886157	0.492128	0.507872	0.8566269
1104	-51.5215	-116.9231	65.40156	0.5129884	0.3731968	0.2886157	0.492128	0.507872	0.5989741
1110	-58.17971	-123.0001	64.82036	0.8751381	0.3211164	0.4590061	0.674342	0.325658	0.4934794
1116	-58.0238	-122.886	64.86222	0.6436529	0.3211164	0.266459	0.809651	0.190349	1.255831
1122	-56.43445	-120.7654	64.33097	0.8348367	0.8432898	0.2960205	0.677549	0.322451	0.6773798
1128	-56.01146	-120.1815	64.17003	0.7193517	0.3359986	1.068501	0.427514	0.572486	0.4576211
1134	-55.26918	-121.2288	65.9596	0.7748744	0.1391026	0.04689373	0.715778	0.284222	1.311969
1140	-60.74858	-125.3171	64.56855	0.461152	0.7506173	0.391923	0.728707	0.271293	0.7460563
1146	-61.1812	-124.4197	63.23846	1.245449	0.7662634	0.8045815	0.723362	0.276638	0.5398413
1152	-53.47414	-117.7413	64.26715	0.8686892	1.258652	0.1360185	0.764303	0.235697	0.8170683
1158	-54.09058	-118.4375	64.34696	0.866779	0.846638	0.06957095	0.759571	0.240429	1.379927
1164	-48.02638	-112.3229	64.29656	1.02108	0.7783643	0.2852313	0.561192	0.438808	0.5210288
1170	-53.05873	-117.6071	64.5484	0.9798982	0.5860741	0.1813836	0.634932	0.365068	1.024073
1176	-52.63232	-117.3166	64.6843	0.6307749	0.5860741	0.1813836	0.52474	0.47526	1.216976
1182	-51.85294	-117.7849	65.93194	0.1122188	0.2223696	0.1813836	0.390576	0.609424	1.211175
1188	-54.81409	-120.7676	65.95355	0.5101602	0.2223696	0.215075	0.225726	0.774274	0.5972456
1194	-53.80262	-119.5103	65.70772	0.5653579	0.2223696	0.140786	0.216581	0.783419	1.131135
1200	-48.05896	-114.6884	66.62944	0.1589248	0.1423999	0.140786	0.390733	0.609267	0.8674749
1206	-49.62508	-115.4376	65.81257	0.797187	0.09307881	0.3088839	0.20497	0.79503	0.3255461
1212	-56.45273	-121.4358	64.98311	0.2004224	0.3378339	0.6292135	0.557374	0.442626	0.8963246
1218	-60.51729	-125.2787	64.76139	0.1956583	0.2347196	0.3227033	0.280313	0.719687	1.730114
1224	-57.76246	-123.1147	65.35225	0.1310928	0.5205094	0.3088839	0.626487	0.373513	0.8087556
1230	-68.65874	-131.3347	62.676	0.2608496	1.797489	0.8694423	0.698123	0.301877	1.254632
1236	-62.1328	-125.3901	63.25727	0.9255258	1.227536	0.6396973	0.698123	0.301877	0.6689362
1242	-55.02856	-120.838	65.80941	0.2252087	0.1046235	0.5845965	0.354908	0.645092	0.304735
1248	-58.53873	-123.7517	65.21294	0.8959033	0.1046235	0.5845965	0.732675	0.267325	0.3865971
1254	-56.05346	-119.312	63.25852	0.6046541	2.038281	0.4230897	0.849954	0.150046	0.8222356
1260	-57.6039	-122.2591	64.65518	0.6046541	0.4484271	0.5573548	0.775091	0.224909	0.6113803
1266	-58.91843	-124.0624	65.14393	0.1159016	0.4484271	0.5573548	0.56135	0.43865	0.6113803
1272	-56.79094	-121.0844	64.29344	0.5996073	0.4484271	0.8255494	0.515133	0.484867	0.6412855
1278	-61.01469	-124.7651	63.75039	1.010554	0.5370841	0.8255494	0.515133	0.484867	0.4121765
1284	-66.47339	-129.4176	62.94422	1.015184	0.8265204	1.254305	0.519435	0.480565	0.4275888
1290	-60.73409	-125.5435	64.80942	1.504878	0.2199558	0.275995	0.768892	0.231108	0.4275888
1296	-60.51499	-123.6837	63.16871	1.145678	1.866744	0.2431305	0.850286	0.149714	0.8802806
1302	-58.88563	-123.6156	64.73002	0.9166331	0.8581469	0.1397192	0.777216	0.222784	0.4499317
1308	-56.83197	-122.6757	65.84374	0.06291318	0.5335799	0.1397192	0.653728	0.346272	0.8557664
1314	-57.06482	-123.2629	66.19812	0.5031825	0.1367795	0.2186846	0.505062	0.494938	0.6606706
1320	-53.3852	-118.4373	65.05207	0.06134546	0.2541082	0.9672266	0.475112	0.524888	0.3322808
1326	-52.95118	-118.6642	65.71305	0.003034492	0.2541082	0.5371237	0.692166	0.307834	0.5762908
1332	-52.43644	-116.4094	63.97291	0.02614076	0.5550886	1.0547	0.506816	0.493184	1.188093
1338	-51.86103	-116.0304	64.16936	0.1925569	0.2787618	1.888063	0.672964	0.327036	0.6623336
1344	-53.74206	-117.7897	64.04765	0.3429528	0.7605423	0.6848969	0.864405	0.135595	0.9438863
1350	-56.37669	-120.8512	64.47454	0.02024241	0.7605423	0.6848969	0.949547	0.0504528	0.8236859
1356	-59.32047	-122.7191	63.39868	0.4832588	1.397248	0.6848969	0.949547	0.0504528	0.8236859
1362	-59.09331	-121.3981	62.30479	0.4371196	2.912381	0.9646216	0.876407	0.123593	0.758363
1368	-57.6754	-121.1461	63.47074	0.08995939	0.6607824	2.129199	0.69913	0.30087	0.6152171
1374	-58.22006	-122.0131	63.79307	0.1584168	1.00899	1.02296	0.780196	0.219804	0.6438203
1380	-54.86817	-117.223	62.35485	0.4633445	2.755999	1.02296	0.792387	0.207613	0.6438203
1386	-62.00616	-124.9906	62.98445	0.1042921	0.3860662	4.348352	0.68421	0.31579	0.6277726
1392	-58.21072	-121.0703	62.85958	0.09922781	0.3860662	4.777941	0.43162	0.56838	0.6277726
1398	-59.89806	-121.5222	61.62416	0.6061776	0.734563	4.777941	0.679743	0.320257	0.9025754
1404	-55.67108	-119.6631	63.99206	0.4661137	0.6926346	0.9055032	0.679743	0.320257	0.5671855
1410	-58.51518	-122.7801	64.26489	0.7517523	0.3543575	0.9055032	0.675498	0.324502	0.5350136
1416	-66.62638	-127.7948	61.16845	0.264954	2.427148	1.710605	0.644009	0.355991	1.592652
1422	-66.66342	-130.3857	63.7223	0.525576	0.5019453	1.282379	0.459818	0.540182	0.2776224
1428	-59.84878	-122.9003	63.0515	0.1410672	1.87084	0.9505127	0.854307	0.145693	0.8866605
1434	-63.11347	-124.9228	61.80928	0.6998788	4.134255	0.8094696	0.868911	0.131089	0.6624292
1440	-65.29618	-128.2654	62.96925	0.4674236	1.718627	0.9416016	0.855358	0.144642	0.6989096
1446	-60.94498	-123.2383	62.29331	0.5371843	0.4977196	4.605688	0.485299	0.514701	0.5544747
1452	-60.19068	-121.8076	61.61696	0.4542211	1.082758	4.605688	0.526718	0.473282	0.6706997
1458	-60.10977	-123.6851	63.57528	0.8815696	1.143701	0.5294334	0.625626	0.374374	0.5743066
1464	-62.3929	-126.0553	63.66242	0.9550287	1.264906	0.375303	0.499752	0.500248	0.6029027
1470	-61.70001	-125.0487	63.34867	0.2958719	1.264906	1.138105	0.758878	0.241122	0.5082142
1476	-60.87557	-122.4122	61.5366	0.839891	1.522232	2.481034	0.721198	0.278802	0.2529028
1482	-65.02034	-128.4932	63.47288	0.04402178	0.8704858	1.692794	0.727341	0.272659	0.7217374
1488	-62.68851	-126.2403	63.55179	0.2285363	0.3341996	2.839653	0.40222	0.59778	0.5444381
1494	-64.98566	-126.6822	61.69649	0.06159597	2.959229	1.148757	0.669117	0.330883	1.489042
1500	-59.89301	-122.4095	62.51647	0.4210609	0.8490349	2.933532	0.534851	0.465149	0.6062873
1506	-63.63224	-127.3403	63.70811	0.4378109	0.7443247	0.9352929	0.596852	0.403148	0.9118511
1512	-61.21536	-124.7271	63.51172	1.027953	0.7443247	0.5746385	0.624234	0.375766	0.9711098
1518	-61.1362	-123.1551	62.0189	1.431203	2.600327	0.5746385	0.693009	0.306991	0.4214985
1524	-66.77903	-131.1451	64.36606	1.058315	0.2751866	0.165023	0.592833	0.407167	1.62531
1530	-63.4245	-125.4107	61.98625	0.5434543	3.098214	1.21242	0.792918	0.207082	0.4859488
1536	-62.81229	-125.4965	62.68417	0.180276	2.682029	1.005697	0.877541	0.122459	0.6543457
1542	-55.67221	-118.3452	62.67299	0.6934514	2.075479	0.8603706	0.835094	0.164906	0.5348261
1548	-57.41808	-121.8749	64.45683	1.567873	0.5683976	0.1397156	0.575015	0.424985	0.5348261
1554	-64.23095	-127.2739	63.04292	1.974196	1.597129	0.1303056	0.575015	0.424985	0.6178646
1560	-57.73307	-121.7354	64.00233	1.738575	0.6393619	0.1938736	0.683967	0.316033	0.5431945
1566	-52.35915	-115.2992	62.94002	1.738575	1.395422	0.1938736	0.6379	0.3621	0.2067879
1572	-51.53159	-115.1465	63.61492	1.892686	0.4688764	0.3061315	0.306299	0.693701	0.2443429
1578	-57.27348	-119.3441	62.07064	2.199446	0.6939263	0.4073828	0.557997	0.442003	0.09010424
1584	-60.24993	-123.9819	63.73197	1.398322	0.6939263	0.4132831	0.414953	0.585047	0.6136251
1590	-58.44545	-123.411	64.96556	0.6395792	0.4964837	0.3229096	0.582998	0.417002	0.6136251
1596	-57.88723	-122.2724	64.38519	0.1966925	0.5634064	0.9198786	0.491486	0.508514	0.6778762
1602	-62.39359	-124.3544	61.96077	1.33961	4.533808	0.2698762	0.846364	0.153636	0.4162112
1608	-62.42681	-124.6597	62.23286	0.850101	4.729312	0.2698762	0.846364	0.153636	0.8566273
1614	-65.84529	-128.1657	62.32045	0.9977165	4.729312	0.1853005	0.909815	0.0901852	0.8566273
1620	-68.13694	-132.1296	63.99265	1.653082	0.1541577	0.4933339	0.567203	0.432797	0.1624254
1626	-64.38167	-128.4393	64.05765	1.842004	0.1861653	0.2571225	0.417637	0.582363	0.1360201
1632	-54.84168	-120.9762	66.13456	0.8060613	0.1861653	0.09535327	0.343479	0.656521	0.3406848
1638	-52.43567	-118.3729	65.93724	0.725293	0.1861653	0.1826579	0.518029	0.481971	0.4019326
1644	-52.68423	-118.6867	66.00245	0.4795676	0.1861653	0.1826579	0.404694	0.595306	0.8892178
1650	-50.72635	-116.4742	65.74786	0.4247844	0.267187	0.2796764	0.356038	0.643962	0.6029206
1656	-58.85814	-123.6696	64.81146	0.3031752	0.267187	0.9494213	0.631603	0.368397	0.688392
1662	-70.0685	-135.5147	65.44624	0.3662027	0.2741615	0.3317132	0.145943	0.854057	0.9323381
1668	-67.19589	-131.9565	64.76064	1.175226	0.2741615	0.3317132	0.275333	0.724667	0.7839608
1674	-51.47545	-117.4109	65.93542	0.06010945	0.1376777	0.548885	0.382369	0.617631	0.7090399
1680	-52.11987	-118.0434	65.92356	0.4277519	0.1931279	0.2378177	0.589081	0.410919	0.8278989
1686	-56.94482	-122.1221	65.17724	0.7160242	0.4573563	0.2378177	0.470541	0.529459	0.5699575
1692	-51.93588	-116.6016	64.66577	0.3272762	0.3092342	0.9104381	0.497279	0.502721	0.2938803
1698	-58.24194	-122.7441	64.50215	0.375862	0.4712403	0.5200867	0.301095	0.698905	1.109535
1704	-57.59897	-122.6262	65.02722	0.1073156	0.4712403	0.5200867	0.46874	0.53126	0.8452271
1710	-61.5832	-124.4369	62.85374	0.1118756	1.407441	1.751377	0.804327	0.195673	0.7527653
1716	-64.08266	-126.9576	62.87491	0.4464001	0.7195813	2.451855	0.804327	0.195673	0.5913108
1722	-57.20958	-120.2049	62.99535	0.8061285	0.7195813	1.575222	0.72529	0.27471	0.6788285
1728	-54.86448	-118.0811	63.2166	0.4188845	0.7865374	1.575222	0.656825	0.343175	0.8069643
1734	-60.66473	-123.5342	62.86947	0.7473483	1.23754	0.9324186	0.772201	0.227799	0.9432497
1740	-56.92927	-120.4885	63.55928	0.07000247	1.369348	0.9991921	0.92024	0.0797598	0.6988653
1746	-62.05479	-122.9637	60.90896	0.3703239	1.832607	5.333404	0.926255	0.0737447	0.6988653
1752	-54.10038	-118.3211	64.22067	0.7940232	0.4687081	0.6526396	0.437365	0.562635	0.7481523
1758	-61.31153	-126.5165	65.20494	0.3237914	0.4687081	0.3802564	0.736225	0.263775	0.6211899
1764	-66.50719	-131.1253	64.61809	1.039439	0.5538418	0.2640674	0.558221	0.441779	0.5999447
1770	-47.73819	-112.5494	64.81125	0.9332204	0.2994001	0.4099336	0.694837	0.305163	0.7432905
1776	-51.71536	-115.7795	64.06416	0.5929534	0.5592205	0.8228779	0.694837	0.305163	0.7432905
1782	-54.02051	-116.7051	62.6846	0.9622389	1.521744	0.8574646	0.835785	0.164215	0.3256079
1788	-52.90654	-116.1444	63.23784	0.810779	1.022328	0.5219194	0.891583	0.108417	1.21717
1794	-53.1642	-118.043	64.87882	0.3341362	0.2809689	0.8239779	0.665895	0.334105	0.6974229
1800	-59.36976	-122.7707	63.40097	0.8434903	0.2809689	2.045338	0.595953	0.404047	0.6974229
1806	-57.82648	-121.6749	63.84846	0.6131508	0.1491956	2.396416	0.434729	0.565271	0.3759872
1812	-53.32104	-118.5246	65.20355	0.5071064	0.1491956	0.7686935	0.434729	0.565271	0.4269298
1818	-53.32429	-118.1546	64.8303	0.8380285	0.2336415	0.5813186	0.601062	0.398938	0.3644747
1824	-58.62124	-121.5253	62.90403	0.5162569	0.9831944	1.644115	0.683836	0.316164	0.7378331
1830	-56.93695	-122.2564	65.31948	1.297671	0.321732	0.1030979	0.674134	0.325866	0.5221562
1836	-52.22127	-117.0365	64.81519	1.22499	0.2182694	0.3344069	0.428028	0.571972	0.2702716
1842	-57.17434	-122.0529	64.87857	1.241475	0.2182694	0.3344069	0.83131	0.16869	0.3296708
1848	-59.64236	-125.1755	65.53311	1.002875	0.1126004	0.3344069	0.430967	0.569033	0.4178325
1854	-62.20548	-128.0673	65.86179	0.6722418	0.1126004	0.3344069	0.334859	0.665141	0.5983812
1860	-60.82007	-127.1267	66.30658	0.5852289	0.1642985	0.0826056	0.728416	0.271584	0.931632
1866	-57.33576	-123.8292	66.49342	0.5402294	0.1642985	0.08277404	0.402237	0.597763	0.7556433
1872	-60.69621	-126.3964	65.70016	1.278578	0.1642985	0.1056024	0.344978	0.655022	0.682751
1878	-50.98718	-116.582	65.59481	1.288609	0.1960367	0.1042901	0.450726	0.549274	0.682751
1884	-55.23004	-121.0034	65.77332	1.450559	0.1976338	0.04193168	0.24827	0.75173	0.4763984
1890	-58.84687	-123.7231	64.87624	1.450559	0.3124405	0.168504	0.414961	0.585039	0.7107696
1896	-61.84312	-126.7679	64.92476	0.5037439	0.3124405	0.633009	0.420978	0.579022	0.5911502
1902	-55.54741	-118.9521	63.40471	2.472527	0.4449798	0.1541761	0.540063	0.459937	0.2051123
1908	-60.8423	-123.9425	63.10019	2.472527	0.4449798	0.1404774	0.485762	0.514238	0.1220513
1914	-63.06942	-126.5771	63.50763	1.463801	1.533193	0.1404774	0.925856	0.0741439	0.3279909
1920	-56.83309	-121.8029	64.96979	1.463801	0.3304418	0.1404774	0.535675	0.464325	0.4072554
1926	-57.7827	-122.9879	65.20521	0.7571475	0.5635394	0.1404774	0.433788	0.566212	0.7098574
1932	-52.03602	-115.5455	63.50949	1.072085	1.42122	0.332195	0.81404	0.18596	0.6059881
1938	-55.19671	-119.9778	64.78109	0.01074507	0.6622145	0.332195	0.549403	0.450597	1.23632
1944	-51.87328	-118.1494	66.2761	0.07429006	0.1572058	0.1869955	0.387259	0.612741	1.103354
1950	-56.87322	-121.9525	65.07925	0.1516163	0.5242148	0.2997775	0.535972	0.464028	1.093236
1956	-56.88901	-121.6405	64.75151	0.2114014	0.6842106	0.2997775	0.62789	0.37211	1.125753
1962	-51.92249	-117.4095	65.48705	0.7158886	0.3607372	0.1441703	0.690711	0.309289	0.8539543
1968	-54.46823	-119.271	64.80277	0.8728517	0.5939298	0.2198947	0.708949	0.291051	0.6889367
1974	-54.19566	-119.1824	64.98672	0.6596159	0.6836298	0.1876048	0.490209	0.509791	0.6889367
1980	-54.78127	-120.3394	65.55811	0.4927708	0.1330464	0.566345	0.275352	0.724648	0.5448137
1986	-50.25336	-115.3948	65.14141	0.6141636	0.2242011	0.566345	0.403975	0.596025	0.4456826
1992	-52.41569	-116.617	64.20127	0.8401879	0.771729	0.4203955	0.78994	0.21006	0.4983381
1998	-53.28417	-117.2237	63.93954	0.6404595	1.196905	0.4203955	0.831032	0.168968	0.3927197
2004	-53.39835	-117.3724	63.97407	0.5099676	1.196905	0.4019655	0.807232	0.192768	0.8357595
2010	-61.16659	-125.2217	64.05511	0.4696477	1.067127	0.3341445	0.534479	0.465521	1.064894
2016	-66.0991	-127.3084	61.20927	0.05584262	2.010204	5.137478	0.885775	0.114225	0.4015254
2022	-66.11097	-126.989	60.87804	0.2061056	2.010204	5.137478	0.876576	0.123424	0.8899687
2028	-53.1908	-117.656	64.46518	0.03961926	1.400464	0.3809316	0.713803	0.286197	0.5776975
2034	-55.29563	-118.0523	62.75669	0.252794	4.059967	0.3809316	0.933735	0.0662653	0.8982528
2040	-58.30113	-120.4462	62.14512	0.5456664	6.40085	0.2407103	0.933735	0.0662653	0.8982528
2046	-60.68704	-121.6596	60.97257	1.631183	6.356066	0.1913873	0.943396	0.0566041	0.1624707
2052	-61.26475	-122.0071	60.74237	1.631183	6.356066	0.1913873	0.939299	0.0607012	0.1181044
2058	-57.27574	-120.5665	63.29075	1.449689	1.677203	0.1913873	0.89918	0.10082	0.3733973
2064	-60.64707	-122.2124	61.56531	1.778192	4.704745	0.1768874	0.94815	0.0518503	0.2549914
2070	-60.07646	-122.3616	62.28517	0.08740075	5.442091	0.6426355	0.952533	0.0474666	0.4317206
2076	-62.80968	-124.593	61.78331	0.5575223	5.442091	0.6426355	0.921965	0.0780349	0.6592472
2082	-65.19253	-127.1297	61.93715	0.4411902	5.442091	0.6426355	0.921965	0.0780349	0.5489545
2088	-63.06613	-124.7418	61.67567	0.7069938	5.442091	0.6426355	0.952348	0.0476523	0.4906316
2094	-59.4072	-123.8681	64.46093	0.2898932	0.1946795	1.667653	0.248263	0.751737	0.6197117
2100	-66.55521	-130.2295	63.6743	1.188334	0.5766159	0.6426355	0.760181	0.239819	0.3204083
2106	-66.86435	-128.6793	61.81493	0.27139	1.004527	4.421647	0.780642	0.219358	0.8440145
2112	-57.08067	-120.6409	63.56025	0.2667958	2.416012	0.2379674	0.928377	0.0716229	1.079727
2118	-57.50927	-122.6029	65.09363	0.451875	0.2724632	0.2379674	0.308227	0.691773	1.375822
2124	-55.28689	-121.185	65.89806	0.8009271	0.1573414	0.1203771	0.380276	0.619724	0.9908351
2130	-53.1228	-116.8687	63.74586	1.364016	0.9424087	0.05452954	0.541601	0.458399	1.436966
2136	-55.34149	-120.8468	65.50534	1.02711	0.4554893	0.05452954	0.524899	0.475101	0.6671426
2142	-60.25962	-126.3522	66.0926	1.249397	0.1409632	0.05452954	0.363198	0.636802	0.5600496
2148	-53.70744	-119.9835	66.27607	1.249397	0.07239209	0.04967263	0.100709	0.899291	0.2850522
2154	-58.62454	-125.059	66.43449	1.344455	0.02037302	0.04592686	0.162983	0.837017	0.2850522
2160	-56.78539	-123.5342	66.74884	0.78274	0.0907666	0.04592686	0.162983	0.837017	0.6948373
2166	-56.86694	-123.0372	66.17026	0.5255614	0.0907666	0.1718644	0.40402	0.59598	1.066427
2172	-55.8522	-122.8054	66.95319	0.6866601	0.07436303	0.04882179	0.119939	0.880061	0.5836735
2178	-54.54983	-121.7528	67.20293	0.5328593	0.05062856	0.04882179	0.210092	0.789908	0.6393807
2184	-69.2189	-133.0495	63.83061	2.096096	0.8067517	0.06548178	0.646063	0.353937	0.3105051
2190	-63.23665	-125.6524	62.41578	2.480332	1.966353	0.06548178	0.827815	0.172185	0.2537802
2196	-58.49796	-121.7068	63.20886	1.268336	1.630288	0.2571438	0.874317	0.125683	0.8257023
2202	-62.86128	-126.9521	64.09086	0.6313581	0.4843326	0.6947757	0.625928	0.374072	0.9958324
2208	-57.23362	-122.1563	64.9227	1.397436	0.387353	0.1433419	0.584039	0.415961	0.4529201
2214	-72.15677	-135.8113	63.65451	1.397436	0.7955099	0.3670725	0.444533	0.555467	0.7025007
2220	-55.06374	-119.9884	64.92467	0.6536831	0.4391613	0.2999638	0.694269	0.305731	0.8870367
2226	-53.84969	-118.3184	64.46876	0.1189195	0.5749599	0.7679878	0.428002	0.571998	0.8870367
2232	-50.17003	-114.4454	64.27538	0.9196466	0.5749599	0.4610896	0.858383	0.141617	0.6495275
2238	-56.63686	-120.3464	63.70951	0.9196466	0.6972844	0.7579566	0.606057	0.393943	0.5191964
2244	-54.94098	-118.698	63.75698	0.7518081	0.6972844	0.7579566	0.717169	0.282831	0.7879774
2250	-51.04039	-115.289	64.2486	0.603022	0.519903	0.7781666	0.717169	0.282831	0.4325958
2256	-55.94524	-119.3418	63.39655	0.32586	0.519903	2.161038	0.723954	0.276046	0.677972
2262	-56.05759	-118.3186	62.261	1.062655	1.823731	1.014796	0.800499	0.199501	0.3812626
2268	-53.08867	-117.4439	64.35522	0.4014783	0.380764	1.014796	0.673673	0.326327	0.7516837
2274	-48.0906	-112.4527	64.3621	0.45947	0.380764	1.014796	0.751705	0.248295	0.6345278
2280	-48.83809	-113.618	64.77986	1.179576	0.380764	0.2394511	0.409011	0.590989	0.3242036
2286	-57.28089	-121.7378	64.45691	1.441012	0.380764	0.2630482	0.507033	0.492967	0.3242036
2292	-56.63619	-122.532	65.89581	0.7301716	0.2397364	0.1530474	0.545293	0.454707	0.469717
2298	-55.33945	-121.8748	66.53531	0.7430392	0.08442229	0.1192023	0.46755	0.53245	0.4350066
2304	-56.22986	-122.973	66.7431	0.4130073	0.06876919	0.1192023	0.217707	0.782293	0.8913711
2310	-59.52788	-126.1607	66.63282	0.3016947	0.06876919	0.2423009	0.264237	0.735763	0.6353108
2316	-58.64427	-123.4993	64.85508	0.9892475	0.1439526	0.5954801	0.455998	0.544002	0.2883293
2322	-54.6959	-118.5821	63.88623	0.1058664	0.8963024	0.9192476	0.862516	0.137484	0.905625
2328	-52.44191	-117.5224	65.08047	0.5850158	0.3015736	0.2477253	0.418124	0.581876	1.19929
2334	-48.9398	-114.3902	65.45039	0.1080861	0.3015736	0.3999095	0.393316	0.606684	0.9831956
2340	-51.90681	-116.0638	64.15704	0.7827471	0.9765835	0.3436169	0.780777	0.219223	0.6265163
2346	-57.0489	-120.1877	63.13881	0.08074594	0.8783236	1.564889	0.710464	0.289536	1.137694
2352	-56.5023	-122.6275	66.1252	0.008503628	0.1739575	0.2181083	0.500015	0.499985	1.164745
2358	-65.2357	-131.2785	66.04277	0.06316112	0.1826612	0.2181083	0.515507	0.484493	1.164745
2364	-53.29391	-118.0366	64.74264	1.338414	0.4590396	0.1618544	0.665872	0.334128	0.3628141
2370	-56.32847	-120.8383	64.50982	0.6606737	0.5496106	0.4059627	0.880297	0.119703	0.8875182
2376	-59.9666	-124.2619	64.29527	0.9652365	0.5496106	0.4059627	0.833194	0.166806	0.7742297
2382	-57.38161	-122.9131	65.53152	0.06405295	0.3472815	0.35377	0.771963	0.228037	0.93537
2388	-57.12305	-122.1079	64.98487	0.2430338	0.3472815	0.485254	0.509571	0.490429	1.057228
2394	-57.3352	-123.0566	65.72143	0.01710901	0.2337177	0.3511879	0.433974	0.566026	1.069401
2400	-73.25375	-137.2651	64.01131	0.1082477	1.061993	0.3966717	0.429469	0.570531	1.309049
2406	-58.47238	-121.4529	62.98053	0.3756697	1.061993	1.071138	0.726793	0.273207	1.206325
2412	-56.74547	-121.9944	65.24892	0.4951079	0.1979043	0.6170296	0.463495	0.536505	0.4073353
2418	-63.59301	-126.2616	62.66861	0.9084604	0.8989033	1.545653	0.620339	0.379661	0.738484
2424	-59.50059	-120.4531	60.95254	0.937954	2.151148	2.327092	0.825976	0.174024	0.1879284
2430	-58.22691	-122.293	64.06611	0.8442072	0.4502458	0.7011677	0.807944	0.192056	0.2647377
2436	-58.36025	-122.9166	64.55634	0.4853071	0.4502458	0.7011677	0.778102	0.221898	0.3806808
2442	-68.03952	-133.7569	65.71735	0.3507392	0.2079575	0.2375674	0.578015	0.421985	1.081187
2448	-68.84773	-131.9945	63.1468	1.255888	0.6868881	0.9478672	0.886302	0.113698	0.3935792
2454	-69.51344	-132.6948	63.18132	1.255888	0.4700872	1.152189	0.575278	0.424722	0.7868534
2460	-60.5247	-123.9028	63.37814	1.465954	0.6245126	0.5421268	0.768581	0.231419	0.2554829
2466	-61.40769	-124.6495	63.24184	1.453479	0.6245126	0.647903	0.50201	0.49799	0.2587391
2472	-73.53795	-137.5531	64.01512	1.694252	0.2767339	0.3988122	0.420306	0.579694	0.2462823
2478	-72.23519	-136.9886	64.7534	1.245527	0.1705395	0.5177163	0.581935	0.418065	0.5224581
2484	-68.2383	-131.9681	63.72979	0.2876841	0.3458696	1.98761	0.726294	0.273706	0.8573274
2490	-57.54508	-122.4409	64.89579	0.8807596	0.3153675	0.416989	0.389367	0.610633	0.4390563
2496	-59.49183	-124.4511	64.95923	0.8721143	0.2848958	0.416989	0.574192	0.425808	0.6184806
2502	-51.88977	-117.1728	65.28306	0.4156591	0.4226411	0.3385423	0.433397	0.566603	0.6184806
2508	-49.22755	-114.3523	65.12474	0.4574581	0.3439775	0.2289583	0.804177	0.195823	1.23284
2514	-53.36235	-118.486	65.12367	0.2623438	0.3439775	0.3106236	0.647222	0.352778	1.226043
2520	-57.92231	-122.2363	64.31395	1.009261	0.3439775	0.6535056	0.612789	0.387211	0.40144
2526	-54.26686	-120.0047	65.73783	0.3978985	0.3439775	0.2323326	0.48704	0.51296	0.514624
2532	-55.01665	-119.8856	64.86899	1.441754	0.3439775	0.1587513	0.48704	0.51296	0.6735401
2538	-53.22999	-117.1421	63.91212	0.322266	0.6151817	1.260725	0.652937	0.347063	0.4723956
2544	-60.43072	-124.0203	63.58961	0.2423246	0.6932415	1.479179	0.662993	0.337007	0.7933707
2550	-59.1233	-121.4283	62.30503	1.273846	0.441455	2.628056	0.499762	0.500238	0.3164706
2556	-59.9757	-124.3869	64.41118	1.273846	0.441455	0.3134134	0.724593	0.275407	0.3472283
2562	-60.20864	-124.8416	64.63295	0.4765576	0.460847	0.3134134	0.564985	0.435015	1.263664
2568	-56.65093	-122.3878	65.73684	0.08358601	0.5076004	0.2064673	0.638787	0.361213	0.7349447
2574	-61.30214	-126.6602	65.35809	0.494079	0.5076004	0.195812	0.552761	0.447239	0.7349447
2580	-61.70027	-125.0263	63.32606	0.8169414	0.3819056	1.909599	0.765174	0.234826	0.6139515
2586	-62.42355	-125.5031	63.07955	0.2439703	0.9630704	1.784652	0.739918	0.260082	0.7736766
2592	-60.48043	-124.7415	64.26103	0.05442847	0.6708013	0.7567498	0.733889	0.266111	1.043188
2598	-68.2563	-129.569	61.31265	0.3195825	1.465336	1.826017	0.731732	0.268268	1.813099
2604	-59.90777	-123.7762	63.86843	0.03607187	0.3502656	2.035663	0.645278	0.354722	0.9424768
2610	-54.11349	-116.8812	62.76776	1.137168	0.4761201	2.035663	0.668689	0.331311	0.4253941
2616	-59.99402	-122.2996	62.30554	0.1289836	1.492815	2.744239	0.807079	0.192921	0.6225779
2622	-54.28153	-119.2868	65.0053	0.2065761	0.5667671	0.4480253	0.512096	0.487904	0.686476
2628	-63.27304	-126.348	63.07496	1.149866	1.031582	0.5763237	0.631575	0.368425	0.2145673
2634	-60.63993	-123.4887	62.84878	1.366168	1.041731	0.5763237	0.881439	0.118561	0.2145673
2640	-56.41162	-120.9993	64.58772	0.8292155	0.325665	0.5763237	0.44063	0.55937	0.3268742
2646	-53.02563	-117.4765	64.45083	0.8902369	0.8681587	0.2202111	0.882088	0.117912	0.660913
2652	-54.52766	-119.9666	65.4389	1.311666	0.2739899	0.09759878	0.57574	0.42426	0.464148
2658	-51.5727	-117.7407	66.16805	0.9899854	0.129083	0.09759878	0.235004	0.764996	0.6407388
2664	-58.85019	-123.9274	65.07718	1.682126	0.271379	0.09759878	0.38049	0.61951	0.4855725
2670	-57.91192	-122.8342	64.92227	1.698787	0.3198799	0.09759878	0.480531	0.519469	0.3973708
2676	-60.56914	-124.612	64.04289	1.705337	0.2361704	0.2676682	0.687479	0.312521	0.1398922
2682	-59.16643	-122.6361	63.46967	1.119325	1.235273	0.316035	0.73989	0.26011	0.247491
2688	-62.05172	-127.4095	65.35773	0.8611345	0.2280741	0.3059119	0.813846	0.186154	0.5858714
2694	-60.51716	-126.0712	65.55408	0.2421557	0.2280741	0.3914325	0.378046	0.621954	0.9464266
2700	-58.98789	-123.4487	64.46085	0.08438625	0.3769161	1.076886	0.434469	0.565531	0.9464266
2706	-65.54878	-130.0321	64.48333	0.5880684	0.3769161	0.6609066	0.69879	0.30121	0.881594
2712	-65.59946	-130.5855	64.98602	0.08587686	0.3769161	0.6609066	0.493901	0.506099	0.8810214
2718	-64.92178	-128.5117	63.5899	0.7824455	0.662865	0.8039886	0.728092	0.271908	0.9391852
2724	-66.66284	-128.9805	62.31765	1.106548	1.283804	1.37556	0.700604	0.299396	0.5497046
2730	-64.35971	-127.5762	63.21645	0.9298252	1.268944	0.660185	0.543679	0.456321	0.6072611
2736	-63.29011	-125.4008	62.11068	0.8328631	3.428216	0.660185	0.867875	0.132125	0.6681449
2742	-64.73882	-126.5214	61.78263	0.6457057	2.753309	0.6822569	0.683967	0.316033	1.432747
2748	-61.3389	-124.606	63.26707	0.9689779	1.115738	0.6822569	0.692864	0.307136	0.6443001
2754	-50.81386	-115.0484	64.23456	2.252892	0.07664878	0.07259205	0.317606	0.682394	0.07586368
2760	-52.08255	-118.0067	65.92418	1.306027	0.07664878	0.07259205	0.345444	0.654556	0.2074433
2766	-54.72102	-120.7245	66.00352	1.217826	0.03111834	0.1172185	0.257699	0.742301	0.1952443
2772	-60.60722	-126.1048	65.49758	0.5895629	0.07830685	0.6658633	0.522346	0.477654	0.6809768
2778	-54.74468	-121.0742	66.32949	0.2190898	0.0902029	0.3792761	0.368356	0.631644	0.5444672
2784	-64.2648	-128.9236	64.65881	0.1656184	0.3827394	0.7019227	0.666721	0.333279	1.067921
2790	-63.52104	-126.7536	63.23258	1.166189	0.6026539	0.5442732	0.584099	0.415901	1.30907
2796	-63.01402	-127.1598	64.1458	0.3168552	0.6026539	0.515288	0.663105	0.336895	1.294571
2802	-67.87041	-131.4286	63.55818	1.211894	0.7477035	0.5207627	0.900088	0.0999118	0.796513
2808	-66.96702	-129.5162	62.54921	0.3084442	1.378561	1.683343	0.868619	0.131381	0.9642681
2814	-66.62894	-129.3352	62.70622	0.6420124	1.378561	1.305604	0.805283	0.194717	0.6943378
2820	-65.96628	-129.8145	63.84818	0.5139467	0.4304438	1.398811	0.571938	0.428062	0.6943378
2826	-64.27824	-128.2449	63.96664	0.9945892	0.714825	0.4570932	0.683038	0.316962	0.7349396
2832	-70.87609	-134.7057	63.82965	0.5823209	0.714825	0.8519644	0.671717	0.328283	0.7349396
2838	-63.65381	-126.9522	63.29837	0.4132266	1.005287	0.7794391	0.889609	0.110391	1.215407
2844	-56.64227	-119.898	63.25574	0.4282426	1.005287	1.324338	0.827974	0.172026	0.6507972
2850	-63.314	-128.571	65.25701	0.3951993	0.1558954	0.7848999	0.342072	0.657928	0.6265372
2856	-59.70903	-126.1597	66.4507	0.2052263	0.08375723	0.3331497	0.278478	0.721522	0.610661
2862	-66.53279	-129.9667	63.43392	0.8641404	0.4387193	1.478796	0.854532	0.145468	0.6726143
2868	-55.57391	-118.1732	62.5993	0.7925078	1.227203	1.478796	0.854532	0.145468	0.4476586
2874	-59.41122	-121.6286	62.21741	0.7297707	1.227203	1.740267	0.854532	0.145468	0.9608245
2880	-61.01145	-123.4399	62.42845	0.3597282	1.227203	1.740267	0.717465	0.282535	1.114525
2886	-56.94786	-121.7591	64.81121	0.07250417	0.4526669	0.8553701	0.523585	0.476415	0.4725891
2892	-60.65718	-124.4857	63.82852	0.3217606	1.006347	0.8553701	0.792161	0.207839	0.4193718
2898	-60.37549	-123.1908	62.81531	1.231186	0.711629	1.324883	0.768171	0.231829	0.4469926
2904	-54.78868	-119.5112	64.72255	1.231186	0.5522477	0.1678964	0.657427	0.342573	0.486201
2910	-59.17218	-121.8001	62.62789	1.57049	0.7064907	0.9293811	0.635886	0.364114	0.2351958
2916	-56.82074	-119.2563	62.43553	0.9369587	1.305196	1.42444	0.838244	0.161756	0.5215898
2922	-57.856	-121.0159	63.15995	0.1492245	1.305196	0.5536341	0.848717	0.151283	1.559285
2928	-58.02438	-124.4357	66.41129	0.075398	0.2871306	0.1584529	0.566789	0.433211	0.5367211
2934	-51.43664	-115.174	63.73739	0.6611859	0.7643121	0.8423238	0.760696	0.239304	0.6695914
2940	-54.0174	-117.9997	63.98226	0.2593614	0.7643121	0.4200591	0.710941	0.289059	1.430235
2946	-60.61389	-124.0873	63.47344	1.097747	0.7643121	0.5257464	0.514558	0.485442	0.9909685
2952	-51.51725	-116.0831	64.56586	0.9609785	0.4022178	0.3976009	0.631455	0.368545	0.2974581
2958	-55.2548	-119.7398	64.48495	0.9609785	0.4022178	0.495914	0.626584	0.373416	0.6040326
2964	-56.50198	-119.9684	63.46642	1.182816	0.9225316	0.5389717	0.69138	0.30862	0.6037822
2970	-53.57254	-116.7353	63.16275	0.6647421	0.7811525	1.464622	0.832676	0.167324	0.6329331
2976	-48.1506	-111.1063	62.95567	0.901829	0.7811525	1.464622	0.794888	0.205112	0.5070207
2982	-51.70579	-114.1984	62.49264	0.3198587	1.979036	1.464622	0.736036	0.263964	0.7023586
2988	-54.45464	-117.0447	62.59001	0.4440398	1.1387	1.909456	0.933555	0.0664454	0.8296099
2994	-56.43674	-118.5813	62.14456	0.2409569	1.442682	2.358373	0.77175	0.22825	0.9923547
3000	-53.03702	-115.8227	62.78564	0.5196046	1.370022	1.378718	0.651148	0.348852	0.678134
3006	-54.29383	-117.7195	63.42565	1.194066	0.6205546	0.4361886	0.750666	0.249334	1.255768
3012	-52.66442	-116.8737	64.20931	0.6484361	0.5424432	0.3560518	0.678587	0.321413	1.283754
3018	-60.20942	-122.5784	62.36898	0.6314882	1.060381	0.3560518	0.749455	0.250545	2.160743
3024	-57.17719	-121.157	63.97977	0.4070993	1.253337	0.4103295	0.6043	0.3957	0.8752412
3030	-56.6595	-121.4275	64.76802	1.564569	0.3321877	0.1723415	0.763061	0.236939	0.4411534
3036	-51.08805	-115.915	64.82691	1.168692	0.5613311	0.1499516	0.720007	0.279993	0.4488929
3042	-52.61707	-117.6073	64.99026	1.164836	0.5052461	0.1315258	0.720007	0.279993	0.4725275
3048	-62.59369	-126.6978	64.10409	1.164836	0.5052461	0.4467102	0.778076	0.221924	0.7554958
3054	-58.07348	-122.8852	64.81177	0.3499127	1.137239	0.1873914	0.694376	0.305624	0.6746734
3060	-64.3201	-128.5753	64.25519	0.2071257	1.019529	0.2657308	0.590451	0.409549	1.298028
3066	-59.55754	-123.9281	64.37053	1.720263	0.617484	0.09718752	0.793136	0.206864	0.6377206
3072	-58.40617	-121.6156	63.20945	1.824416	0.8969566	0.1971695	0.635529	0.364471	0.1788999
3078	-55.87548	-119.6216	63.74609	1.567152	0.9736955	0.1971695	0.483126	0.516874	0.3954146
3084	-54.36897	-118.951	64.58203	0.6302016	0.9155055	0.2553677	0.873068	0.126932	0.6209108
3090	-65.05884	-127.7487	62.68984	0.4452476	1.796909	0.9279908	0.699378	0.300622	1.02091
3096	-66.91312	-129.2909	62.37781	1.980738	0.7517511	0.6509511	0.57423	0.42577	0.1920539
3102	-53.92682	-116.2176	62.2908	0.7347742	1.772474	1.374055	0.785465	0.214535	0.3596874
3108	-59.44558	-121.2397	61.79413	1.329504	1.59918	1.356645	0.712674	0.287326	0.3250597
3114	-56.49936	-118.8315	62.33212	0.9817824	1.414616	1.356645	0.807724	0.192276	0.6218192
3120	-58.23615	-120.7273	62.49116	0.8148084	1.414616	1.356645	0.523879	0.476121	0.3814512
3126	-55.43202	-119.063	63.63099	0.8933855	1.414616	0.3059591	0.770825	0.229175	0.2794105
3132	-53.34234	-117.0875	63.74513	0.8589123	1.253808	0.32916	0.899676	0.100324	0.2809832
3138	-52.44574	-116.0491	63.60334	0.8152492	1.670959	0.3014546	0.899676	0.100324	0.332968
3144	-53.70348	-118.4806	64.77712	1.107493	0.3626333	0.3014546	0.605496	0.394504	0.3736825
3150	-55.17852	-119.3264	64.14792	1.107493	0.7409723	0.3014546	0.538343	0.461657	0.7120759
3156	-56.26138	-120.6047	64.34328	0.2647333	0.6444764	0.810626	0.62512	0.37488	0.3879043
3162	-53.63552	-118.6478	65.01231	0.410882	0.2024711	0.810626	0.689887	0.310113	0.723605
3168	-52.20107	-117.9167	65.71562	0.007547311	0.2055038	0.5650164	0.577501	0.422499	0.749749
3174	-49.3831	-115.26	65.87691	0.102378	0.1525144	0.5650164	0.339677	0.660323	0.4417111
3180	-49.1777	-114.7013	65.52357	0.9610676	0.1855548	0.2507083	0.516719	0.483281	0.4417111
3186	-50.7588	-116.6309	65.8721	0.6546077	0.1487989	0.2702676	0.674239	0.325761	0.6489499
3192	-50.11387	-115.6879	65.57398	0.7006146	0.2265045	0.2702676	0.589471	0.410529	0.6696545
3198	-58.48437	-124.9217	66.43731	0.451065	0.07660785	0.2574564	0.324401	0.675599	0.4847988
3204	-58.84404	-122.2423	63.39824	0.08106046	1.627007	0.7636494	0.732467	0.267533	0.9757896
3210	-61.11358	-125.5416	64.42801	1.627543	0.2862982	0.1574881	0.785266	0.214734	1.124936
3216	-53.27017	-118.9044	65.63428	0.6178412	0.1834521	0.1833209	0.292862	0.707138	1.124936
3222	-53.97314	-117.0695	63.09635	0.1416077	0.8402226	1.937952	0.696831	0.303169	0.9241454
3228	-58.41517	-122.3563	63.94109	0.4417708	0.5691247	0.9126409	0.57597	0.42403	0.9408091
3234	-62.8609	-127.8575	64.99661	1.426797	0.1269311	0.3678459	0.626669	0.373331	0.4755224
3240	-55.75274	-119.8328	64.08003	1.143039	0.1116483	1.354097	0.734712	0.265288	0.333545
3246	-50.05521	-114.0585	64.00326	1.143039	0.3172309	0.8044752	0.483859	0.516141	0.3388612
3252	-52.14681	-116.2601	64.11327	1.225135	0.3172309	0.6777818	0.318127	0.681873	0.3823036
3258	-50.82015	-117.6257	66.8055	0.03186973	0.1018877	0.2151785	0.345445	0.654555	0.6824102
3264	-50.34679	-117.1392	66.79239	0.04497826	0.1018877	0.2151785	0.339333	0.660667	0.6824102
3270	-55.61503	-118.6757	63.06071	0.8258294	0.7863514	1.404427	0.608065	0.391935	0.4307553
3276	-58.18944	-120.6252	62.43572	1.185082	0.7616406	1.821487	0.629489	0.370511	0.5937287
3282	-54.36459	-120.1871	65.82248	1.540863	0.1167691	0.06326483	0.386234	0.613766	0.3812055
3288	-53.38177	-119.6925	66.31075	1.027798	0.07897286	0.06326483	0.380017	0.619983	0.909241
3294	-59.43426	-123.226	63.79179	1.408814	0.8035684	0.2947417	0.446656	0.553344	0.3404424
3300	-66.09676	-130.2468	64.15007	1.440831	0.3339932	0.4936662	0.632782	0.367218	0.5980963
3306	-66.32136	-131.0725	64.75118	0.667322	0.5144168	0.1443093	0.67892	0.32108	1.325777
3312	-62.83604	-126.4063	63.57025	1.002073	0.5144168	0.8741228	0.578912	0.421088	0.8715927
3318	-64.67341	-128.7793	64.1059	0.2268131	0.5144168	0.8741228	0.739507	0.260493	1.114171
3324	-59.73153	-124.697	64.96548	1.081953	0.3073663	0.2950011	0.584715	0.415285	0.5772772
3330	-55.9883	-120.5272	64.53891	0.7767717	0.5553081	0.3574466	0.440157	0.559843	0.818074
3336	-53.8499	-118.4849	64.63497	0.7358959	0.5553081	0.3574466	0.440157	0.559843	0.7410264
3342	-65.41098	-129.9277	64.51669	0.09025536	0.346774	0.8429995	0.657795	0.342205	1.176325
3348	-66.23247	-131.4579	65.22539	1.265955	0.290623	0.1545118	0.291905	0.708095	0.4616996
3354	-53.0292	-117.2868	64.25757	0.1664328	0.6362147	0.3528807	0.593475	0.406525	1.518918
3360	-54.87596	-120.3424	65.46641	0.1280371	0.2900366	0.5456131	0.689321	0.310679	0.6321874
3366	-56.99022	-121.221	64.23073	0.1897024	1.141032	0.5456131	0.729818	0.270182	0.6162676
3372	-61.64704	-124.9894	63.34235	0.367943	1.141032	0.1637117	0.799541	0.200459	1.973426
3378	-62.35432	-126.0135	63.65921	0.2753399	1.130697	0.9577559	0.704387	0.295613	0.5296524
3384	-65.18704	-128.7965	63.60947	0.7344377	1.002086	0.7098361	0.787339	0.212661	0.493743
3390	-68.69942	-132.697	63.99756	1.330833	1.002086	0.1742351	0.85083	0.14917	0.6813959
3396	-66.68905	-131.1415	64.45241	1.508192	0.4775117	0.2013622	0.734757	0.265243	0.4329179
3402	-57.283	-121.9087	64.62572	0.8987157	0.303542	0.5288321	0.37519	0.62481	0.7499574
3408	-61.8091	-127.3864	65.57726	0.3364766	0.1824213	0.5475097	0.307971	0.692029	0.479169
3414	-61.30566	-126.2573	64.95164	0.8463242	0.2153757	0.5475097	0.272065	0.727935	0.6003317
3420	-59.8752	-125.4573	65.58213	0.1995514	0.2153757	0.4127334	0.312988	0.687012	0.9562833
3426	-61.59141	-127.4462	65.85477	0.6632408	0.2153757	0.1543394	0.367823	0.632177	0.8542302
3432	-69.80616	-133.0925	63.28632	0.4555958	0.3697172	0.6264275	0.612924	0.387076	1.982678
3438	-67.51656	-132.6088	65.09229	0.06346852	0.2635898	0.6264275	0.628442	0.371558	1.102054
3444	-67.47047	-130.1926	62.72212	0.2892929	1.652801	1.128203	0.877854	0.122146	1.042424
3450	-76.27058	-137.1379	60.86733	1.922875	4.753511	0.2408235	0.877598	0.122402	0.1434527
3456	-72.33241	-133.7221	61.38973	1.922875	4.753511	0.2408235	0.823414	0.176586	0.4233347
3462	-71.0312	-133.0917	62.06054	1.575314	3.618225	0.2408235	0.980113	0.019887	0.3464108
3468	-67.42963	-129.9699	62.54032	1.386935	2.207569	0.3799813	0.877626	0.122374	0.3343685
3474	-63.45951	-125.7516	62.29214	0.7898227	2.094686	0.9301346	0.752376	0.247624	0.8862454
3480	-66.8198	-129.8691	63.04925	0.9559934	1.475329	0.6168551	0.890336	0.109664	0.691872
3486	-67.77758	-130.1017	62.32414	0.5174048	1.71299	1.754104	0.891775	0.108225	0.4827492
3492	-65.00331	-130.1308	65.1275	1.15665	0.2804853	0.2244039	0.674347	0.325653	0.4103419
3498	-64.85595	-130.6136	65.75767	1.15665	0.110495	0.1892362	0.175896	0.824104	0.4103419
3504	-65.91143	-130.7201	64.8087	0.537177	0.2634007	0.1662423	0.619474	0.380526	1.699578
3510	-66.64096	-130.3866	63.74565	1.210983	0.4525595	0.7931074	0.383229	0.616771	0.480895
3516	-58.55627	-123.3911	64.83479	0.6201199	0.4525595	0.3361828	0.383229	0.616771	0.9075368
3522	-56.86452	-121.8939	65.02941	1.134826	0.2263637	0.260445	0.424353	0.575647	0.8659066
3528	-55.35095	-120.5488	65.19783	1.219035	0.2263637	0.181575	0.5606	0.4394	0.2717984
3534	-47.64317	-111.8944	64.25123	1.57682	0.3634088	0.181575	0.615954	0.384046	0.1706257
3540	-47.33333	-110.8822	63.54891	2.389386	0.3577606	0.1518355	0.734375	0.265625	0.1706257
3546	-44.31877	-108.7634	64.44463	1.491038	0.39849	0.1948354	0.715741	0.284259	0.2476827
3552	-47.69987	-113.4108	65.71094	0.7840273	0.2514075	0.1610183	0.598501	0.401499	0.3306874
3558	-48.59926	-114.3764	65.77712	0.4576921	0.1735266	0.1917076	0.523455	0.476545	1.145443
3564	-53.07983	-117.8232	64.74334	1.501422	0.3485329	0.1818679	0.659628	0.340372	0.3877536
3570	-52.95164	-117.2979	64.3463	1.335141	0.2776	0.2924025	0.599608	0.400392	0.1614065
3576	-49.71764	-114.7465	65.02891	0.7140374	0.2776	0.2924025	0.599608	0.400392	1.081953
3582	-51.08948	-115.5636	64.47412	0.8667727	0.7429797	0.2921737	0.705475	0.294525	0.5481805
3588	-57.79086	-122.9227	65.13188	0.4613213	0.7429797	0.1687915	0.73149	0.26851	0.7496959
3594	-54.07052	-118.7138	64.64325	0.6120048	0.7429797	0.1687915	0.833414	0.166586	1.118881
3600	-52.87672	-118.2546	65.37791	0.1080947	0.7429797	0.1651223	0.716319	0.283681	0.9016399
3606	-59.40418	-123.3429	63.93869	0.5708976	1.790044	0.1032547	0.716319	0.283681	1.187467
3612	-59.92309	-123.8445	63.92146	0.7258875	1.790044	0.1853245	0.716319	0.283681	0.7219435
3618	-61.15887	-125.0522	63.8933	0.6858436	1.790044	0.2348709	0.871928	0.128072	0.4822079
3624	-52.80144	-116.8177	64.01622	0.06370936	2.088644	0.3720982	0.89843	0.10157	0.5105748
3630	-56.07676	-119.064	62.98728	0.5731728	1.777913	0.6538826	0.710239	0.289761	0.9338786
3636	-54.82054	-118.4658	63.64529	0.4271086	1.628073	0.4942253	0.664804	0.335196	0.7131629
3642	-48.89876	-113.3756	64.47685	0.5701496	0.4721895	0.6936851	0.53304	0.46696	0.5049908
3648	-47.79116	-112.7184	64.92719	0.6560803	0.5202062	0.288448	0.546515	0.453485	0.7353243
3654	-50.59697	-115.7445	65.14755	0.4357151	0.5202062	0.288448	0.708616	0.291384	0.7353243
3660	-51.94886	-115.1085	63.15963	0.9172919	1.865297	0.4403991	0.750576	0.249424	0.5523282
3666	-52.55979	-117.3316	64.77183	0.4973485	0.5423225	0.4403991	0.595362	0.404638	0.6751267
3672	-47.61498	-112.491	64.87605	0.3889484	0.5760714	0.4403991	0.641023	0.358977	0.5365687
3678	-52.63724	-117.2913	64.65403	0.4966944	0.3451443	0.8034099	0.678949	0.321051	0.5365687
3684	-52.93889	-118.1883	65.24939	0.7757561	0.2636575	0.3065532	0.678949	0.321051	0.7746048
3690	-52.34435	-117.2551	64.91072	0.9501925	0.2636575	0.4150798	0.480394	0.519606	0.3571808
3696	-49.9419	-114.9111	64.96922	0.6916539	0.1819465	0.7292675	0.406466	0.593534	0.4731566
3702	-52.74239	-117.4269	64.68454	0.6850954	0.2111102	0.6168878	0.786568	0.213432	1.047336
3708	-56.61087	-121.1918	64.58088	0.5420216	0.3790618	0.639408	0.842008	0.157992	0.8504904
3714	-54.7278	-118.7632	64.03545	0.2644687	0.9463783	0.7521853	0.668026	0.331974	0.6703151
3720	-53.17771	-116.7557	63.57796	1.293597	0.5188749	0.7521853	0.806237	0.193763	0.3994813
3726	-51.02746	-115.0275	64.00007	1.001295	0.3741184	0.7521853	0.599928	0.400072	0.271494
3732	-61.02939	-124.6236	63.5942	0.6949615	0.8152418	0.7800015	0.57862	0.42138	0.26288
3738	-54.10753	-119.0883	64.98075	1.048472	0.4920587	0.1744448	0.599211	0.400789	0.4919359
3744	-62.09611	-126.0439	63.94782	0.9847883	0.9760232	0.3377763	0.813496	0.186504	0.6708083
3750	-60.04314	-124.4451	64.40195	0.5535458	0.9760232	0.3377763	0.730245	0.269755	0.6199017
3756	-60.80185	-124.0471	63.24524	0.3838601	1.099476	0.4906328	0.836343	0.163657	1.530059
3762	-53.59776	-117.5378	63.94006	0.2757695	1.099476	0.4906328	0.665662	0.334338	1.047005
3768	-55.12763	-120.2992	65.17157	0.02201862	0.364556	0.4906328	0.299217	0.700783	1.047005
3774	-51.15688	-116.2166	65.05967	0.3130441	0.364556	0.3652047	0.592923	0.407077	1.096363
3780	-59.45024	-124.1571	64.70681	1.059369	0.354658	0.3823573	0.623077	0.376923	0.4989102
3786	-64.22168	-127.4537	63.23201	1.059369	0.4164666	1.542814	0.370229	0.629771	0.3586206
3792	-59.24882	-122.492	63.24314	1.467234	0.9915515	0.4698684	0.477906	0.522094	0.5082403
3798	-57.98566	-122.1358	64.15017	1.319433	0.4197732	0.4698684	0.691615	0.308385	0.5581357
3804	-59.32415	-123.9119	64.58779	0.4439555	0.273792	1.065748	0.914297	0.0857032	0.4403458
3810	-58.7604	-123.6155	64.8551	0.8608051	0.2633015	0.498636	0.527993	0.472007	0.3589359
3816	-55.35853	-120.7063	65.34776	0.5271224	0.2633015	0.3822213	0.495652	0.504348	0.7597857
3822	-55.98764	-121.891	65.9034	0.1750037	0.2131939	0.3473925	0.539135	0.460865	0.7641726
3828	-58.72617	-123.6615	64.93534	0.6421013	0.1822968	0.5582917	0.700098	0.299902	1.014015
3834	-59.5905	-125.2898	65.69934	0.2931462	0.1756104	0.1966484	0.276052	0.723948	1.330682
3840	-52.36783	-118.802	66.43412	0.4131323	0.1017435	0.1966484	0.484131	0.515869	0.7565976
3846	-58.08448	-124.6332	66.54876	0.2083912	0.09703259	0.1538252	0.348324	0.651676	1.039697
3852	-54.25882	-119.2358	64.97699	1.273549	0.5075198	0.1005403	0.861066	0.138934	0.6222709
3858	-56.04369	-122.0966	66.05293	0.7481784	0.1962076	0.1212796	0.242589	0.757411	0.706526
3864	-63.10057	-125.8363	62.73573	0.9831337	0.5056388	0.1212796	0.663625	0.336375	2.553449
3870	-58.30525	-123.6249	65.3197	0.6561374	0.5048229	0.1512124	0.760273	0.239727	0.7730159
3876	-58.40617	-123.2367	64.83058	0.05735981	0.5048229	0.5637567	0.8084	0.1916	0.9802631
3882	-56.04019	-121.4234	65.38326	0.575121	0.214747	0.4599372	0.626649	0.373351	0.4597827
3888	-60.35893	-126.1173	65.75833	1.014059	0.1847533	0.1373798	0.532972	0.467028	0.7117382
3894	-69.816	-134.7598	64.94385	1.136563	0.2426257	0.3503319	0.530337	0.469663	0.5900592
3900	-61.15864	-125.9619	64.80321	0.6298184	0.2732254	0.1373798	0.504557	0.495443	1.691701
3906	-63.75564	-128.3221	64.56644	0.515221	0.3559464	0.3948907	0.901335	0.0986646	1.310307
3912	-52.94394	-119.042	66.09803	0.8361612	0.2384578	0.07758676	0.730124	0.269876	0.5012005
3918	-50.13801	-116.385	66.24701	0.07228008	0.109835	0.4576738	0.304495	0.695505	0.5391828
3924	-57.21701	-123.4119	66.19488	0.009974719	0.109835	0.4576738	0.395944	0.604056	0.2951997
3930	-64.15047	-129.0485	64.89802	0.1913311	0.7412679	0.3453602	0.662453	0.337547	0.8115391
3936	-64.40919	-128.206	63.79682	0.9955989	0.9262241	0.3453602	0.966819	0.0331811	0.9124785
3942	-56.2699	-120.7901	64.52022	0.3178942	0.4892404	0.5690875	0.544393	0.455607	1.047015
3948	-64.18961	-130.1112	65.92161	1.251082	0.1844986	0.05876617	0.467147	0.532853	0.4375863
3954	-63.69338	-129.6309	65.93753	0.2078171	0.1737368	0.2137022	0.426216	0.573784	1.166195
3960	-55.40277	-119.1558	63.75299	0.9798989	0.869142	0.4014373	0.822872	0.177128	0.9214031
3966	-56.25322	-120.676	64.42281	1.186677	0.3010856	0.5083992	0.434317	0.565683	0.6714742
3972	-62.74254	-128.8285	66.08601	0.3659264	0.168312	0.1507708	0.657303	0.342697	1.085362
3978	-55.54689	-122.1561	66.60917	0.2683995	0.1039519	0.1826807	0.616019	0.383981	0.7616727
3984	-62.20722	-127.0123	64.80509	0.3485375	0.3971972	0.6501876	0.3474	0.6526	0.7408287
3990	-59.24072	-124.4862	65.24549	0.2127744	0.3971972	0.2867799	0.656902	0.343098	1.11732
3996	-55.06356	-119.2449	64.18133	0.4517806	0.718629	0.2867799	0.879492	0.120508	1.38857
4002	-58.33414	-122.3106	63.97642	0.2382736	0.5255548	1.347677	0.650533	0.349467	0.7360459
4008	-53.1998	-118.2482	65.04838	0.148976	0.4654426	0.5372316	0.593616	0.406384	0.7360459
4014	-57.96446	-122.3172	64.35276	1.383551	0.7061021	0.1589766	0.787938	0.212062	0.6346731
4020	-57.99543	-124.304	66.30853	0.03950598	0.2489337	0.1096254	0.253711	0.746289	1.106499
4026	-60.32102	-125.6051	65.28407	0.03109102	0.2176713	0.9046564	0.501262	0.498738	0.6463627
4032	-59.20682	-123.5674	64.36054	2.104896	0.1869072	0.1152904	0.799874	0.200126	0.1610289
4038	-61.10285	-125.8592	64.7564	2.104896	0.1385011	0.1152904	0.219067	0.780933	0.236323
4044	-60.92684	-126.1832	65.25633	0.4819323	0.3561627	0.1947767	0.345307	0.654693	1.16164
4050	-57.39629	-122.4248	65.02852	0.4060948	0.5776869	0.3305897	0.669457	0.330543	0.6717898
4056	-53.79619	-118.3413	64.54514	1.098387	0.5556054	0.2565026	0.719378	0.280622	0.6717898
4062	-59.41909	-123.2058	63.78671	0.6824831	0.3769728	1.070118	0.797615	0.202385	1.029824
4068	-64.3026	-127.5203	63.21771	0.3468364	1.064185	1.32157	0.792579	0.207421	0.7614136
4074	-50.75941	-116.8003	66.04093	0.5911156	0.08606011	0.337212	0.223975	0.776025	0.394363
4080	-55.43042	-120.8577	65.42728	0.1950421	0.28811	0.4166079	0.159908	0.840092	0.9157104
4086	-56.44815	-120.7278	64.27964	1.549274	0.655703	0.1554814	0.795613	0.204387	0.413113
4092	-59.59039	-123.323	63.73263	1.549274	1.563552	0.07727919	0.860126	0.139874	0.5523068
4098	-54.35473	-118.0674	63.71265	1.549274	1.355295	0.1179295	0.830703	0.169297	0.5615355
4104	-53.63748	-118.4843	64.84687	0.5449603	1.163021	0.1179295	0.847115	0.152885	0.3733313
4110	-55.20475	-116.7706	61.56582	1.601118	1.163021	1.12819	0.741776	0.258224	0.1358436
4116	-49.96582	-112.5758	62.60993	0.9031571	1.102152	1.12819	0.74157	0.25843	0.2112502
4122	-59.67628	-122.9042	63.22789	0.2317721	1.102152	1.12819	0.867214	0.132786	1.030198
4128	-62.83268	-126.6467	63.81398	0.8753574	1.102152	0.289394	0.867214	0.132786	0.9707431
4134	-59.36556	-124.5668	65.2012	0.5197057	0.3149403	0.4505705	0.558376	0.441624	0.5425736
4140	-50.9198	-116.8678	65.94804	0.2422741	0.2846114	0.2293426	0.532282	0.467718	0.7407658
4146	-65.53237	-129.9662	64.43386	0.2342849	0.2878023	1.466561	0.63694	0.36306	0.5106569
4152	-52.46264	-115.6189	63.15623	0.2967501	1.191131	1.385812	0.790829	0.209171	0.3623045
4158	-49.69379	-113.6254	63.93156	0.1584054	0.6965339	0.9402143	0.741289	0.258711	1.027317
4164	-51.34308	-115.4794	64.13637	0.2570843	0.6965339	0.9702084	0.823791	0.176209	0.5014594
4170	-51.37971	-116.79	65.41026	0.8824996	0.315457	0.1987731	0.625159	0.374841	0.5318395
4176	-54.53512	-118.8398	64.30466	0.7194604	1.308471	0.1987731	0.79373	0.20627	0.553499
4182	-52.17282	-116.5392	64.36635	0.6050091	0.6494414	0.5044333	0.728322	0.271678	0.7288075
4188	-57.39891	-121.5995	64.20064	0.6299506	0.6494414	0.5044333	0.59359	0.40641	0.9104662
4194	-53.11604	-116.8248	63.70874	0.4472574	0.6494414	1.267558	0.823535	0.176465	0.6235451
4200	-60.34575	-122.7025	62.3568	1.069013	1.369044	1.267558	0.641318	0.358682	0.4030311
4206	-51.78752	-115.9981	64.21063	0.3740963	1.369044	0.3438785	0.804868	0.195132	0.6371358
4212	-57.51246	-122.1908	64.67837	0.9367693	0.4223601	0.3029188	0.585558	0.414442	0.8721385
4218	-54.53145	-119.83	65.29853	0.398643	0.4384727	0.3031079	0.585558	0.414442	0.7209134
4224	-58.35817	-122.8739	64.51578	0.7757779	0.4384727	0.2728414	0.732612	0.267388	1.225038
4230	-55.90777	-120.2559	64.34813	0.8570328	0.4384727	0.2728414	0.370594	0.629406	1.296631
4236	-60.43272	-126.0441	65.61139	0.8570328	0.1294752	0.2789723	0.541516	0.458484	0.8188662
4242	-58.30238	-123.2517	64.94935	0.6850664	0.320791	0.4951766	0.446617	0.553383	0.4933977
4248	-62.37363	-126.4064	64.03281	1.411442	0.1936086	0.6716109	0.446617	0.553383	0.2215798
4254	-58.43887	-123.613	65.17411	0.9347812	0.3550286	0.2260715	0.376377	0.623623	0.610141
4260	-64.80683	-129.6396	64.83279	0.4486982	0.2502492	0.7674723	0.308615	0.691385	0.8103827
4266	-56.90383	-121.8263	64.9225	0.4924977	0.2502492	0.7674723	0.375524	0.624476	0.4547943
4272	-57.58662	-122.2408	64.65422	1.14844	0.4214601	0.2955725	0.743499	0.256501	0.408235
4278	-60.08876	-125.2842	65.19543	1.085234	0.4214601	0.1361787	0.638206	0.361794	0.4518005
4284	-56.24181	-121.5255	65.28367	0.9110684	0.2199564	0.3313652	0.455256	0.544744	0.5398218
4290	-63.08299	-127.9891	64.90607	0.7882624	0.324532	0.367045	0.549484	0.450516	0.2635481
4296	-55.78464	-120.5673	64.78263	1.134586	0.3565737	0.2768942	0.543979	0.456021	0.3284681
4302	-58.82206	-122.7395	63.91742	1.063423	0.5096046	0.6609606	0.770263	0.229737	0.3617725
4308	-58.06353	-120.6088	62.54531	1.046513	1.948144	0.7279778	0.855571	0.144429	0.4371472
4314	-56.52939	-120.0401	63.51066	0.7854011	0.9747422	0.7279778	0.679848	0.320152	0.6797019
4320	-60.77894	-123.4161	62.63713	0.03903228	4.265599	0.5872242	0.933349	0.0666508	0.7935465
4326	-63.7603	-126.3583	62.59799	0.2206117	4.265599	0.4962178	0.958764	0.0412363	0.7935465
4332	-62.30547	-128.1615	65.85604	0.7539299	0.1213231	0.1864718	0.528745	0.471255	0.9810801
4338	-63.48605	-126.8359	63.34984	0.7149835	1.872915	0.304814	0.758371	0.241629	0.9810801
4344	-66.57656	-130.2424	63.66579	0.7447013	1.17916	0.5314702	0.90629	0.0937096	0.403344
4350	-66.05861	-130.5763	64.51766	0.9800113	0.3255156	0.5314702	0.536826	0.463174	0.7067282
4356	-68.8444	-132.3687	63.52425	0.5380612	0.9863579	0.9028848	0.538249	0.461751	0.7115945
4362	-57.72184	-121.9682	64.24633	0.9312703	0.9863579	0.2359495	0.680102	0.319898	0.3751252
4368	-59.85553	-122.9357	63.08015	0.9312703	0.9863579	1.007919	0.812223	0.187777	0.4252498
4374	-56.07081	-119.9248	63.854	0.3805896	0.9863579	0.7541143	0.722546	0.277454	0.7101184
4380	-59.90176	-124.7462	64.8444	0.1560686	0.6765358	0.2926363	0.555629	0.444371	1.116201
4386	-46.4659	-112.0799	65.61401	0.5681646	0.209828	0.04733425	0.543609	0.456391	1.558307
4392	-46.09054	-113.003	66.91247	0.6647764	0.0834126	0.04733425	0.393622	0.606378	0.6567375
4398	-50.85653	-117.5498	66.69326	0.1777084	0.0834126	0.2201928	0.455332	0.544668	0.7381807
4404	-55.12968	-122.0139	66.88423	0.8466431	0.05181275	0.0551516	0.154954	0.845046	0.4927584
4410	-59.91698	-125.9388	66.02186	0.2557843	0.1001245	0.4273017	0.0781592	0.921841	0.2801357
4416	-50.65912	-116.5146	65.85552	0.1246829	0.2284804	0.4273017	0.540854	0.459146	0.5288608
4422	-57.14876	-122.0592	64.91039	1.036338	0.2284804	0.4273017	0.346833	0.653167	0.3789991
4428	-59.37515	-125.7661	66.39094	0.8151488	0.1483321	0.0563504	0.175549	0.824451	0.7685039
4434	-59.53299	-126.4416	66.90861	0.3173748	0.03815949	0.0563504	0.219794	0.780206	1.23588
4440	-49.55735	-117.1427	67.58538	0.03301312	0.03815949	0.01985666	0.0980755	0.901925	1.024339
4446	-48.74799	-115.2093	66.46135	0.8748755	0.06753773	0.1238084	0.177163	0.822837	0.4251205
4452	-50.55675	-115.9948	65.43807	0.8295682	0.09627617	0.5163863	0.3303	0.6697	0.4251205
4458	-53.96031	-118.6107	64.6504	0.8295682	0.3739707	0.5163863	0.371211	0.628789	0.5615977
4464	-57.00518	-122.3394	65.33424	0.7309304	0.1517163	0.5163863	0.34091	0.65909	0.5143978
4470	-58.43113	-122.7367	64.30562	0.8043482	0.5948911	0.5163863	0.706779	0.293221	0.4960072
4476	-56.49218	-119.9311	63.43888	0.8043482	0.9184661	0.8602522	0.718702	0.281298	0.5599264
4482	-57.26872	-121.7099	64.44121	0.3775001	1.324767	0.2430341	0.722235	0.277765	0.715522
4488	-59.38353	-123.0591	63.67554	0.7809599	1.324767	0.4048726	0.814886	0.185114	0.3330587
4494	-57.0765	-122.118	65.04151	0.07159875	0.7330319	0.4048726	0.814886	0.185114	0.5539024
4500	-69.04853	-131.3821	62.33361	0.798495	2.007948	0.7904828	0.732284	0.267716	1.048293
4506	-62.95749	-125.6006	62.64308	0.8099985	1.738914	0.8957249	0.893263	0.106737	0.730763
4512	-56.90517	-120.4806	63.57546	0.6466931	1.067659	0.5309132	0.679918	0.320082	1.00605
4518	-55.75509	-119.115	63.3599	1.199896	1.067659	0.4187664	0.866621	0.133379	0.2632708
4524	-54.59459	-119.6612	65.0666	1.072681	0.4756845	0.1317448	0.614705	0.385295	0.7044718
4530	-51.59228	-116.2921	64.69983	1.378002	0.4756845	0.1317448	0.636802	0.363198	0.7967363
4536	-52.11563	-117.0135	64.89792	0.5436525	0.4756845	0.4136193	0.528652	0.471348	0.646099
4542	-59.02185	-123.0997	64.07786	0.9466429	0.4880591	0.6610501	0.757742	0.242258	0.6530351
4548	-60.61274	-124.1703	63.55756	0.04470366	0.4880591	1.293098	0.778865	0.221135	1.425609
4554	-61.77467	-125.4284	63.65369	0.05831556	0.5346968	1.293098	0.777387	0.222613	1.278198
4560	-58.80434	-123.3923	64.58799	0.05988479	0.5346968	0.7797164	0.62708	0.37292	0.8725808
4566	-57.28551	-120.9087	63.6232	0.719306	1.176079	0.5741403	0.734979	0.265021	0.6239812
4572	-64.22873	-126.7812	62.55243	1.238608	1.797002	0.6476426	0.86857	0.13143	0.4367094
4578	-66.62755	-129.0262	62.39867	0.9881062	3.476717	0.4002493	0.892896	0.107104	0.4694963
4584	-55.71185	-119.0689	63.35707	1.245113	1.257378	0.388569	0.831677	0.168323	0.5879067
4590	-57.81263	-120.6615	62.84891	1.190963	1.257378	0.7504802	0.759442	0.240558	0.6048397
4596	-56.32687	-120.3162	63.98933	1.334914	0.2099902	0.610783	0.607113	0.392887	0.1715984
4602	-62.95178	-124.9871	62.03535	1.485042	0.8615004	1.818551	0.763381	0.236619	0.4759033
4608	-58.16616	-121.7503	63.58409	1.035744	0.8383269	0.6240862	0.871087	0.128913	0.5895381
4614	-62.5472	-125.1913	62.64409	0.5229385	2.393963	0.8745373	0.929998	0.0700023	0.590443
4620	-64.98278	-127.7785	62.79577	0.7259719	1.746954	0.8745373	0.874664	0.125336	0.6358283
4626	-53.86203	-117.5601	63.69808	0.7308346	1.349274	0.3810975	0.734904	0.265096	0.7955965
4632	-60.26822	-123.8762	63.60796	1.232778	1.349274	0.1783508	0.511874	0.488126	0.9075863
4638	-51.14474	-113.595	62.4503	0.1102382	5.282123	0.5500527	0.963405	0.0365948	0.4986298
4644	-61.8534	-126.9093	65.05592	0.7719243	0.2403325	0.4916083	0.43663	0.56337	0.5696485
4650	-55.67134	-119.3137	63.64231	0.5910168	1.324835	0.4954183	0.868183	0.131817	0.8055992
4656	-61.11319	-123.9674	62.85417	0.2275448	2.271383	0.8262874	0.749637	0.250363	0.9065568
4662	-61.54925	-125	63.45071	1.30136	1.204696	0.3258033	0.803676	0.196324	0.6543396
4668	-63.17228	-126.6606	63.48835	1.113248	1.204696	0.4190716	0.727326	0.272674	0.5231215
4674	-61.54022	-125.148	63.60773	0.4164034	0.672849	0.9187346	0.821723	0.178277	1.138706
4680	-60.00062	-123.1538	63.1532	0.7488406	3.258305	0.2146288	0.766463	0.233537	0.5412309
4686	-53.58562	-117.9602	64.37461	0.3699915	1.398532	0.2562996	0.766463	0.233537	0.6821796
4692	-54.37994	-119.3264	64.94649	0.8669346	0.3453974	0.09908576	0.609555	0.390445	1.399814
4698	-54.36397	-118.3878	64.02384	1.805164	0.3453974	0.1785216	0.516961	0.483039	0.1592181
4704	-63.50806	-126.4037	62.89568	1.99692	0.4239725	0.4658358	0.597942	0.402058	0.1344238
4710	-59.25506	-122.8554	63.60038	1.99692	0.677039	0.2171322	0.713227	0.286773	0.3918435
4716	-57.00867	-120.8027	63.79407	1.181711	1.248917	0.2171322	0.713227	0.286773	0.3587395
4722	-56.69446	-120.4401	63.74559	1.453318	0.9730322	0.2171322	0.549477	0.450523	0.7307931
4728	-53.00325	-117.7594	64.75614	0.3185102	0.9730322	0.2171322	0.681317	0.318683	0.8933431
4734	-52.60002	-117.0805	64.48045	0.9496775	0.7811909	0.1497359	0.577937	0.422063	0.9680122
4740	-50.68904	-115.2228	64.53377	0.03440302	0.5466733	0.9075347	0.724308	0.275692	0.7639766
4746	-51.77878	-116.7627	64.98393	0.1990372	0.5630295	0.4405268	0.689481	0.310519	0.7639766
4752	-51.4317	-116.1908	64.75914	0.3836173	0.5292657	0.4405268	0.483048	0.516952	0.8823466
4758	-55.65807	-119.6034	63.94534	0.3608945	0.7807067	0.6609086	0.633669	0.366331	1.036877
4764	-58.58142	-122.8789	64.29746	0.008774981	0.7807067	0.6609086	0.633669	0.366331	1.036877
4770	-55.04464	-121.011	65.96636	0.6173276	0.1464845	0.2245206	0.252707	0.747293	0.7708901
4776	-49.91133	-115.978	66.06664	0.5082752	0.1464845	0.267608	0.436979	0.563021	0.4578245
4782	-53.39683	-119.7525	66.35568	0.3943455	0.08232358	0.3020136	0.207258	0.792742	0.4578245
4788	-54.16441	-118.882	64.71756	1.599157	0.08232358	0.3495988	0.172641	0.827359	0.1949128
4794	-48.51841	-114.6179	66.0995	0.8903214	0.08366828	0.1652695	0.326057	0.673943	0.283199
4800	-52.13318	-118.5702	66.43703	0.4378047	0.1413998	0.1652695	0.493172	0.506828	0.4154598
4806	-48.37214	-114.519	66.14682	0.650193	0.1413998	0.1652695	0.493172	0.506828	0.7491364
4812	-50.80827	-117.5587	66.75045	0.414464	0.1413998	0.08857349	0.484176	0.515824	0.6080684
4818	-53.53472	-120.009	66.47424	0.05417235	0.3151306	0.08857349	0.6237	0.3763	0.847361
4824	-54.44693	-119.848	65.40111	0.1918114	0.3151306	0.08857349	0.491093	0.508907	1.647571
4830	-57.67018	-121.8236	64.15337	0.6400493	0.6406935	0.1470456	0.588436	0.411564	1.647571
4836	-58.19047	-123.4451	65.25466	1.296766	0.2756826	0.1470456	0.569956	0.430044	0.4506033
4842	-57.50057	-123.5236	66.02299	1.149327	0.07616975	0.1470456	0.364661	0.635339	0.3587727
4848	-55.61793	-120.9716	65.35369	1.007671	0.2297747	0.1850689	0.304869	0.695131	0.2524728
4854	-56.71225	-122.2086	65.49634	0.5895114	0.2401748	0.2618342	0.410548	0.589452	0.9085194
4860	-53.39328	-118.4955	65.10221	0.5041308	0.5931246	0.2618342	0.688558	0.311442	0.5933245
4866	-54.44228	-119.1802	64.73796	1.287447	0.3341613	0.2618342	0.563406	0.436594	0.3529909
4872	-52.16165	-117.946	65.78435	1.238561	0.2150326	0.05132163	0.620799	0.379201	0.3051534
4878	-55.67798	-120.2525	64.57448	1.570182	0.4316054	0.1411533	0.746332	0.253668	0.3051534
4884	-52.81499	-117.0128	64.19778	0.9732138	0.4316054	0.626576	0.665865	0.334135	0.3727524
4890	-48.57802	-112.7342	64.15615	1.063273	0.4316054	0.6200358	0.778928	0.221072	0.5036977
4896	-49.37825	-113.0137	63.63542	1.58468	0.4316054	0.5654852	0.444967	0.555033	0.326314
4902	-51.31699	-114.7372	63.42022	1.449822	0.4816905	0.7578767	0.444967	0.555033	0.326314
4908	-51.48488	-115.0157	63.53085	1.204408	0.4618134	0.8868049	0.627675	0.372325	0.3091449
4914	-47.18614	-112.0258	64.83968	0.6023432	0.4618134	0.4459652	0.791845	0.208155	0.5001224
4920	-48.26288	-113.0399	64.77702	0.07515545	0.3902507	0.4821548	0.777817	0.222183	1.311859
4926	-55.72773	-119.5568	63.8291	0.4385386	0.8142438	0.7953983	0.84874	0.15126	0.8543639
4932	-54.20167	-120.4106	66.20889	0.1156451	0.3072376	0.1426212	0.454464	0.545536	0.8543639
4938	-52.23759	-118.8942	66.65666	0.118705	0.1329899	0.1988361	0.461858	0.538142	0.656132
4944	-51.44994	-118.1734	66.72342	0.04663122	0.1329899	0.1988361	0.267459	0.732541	0.6670056
4950	-53.85322	-118.0526	64.19943	1.206946	0.5060389	0.3966252	0.737147	0.262853	0.3547727
4956	-52.22332	-116.7104	64.48709	1.071387	0.5060389	0.3259587	0.773278	0.226722	0.6685949
4962	-55.69782	-120.1794	64.48158	0.9594136	0.5906056	0.3151988	0.908318	0.0916816	0.349727
4968	-58.09923	-121.136	63.0368	0.1800805	1.637441	1.299918	0.693803	0.306197	0.4442584
4974	-55.88124	-121.2155	65.33429	0.1689229	0.473183	0.3449723	0.556897	0.443103	0.7806887
4980	-62.19186	-124.1578	61.96593	0.872998	0.8330171	3.235472	0.853558	0.146442	0.4290777
4986	-62.80294	-126.0132	63.21025	1.109343	1.061347	0.6158346	0.805739	0.194261	0.3134583
4992	-56.93121	-121.1966	64.26541	0.1695721	0.9272425	0.5109652	0.758319	0.241681	0.965521
4998	-57.09107	-120.7536	63.66253	1.85936	0.9272425	0.146709	0.754387	0.245613	0.3876448
5004	-57.51243	-122.5119	64.99946	1.209913	0.3534535	0.199158	0.616669	0.383331	0.5291135
5010	-71.26118	-133.2103	61.94915	0.5861017	0.9843115	3.15188	0.32626	0.67374	0.8696616
5016	-72.87296	-135.1259	62.25297	0.5535931	0.3215525	4.278688	0.742505	0.257495	1.150247
5022	-66.09789	-130.1663	64.06842	0.2330557	1.109983	0.5762516	0.552779	0.447221	0.7920515
5028	-63.12451	-126.941	63.81649	0.6590225	1.390131	0.3441187	0.821505	0.178495	0.7920515
5034	-58.51393	-122.0963	63.58241	0.8208609	1.553068	0.3441187	0.654562	0.345438	0.7191359
5040	-56.09574	-119.1911	63.09537	0.7614841	1.553068	0.7288153	0.74469	0.25531	0.5167193
5046	-52.43073	-116.4501	64.01942	0.7706665	0.385562	1.008594	0.654861	0.345139	0.6917842
5052	-57.2476	-121.5177	64.27007	0.5508806	0.2926673	1.008594	0.580771	0.419229	0.2334597
5058	-54.8883	-119.5346	64.6463	0.8281413	0.4390056	0.4373627	0.580771	0.419229	0.3990521
5064	-52.95702	-117.4783	64.52131	0.8281413	0.4754457	0.485467	0.569496	0.430504	0.4867947
5070	-49.86058	-114.9497	65.08912	0.8035845	0.3162215	0.3610328	0.516234	0.483766	0.4993612
5076	-51.75343	-116.4326	64.6792	0.7239039	0.3162215	0.6434021	0.466418	0.533582	0.5986463
5082	-50.89271	-116.7978	65.90508	1.187714	0.164571	0.06587747	0.521217	0.478783	0.2948436
5088	-51.9558	-117.7646	65.80877	0.6125805	0.154424	0.3002575	0.244294	0.755706	0.6765769
5094	-52.03094	-117.7537	65.72272	0.06694834	0.5278262	0.2056524	0.699827	0.300173	0.7357409
5100	-46.36131	-111.4015	65.04018	0.7203781	0.5278262	0.2056524	0.717761	0.282239	0.7786279
5106	-50.24598	-114.7256	64.47959	1.045762	0.7839009	0.2034211	0.715212	0.284788	0.5474109
5112	-48.63936	-112.7208	64.08148	1.045762	0.8423258	0.3357581	0.715212	0.284788	0.4760462
5118	-51.29165	-115.0496	63.75795	1.148072	1.017392	0.3519643	0.779842	0.220158	0.46444
5124	-52.31834	-116.7253	64.407	0.8840812	0.4207893	0.3519643	0.707917	0.292083	1.095685
5130	-65.0671	-128.2506	63.18345	1.472155	1.091558	0.442469	0.824647	0.175353	0.4465923
5136	-68.11054	-132.1017	63.99121	0.9356803	1.373612	0.215157	0.888268	0.111732	0.4659058
5142	-56.75277	-120.1499	63.39716	0.2691051	1.77589	0.4748939	0.936241	0.0637589	1.100048
5148	-48.43607	-113.7036	65.2675	0.09940604	0.3367334	0.4748939	0.622179	0.377821	0.9591413
5154	-51.58185	-116.8194	65.23751	0.8038895	0.2729219	0.3021041	0.46704	0.53296	0.7311804
5160	-51.14034	-116.4026	65.2623	0.5678279	0.2729219	0.379172	0.551094	0.448906	0.7971965
5166	-56.3032	-120.5556	64.25242	0.5630592	1.055677	0.379172	0.723753	0.276247	0.5104566
5172	-53.6198	-118.5803	64.96046	0.6767434	0.5876329	0.1128073	0.818691	0.181309	1.147307
5178	-56.61429	-119.6524	63.03807	0.292034	1.228198	1.013121	0.830418	0.169582	1.147307
5184	-48.90336	-112.5595	63.65612	0.6464536	0.732204	1.013121	0.753412	0.246588	0.5319171
5190	-55.52831	-118.7619	63.23355	1.560917	0.4106385	1.013121	0.499823	0.500177	0.4727997
5196	-51.8645	-116.4953	64.63082	0.8863552	0.4106385	0.358683	0.658857	0.341143	0.8696193
5202	-62.48173	-126.3169	63.83521	0.9187104	1.058101	0.3988533	0.832069	0.167931	0.6090184
5208	-53.44742	-116.7958	63.34843	0.8580594	1.685848	0.4329863	0.89149	0.10851	0.5498105
5214	-54.06884	-117.8762	63.80739	1.267389	0.7141653	0.4329863	0.807971	0.192029	0.4178235
5220	-60.91497	-125.2223	64.30734	0.9861005	0.5391102	0.4329863	0.559869	0.440131	0.6637054
5226	-54.78141	-120.8494	66.06801	0.8442655	0.1877705	0.1097239	0.312454	0.687546	0.6278681
5232	-57.56329	-123.3646	65.80128	0.407362	0.1312949	0.4439412	0.458092	0.541908	0.6829186
5238	-60.68981	-126.6999	66.01004	0.4258546	0.1332063	0.1333887	0.347287	0.652713	1.261258
5244	-62.90906	-127.011	64.10196	0.8100491	0.3145049	0.9397516	0.810038	0.189962	0.2694172
5250	-61.1202	-124.3536	63.23341	0.9674094	0.3145049	1.882548	0.732486	0.267514	0.290461
5256	-66.82815	-130.2135	63.3853	0.05359443	0.5492208	1.882548	0.634064	0.365936	1.135563
5262	-65.58417	-128.6581	63.07395	0.3089192	1.003752	1.623318	0.858277	0.141723	0.7831852
5268	-70.86866	-133.7509	62.88221	0.5103747	1.370009	1.245408	0.936524	0.0634757	0.715731
5274	-57.26833	-120.5022	63.23384	0.1479777	1.187081	1.150814	0.913858	0.0861421	1.011193
5280	-54.00811	-117.808	63.79988	0.1010027	2.144768	0.4216988	0.913858	0.0861421	0.6782893
5286	-52.26492	-116.876	64.61105	0.4992298	0.6078235	0.4969522	0.924344	0.0756557	0.5842491
5292	-52.41136	-116.9063	64.49493	0.2004477	0.6078235	0.4969522	0.466106	0.533894	1.114714
5298	-55.97782	-120.0356	64.05776	0.6131759	0.5894742	0.8258442	0.713861	0.286139	0.6265612
5304	-55.69081	-118.9264	63.23563	0.4166638	0.9253119	0.8258442	0.76573	0.23427	1.287691
5310	-55.66084	-120.5115	64.85064	0.1066555	0.2050228	1.190314	0.600433	0.399567	0.8303796
5316	-51.33643	-115.5146	64.1782	0.2777191	0.5043577	1.190314	0.605837	0.394163	0.4325487
5322	-54.9263	-119.0395	64.11318	0.8731267	0.318853	1.001427	0.699561	0.300439	0.4325487
5328	-53.89909	-117.6429	63.74382	0.3651271	0.8842376	1.001427	0.638927	0.361073	0.6297774
5334	-51.5045	-114.8536	63.34914	0.03557979	1.081006	1.232241	0.859558	0.140442	1.032997
5340	-57.45711	-120.854	63.39693	0.5868427	0.6692994	1.297972	0.802883	0.197117	0.8213096
5346	-56.57177	-120.7631	64.19136	0.2434396	0.5529224	0.9856344	0.627642	0.372358	0.8213096
5352	-57.29939	-120.35	63.05058	1.139055	0.9659537	0.8278946	0.727566	0.272434	0.361564
5358	-61.99314	-125.9608	63.96769	1.052264	0.5217015	0.5902959	0.727566	0.272434	0.3182984
5364	-59.66726	-124.1566	64.48932	1.474092	0.4634791	0.2032412	0.493456	0.506544	0.3950282
5370	-67.00485	-128.6745	61.66969	1.378224	0.5366303	3.756007	0.522257	0.477743	0.5312699
5376	-59.71296	-124.335	64.62202	0.6843206	0.3834669	0.549964	0.765966	0.234034	0.7705014
5382	-50.35091	-114.6041	64.25314	0.1592458	1.051257	0.549964	0.909573	0.0904272	0.7705014
5388	-55.62986	-118.6603	63.03042	0.3378082	1.271434	1.467999	0.936275	0.0637247	0.5082837
5394	-59.42408	-122.6045	63.18038	0.9593317	1.681186	0.3800644	0.665715	0.334285	0.2591408
5400	-59.32266	-123.0354	63.71275	0.1889325	0.766201	0.4306841	0.7748	0.2252	1.665323
5406	-56.4596	-121.7363	65.27665	0.06781046	0.5749994	0.2869934	0.696878	0.303122	0.932998
5412	-52.69959	-118.7261	66.02646	0.3230444	0.2501129	0.06550923	0.536042	0.463958	1.27284
5418	-51.03167	-116.4982	65.46652	1.092401	0.2275346	0.1355828	0.607505	0.392495	0.8442841
5424	-52.14195	-116.8482	64.70628	0.5863852	0.427817	0.5744718	0.825183	0.174817	0.48963
5430	-60.66605	-124.4103	63.74425	1.22841	0.2768888	0.7293814	0.783837	0.216163	0.1680365
5436	-49.38799	-112.571	63.18301	1.153701	0.4674258	0.830421	0.817927	0.182073	0.1403739
5442	-57.69949	-118.9263	61.22682	1.727168	1.627963	0.830421	0.946884	0.0531155	0.1107922
5448	-58.54121	-120.9634	62.42224	1.68862	1.061252	0.8174666	0.813234	0.186766	0.3662971
5454	-53.71626	-118.6626	64.94636	0.9436818	0.5352281	0.1708438	0.814221	0.185779	0.7290104
5460	-53.19106	-116.6802	63.48912	0.6204183	1.602506	0.1708438	0.784579	0.215421	1.412006
5466	-48.05411	-113.2803	65.22622	0.4372762	0.5003027	0.2240663	0.74562	0.25438	0.8898581
5472	-53.38977	-117.424	64.03423	0.4981001	0.5003027	0.83299	0.738677	0.261323	0.9899486
5478	-55.94648	-120.5685	64.62203	0.3282367	0.4537424	0.7603203	0.712753	0.287247	0.664483
5484	-58.68945	-123.8925	65.20302	0.764817	0.2266922	0.4012971	0.519141	0.480859	0.337682
5490	-55.22455	-121.0158	65.79123	0.7717099	0.2724187	0.1471789	0.622256	0.377744	0.4749163
5496	-56.07963	-121.8142	65.73455	0.1673113	0.3236115	0.2965956	0.62457	0.37543	0.7809776
5502	-53.76226	-119.83	66.06777	0.4534926	0.2140694	0.1031588	0.535181	0.464819	1.059213
5508	-58.41426	-123.2559	64.84164	0.7930457	0.2140694	0.6742935	0.682166	0.317834	0.4656768
5514	-56.15387	-120.8883	64.73444	1.034073	0.1842758	0.6339742	0.510959	0.489041	0.5852043
5520	-55.32576	-120.5002	65.17445	0.7660835	0.1956328	0.417163	0.417763	0.582237	0.8323135
5526	-49.85143	-115.7084	65.85695	0.7473549	0.2039145	0.159732	0.594267	0.405733	0.7602314
5532	-54.069	-119.554	65.485	1.257194	0.2197777	0.09959724	0.402082	0.597918	0.8203576
5538	-55.4278	-121.4895	66.06172	0.5029317	0.1312422	0.2383505	0.427223	0.572777	0.8203576
5544	-51.01594	-117.4971	66.48116	0.3965855	0.1293961	0.1072684	0.508848	0.491152	0.9644392
5550	-58.28806	-123.9484	65.66032	0.2762683	0.2639881	0.1656864	0.241625	0.758375	1.251307
5556	-54.52521	-120.1465	65.6213	0.3332485	0.2648257	0.1656864	0.649153	0.350847	1.234518
5562	-58.80194	-124.8153	66.01334	0.3395786	0.2648257	0.1656864	0.30705	0.69295	0.846917
5568	-57.70547	-123.0653	65.35982	0.625634	0.4566828	0.1557509	0.438674	0.561326	0.846917
5574	-50.52246	-115.5842	65.06171	0.6898725	0.4566828	0.1154735	0.68952	0.31048	1.221387
5580	-51.44707	-115.4373	63.99026	0.6898725	0.5802308	0.8488563	0.561905	0.438095	0.5553335
5586	-52.18626	-117.3431	65.15682	0.488488	0.5802308	0.240317	0.65587	0.34413	0.3559663
5592	-56.82889	-121.1182	64.28936	0.9266205	0.9642364	0.240317	0.679803	0.320197	0.5740631
5598	-51.7365	-116.8548	65.11834	0.6400718	0.3614022	0.3600588	0.420378	0.579622	0.6528601
5604	-55.14799	-118.3221	63.17411	0.5679207	0.6382864	1.895393	0.818476	0.181524	0.5710902
5610	-57.90351	-123.0291	65.12555	0.4818703	0.3827052	0.4186764	0.692912	0.307088	0.3844506
5616	-59.28075	-123.4723	64.19154	0.2518864	0.5633978	0.8691967	0.60057	0.39943	0.9359617
5622	-68.93206	-131.933	63.00097	0.3312434	0.7056359	2.428884	0.736233	0.263767	0.6406159
5628	-66.07044	-128.013	61.94254	0.9329071	1.097484	2.428884	0.814559	0.185441	0.6984012
5634	-59.85529	-123.4104	63.55509	0.5633075	1.310309	0.6685296	0.654611	0.345389	0.4644898
5640	-61.05643	-125.4585	64.40206	0.4291864	0.6662133	0.5764933	0.782976	0.217024	0.7357022
5646	-63.6794	-124.8657	61.18626	0.9036258	1.13341	4.495016	0.739173	0.260827	0.5936788
5652	-56.1601	-121.6352	65.47506	0.03057238	0.3724576	0.4738354	0.485621	0.514379	0.6851546
5658	-55.98457	-119.8561	63.87157	0.5874346	0.9992662	0.4160829	0.779485	0.220515	1.03313
5664	-56.51375	-121.0557	64.54194	0.1959519	0.6382126	0.662491	0.608074	0.391926	0.7500554
5670	-59.42197	-122.776	63.35406	0.1531828	2.451219	0.3543405	0.920552	0.079448	1.10469
5676	-60.30515	-123.171	62.86588	0.5084366	1.427543	1.291007	0.659251	0.340749	0.5674252
5682	-50.69776	-115.669	64.97126	0.8045394	0.4970269	0.2591495	0.714888	0.285112	0.4643198
5688	-50.87297	-115.7911	64.91814	0.5470426	0.6388607	0.2591495	0.587582	0.412418	0.7555272
5694	-54.92854	-118.8108	63.88229	0.6339228	0.4084591	1.319373	0.58216	0.41784	0.5749107
5700	-63.14199	-125.5577	62.41567	0.142673	2.110188	1.319373	0.726287	0.273713	1.048459
5706	-63.07772	-126.042	62.96424	0.2871404	1.973729	0.9790117	0.684622	0.315378	0.675387
5712	-64.40297	-127.5656	63.16267	0.1045013	1.367279	0.9790117	0.848068	0.151932	1.132086
5718	-66.7766	-129.2097	62.43308	0.06381091	1.526867	2.478775	0.548198	0.451802	0.7021618
5724	-59.58809	-123.2162	63.62807	0.1614696	1.605071	0.6200032	0.733294	0.266706	0.8589672
5730	-57.76307	-121.1413	63.37825	0.3928145	1.779361	0.6371645	0.789625	0.210375	0.6837924
5736	-62.20996	-125.2175	63.00752	0.03090449	3.279357	0.6371645	0.823619	0.176381	0.6571319
5742	-73.78935	-136.3654	62.57609	0.2975778	1.952011	1.304415	0.979891	0.0201089	0.8196128
5748	-75.21822	-139.3329	64.11471	0.3902256	0.3956036	1.153776	0.738946	0.261054	0.8714495
5754	-62.5142	-126.6299	64.11568	0.5852895	1.064154	0.3230074	0.728712	0.271288	0.914079
5760	-55.68824	-119.5737	63.8855	0.1102723	1.064154	0.7652061	0.728712	0.271288	0.906765
5766	-58.07707	-121.5319	63.45488	0.02034125	1.726266	0.7652061	0.728712	0.271288	0.906765
5772	-59.54253	-124.9944	65.45183	0.004170062	0.3032756	0.5890913	0.703356	0.296644	0.713429
5778	-61.88415	-124.9451	63.061	0.04414284	1.256488	1.782519	0.837475	0.162525	0.6906326
5784	-66.79966	-132.1862	65.38655	0.2418191	0.2143713	0.3302261	0.43247	0.56753	1.25338
5790	-58.64463	-124.0312	65.38662	0.262412	0.4274583	0.3682723	0.5757	0.4243	0.5384556
5796	-58.34548	-123.3079	64.96242	0.1859689	0.4274583	0.4171375	0.809896	0.190104	1.096784
5802	-59.22795	-123.6737	64.44576	0.427378	0.8814733	0.1200434	0.763569	0.236431	1.443841
5808	-65.04317	-129.6195	64.57636	0.391135	0.8814733	0.09882647	0.910791	0.0892093	1.437966
5814	-60.19636	-125.8698	65.67341	0.4089094	0.2041653	0.2973434	0.443679	0.556321	0.9284358
5820	-56.58931	-120.0996	63.51029	0.5586602	1.383047	0.4557711	0.89586	0.10414	1.013297
5826	-55.01347	-118.8521	63.8386	0.3114132	0.932184	0.9229581	0.858895	0.141105	0.5979361
5832	-62.07808	-125.005	62.9269	0.2386528	1.944438	0.9412509	0.730773	0.269227	0.8772641
5838	-61.28953	-124.6191	63.32958	0.1765531	1.015376	1.119499	0.771219	0.228781	1.072762
5844	-55.90769	-119.1055	63.19784	0.7245838	1.015376	1.017925	0.66415	0.33585	0.6982344
5850	-62.42449	-125.2231	62.79862	0.7245838	1.015376	1.017925	0.563122	0.436878	1.145259
5856	-64.6506	-126.1768	61.52618	1.441023	0.9755403	2.586532	0.6826	0.3174	0.4255759
5862	-58.04383	-120.5016	62.45773	1.441023	0.9755403	1.094333	0.887633	0.112367	0.3546087
5868	-55.24041	-117.0987	61.8583	1.441023	1.371968	1.094333	0.933668	0.0663317	0.2059746
5874	-54.39863	-116.5749	62.17626	0.3456223	2.341282	1.57761	0.847407	0.152593	0.3323713
5880	-66.44211	-129.1897	62.74756	1.840055	0.6641631	0.5098536	0.655788	0.344212	0.1657519
5886	-67.88842	-130.4847	62.59623	1.664609	1.574474	0.3566094	0.767135	0.232865	0.2590257
5892	-65.40589	-129.3791	63.9732	1.455182	0.8328139	0.2093969	0.763096	0.236904	0.623771
5898	-79.14055	-142.891	63.75049	1.088584	0.8328139	0.4788157	0.567377	0.432623	0.623771
5904	-62.57862	-126.1181	63.53948	0.9445509	0.4191841	1.342195	0.577182	0.422818	0.4575303
5910	-57.52975	-121.4932	63.96342	1.359141	0.5649628	0.3801602	0.670611	0.329389	0.3295777
5916	-50.55697	-115.0058	64.44884	0.9541972	0.489198	0.397235	0.645596	0.354404	0.3231702
5922	-54.25594	-118.8475	64.59154	0.8680115	0.489198	0.397235	0.5012	0.4988	0.6234865
5928	-53.96647	-117.7987	63.83222	0.8680115	0.4170381	1.083478	0.75457	0.24543	0.4163163
5934	-53.82071	-117.2309	63.41017	0.4581411	1.114376	0.9564652	0.848919	0.151081	0.7341953
5940	-55.6504	-119.1929	63.54245	0.5305842	0.6048678	1.062085	0.769968	0.230032	1.047523
5946	-57.04304	-121.4341	64.39108	0.2973892	0.6048678	0.5489722	0.849429	0.150571	1.047523
5952	-58.089	-120.8253	62.73634	0.05285351	4.433414	0.3566679	0.925199	0.0748007	1.05238
5958	-56.82346	-119.8192	62.99572	0.3134256	2.992823	0.3566679	0.951344	0.048656	1.05238
5964	-50.95064	-117.11	66.15932	0.3993699	0.2295308	0.1662578	0.662159	0.337841	0.6792762
5970	-50.34978	-114.9198	64.57003	0.6897942	0.6870606	0.3106275	0.561357	0.438643	0.7784901
5976	-49.96993	-113.1483	63.17834	0.9811495	2.161734	0.3106275	0.905022	0.0949779	0.4275451
5982	-50.22774	-114.1047	63.87695	0.6741949	0.8285119	0.6784975	0.821129	0.178871	0.6058177
5988	-52.4546	-116.5647	64.11014	0.4203259	0.6964535	0.8259063	0.731296	0.268704	0.6058177
5994	-50.90578	-115.1875	64.28175	1.117563	0.7386398	0.2642473	0.54462	0.45538	0.6058177
6000	-56.60023	-120.7308	64.13059	0.7115404	0.3440065	1.067207	0.481631	0.518369	0.6444052
6006	-60.42293	-123.9469	63.52393	0.5496156	0.9031938	0.7327687	0.635105	0.364895	1.036353
6012	-55.1808	-119.6196	64.4388	0.8301861	0.7386398	0.3138348	0.671205	0.328795	0.6362993
6018	-55.88489	-121.4278	65.54292	0.2192779	0.2492448	0.2968102	0.411785	0.588215	1.120537
6024	-60.43944	-125.7773	65.33783	0.5973129	0.2492448	0.2968102	0.411785	0.588215	0.9531937
6030	-57.66039	-120.6964	63.03601	1.251738	1.133178	0.6380706	0.869605	0.130395	0.3919365
6036	-61.01933	-124.8547	63.83534	1.414574	1.133178	0.1761781	0.74932	0.25068	0.4832243
6042	-64.24609	-126.9027	62.65661	0.6029374	1.133178	1.784728	0.734635	0.265365	0.5752508
6048	-60.21208	-124.9688	64.75675	0.7759853	0.5944773	0.2932019	0.681072	0.318928	0.5752508
6054	-63.78206	-127.9065	64.1244	1.465232	0.5944773	0.2469001	0.534573	0.465427	0.3366435
6060	-66.25454	-131.5175	65.26301	0.6097122	0.5944773	0.1445063	0.520908	0.479092	0.7555427
6066	-62.74311	-127.4521	64.70902	0.08721429	1.124102	0.357215	0.690891	0.309109	0.5054023
6072	-62.40316	-127.5929	65.18977	0.7888192	0.2684382	0.177787	0.723781	0.276219	1.172453
6078	-54.88095	-119.5888	64.70785	1.096807	0.6372108	0.168043	0.723781	0.276219	0.6191572
6084	-56.9839	-121.6305	64.64663	0.8581177	0.6372108	0.2249896	0.697334	0.302666	0.8286523
6090	-54.30371	-119.2707	64.96698	1.086223	0.6372108	0.1052633	0.513232	0.486768	0.5653197
6096	-57.40409	-121.3587	63.95463	0.5812037	0.8480546	0.5736854	0.743523	0.256477	0.8393725
6102	-57.10076	-121.5007	64.39996	0.2636975	0.6168617	0.5736854	0.682878	0.317122	1.018376
6108	-59.05856	-123.4418	64.38326	0.5256133	0.5513293	0.6855728	0.492978	0.507022	0.606641
6114	-54.81432	-120.3751	65.56078	0.7432611	0.22517	0.1965157	0.286919	0.713081	0.9122179
6120	-67.72673	-129.5539	61.82715	1.488498	2.281495	0.6828734	0.730976	0.269024	0.2702417
6126	-61.82842	-124.702	62.87362	1.488498	1.291543	0.452739	0.688914	0.311086	0.3037983
6132	-55.83867	-121.2352	65.39652	0.7082272	0.3939996	0.2026078	0.292561	0.707439	0.5888692
6138	-54.93092	-119.4866	64.55568	0.7195152	0.5283689	0.3038019	0.590106	0.409894	1.036384
6144	-51.01607	-116.6624	65.64632	0.6752078	0.3206269	0.17975	0.490634	0.509366	0.6075554
6150	-56.94404	-121.9224	64.97831	0.5033932	0.3206269	0.3532016	0.560294	0.439706	1.105367
6156	-61.66925	-125.5858	63.91659	1.085132	0.9224121	0.3532016	0.883769	0.116231	0.528744
6162	-59.76639	-123.0501	63.28371	1.738504	1.298868	0.1983747	0.642558	0.357442	0.4150697
6168	-63.3345	-126.7922	63.4577	1.36564	1.27091	0.219257	0.521138	0.478862	0.8597078
6174	-58.36741	-121.6614	63.29397	0.9143514	0.9877277	0.7597322	0.744863	0.255137	0.7391355
6180	-55.1872	-120.9106	65.7234	0.01730669	0.4963409	0.2406043	0.709439	0.290561	0.7391355
6186	-60.88244	-124.9339	64.05146	0.4505289	0.4963409	0.7143375	0.740898	0.259102	1.159146
6192	-70.18105	-132.9849	62.8038	1.493247	0.3297275	1.38886	0.790669	0.209331	0.1940363
6198	-68.8102	-133.6911	64.88093	1.36326	0.2896648	0.2341906	0.468125	0.531875	0.4352301
6204	-71.70974	-134.2103	62.50054	0.5455109	1.579282	1.44167	0.780347	0.219653	0.7673828
6210	-55.97535	-122.5357	66.56037	0.04978212	0.1164864	0.2415333	0.4838	0.5162	0.8240785
6216	-54.87139	-121.4379	66.56649	0.2393763	0.1006562	0.2415333	0.202648	0.797352	0.5999736
6222	-60.12905	-125.987	65.85798	0.5619956	0.1009223	0.2415333	0.386292	0.613708	1.091621
6228	-60.16774	-124.6571	64.48937	0.2460783	0.3180558	0.8106509	0.495716	0.504284	1.151243
6234	-58.82666	-124.0565	65.2298	0.9533916	0.3180558	0.2229724	0.549099	0.450901	0.6453941
6240	-58.92296	-124.0822	65.1592	1.337771	0.20847	0.2229724	0.46014	0.53986	0.4789894
6246	-62.96919	-127.4157	64.44651	1.023947	0.3406021	0.4683225	0.679535	0.320465	0.8462411
6252	-56.60605	-120.6669	64.06083	0.9588615	0.6755993	0.4683225	0.54283	0.45717	0.6900467
6258	-58.55813	-121.8139	63.25575	0.1696353	0.5899375	0.3189896	0.70866	0.29134	2.294274
6264	-55.06371	-119.3616	64.29785	1.111427	1.084121	0.1375077	0.846936	0.153064	0.6044249
6270	-57.01786	-119.8929	62.87505	1.55108	3.004161	0.07501914	0.855441	0.144559	0.3148977
6276	-59.03953	-121.447	62.40745	1.022259	0.7504175	2.107753	0.75128	0.24872	0.3580492
6282	-65.76094	-128.7882	63.02721	0.6165479	0.7504175	1.024369	0.579734	0.420266	1.2857
6288	-63.29129	-127.1111	63.81977	0.36617	0.7507721	1.024369	0.710908	0.289092	0.7343676
6294	-62.04418	-125.9528	63.90864	0.550586	0.6585402	0.7423533	0.472454	0.527546	0.9323127
6300	-60.43838	-124.2194	63.78106	1.118788	0.5039772	0.7423533	0.762659	0.237341	0.3846766
6306	-58.79263	-120.9235	62.13087	1.313463	1.640568	0.7479395	0.945532	0.0544684	0.1961851
6312	-58.47772	-122.0145	63.53675	0.8401798	0.8217207	0.7479395	0.567711	0.432289	0.7761026
6318	-52.41094	-116.1551	63.74415	0.9872541	0.8217207	0.5105039	0.643006	0.356994	0.7492176
6324	-51.01679	-114.1484	63.13161	1.013343	0.7339725	1.181364	0.566494	0.433506	0.4884965
6330	-50.74817	-115.8936	65.14543	0.5720842	0.46462	0.2316666	0.512087	0.487913	0.8730578
6336	-54.58675	-121.5045	66.91775	0.1082355	0.1217246	0.1449676	0.297811	0.702189	0.4370018
6342	-52.78504	-119.5993	66.81423	0.1605227	0.1217246	0.133053	0.301607	0.698393	0.7629954
6348	-50.76525	-116.9231	66.15785	0.5935778	0.1679282	0.133053	0.301607	0.698393	0.8401944
6354	-54.59497	-119.7523	65.15728	1.114117	0.2150488	0.2804914	0.447866	0.552134	0.6892258
6360	-48.72945	-112.7454	64.016	0.2547863	1.224426	0.5731815	0.800035	0.199965	0.6892258
6366	-53.71528	-115.7738	62.05848	1.196449	1.224426	1.684565	0.866221	0.133779	0.5018028
6372	-53.16905	-116.0702	62.90114	0.4108814	0.8874612	2.106142	0.772688	0.227312	0.4344802
6378	-51.74868	-116.3896	64.64094	0.06692904	0.7260816	0.6391965	0.731219	0.268781	0.6549656
6384	-51.99953	-116.514	64.51447	0.02555231	0.7574771	0.7367596	0.685074	0.314926	0.6549656
6390	-52.64692	-116.802	64.15507	0.001779063	0.6711385	1.223912	0.666374	0.333626	0.3824049
6396	-53.34805	-118.9415	65.59343	0.0004462328	0.6711385	0.2258947	0.756984	0.243016	0.5887264
6402	-58.27628	-123.4621	65.18577	0.006264069	0.6711385	0.2258947	0.823315	0.176685	1.104028
6408	-56.52644	-120.9236	64.39719	0.1830275	0.4726857	0.664534	0.617695	0.382305	1.18296
6414	-52.60951	-117.8958	65.2863	0.4128208	0.1968832	0.664534	0.325239	0.674761	0.5299005
6420	-52.50107	-117.9248	65.42369	0.1648448	0.1968832	0.7033297	0.39247	0.60753	0.6954581
6426	-53.92874	-118.1008	64.17206	0.4085742	0.6454815	0.806096	0.39247	0.60753	0.6954581
6432	-55.66147	-120.9455	65.28399	0.4515092	0.2235151	0.3800479	0.56931	0.43069	1.042919
6438	-53.60548	-118.0347	64.42926	0.7474097	0.7201729	0.3767158	0.588162	0.411838	0.4228489
6444	-56.52138	-119.7498	63.22843	1.04769	1.130717	0.65861	0.810708	0.189292	0.5850039
6450	-59.62595	-122.2731	62.64719	0.5060682	2.677347	0.7432604	0.840107	0.159893	0.3653931
6456	-52.60778	-116.401	63.79317	1.008528	0.5727486	0.5304018	0.509266	0.490734	0.1992078
6462	-54.81677	-119.2079	64.39113	0.9573706	1.060466	0.1663372	0.781881	0.218119	0.469456
6468	-51.13146	-115.9069	64.77542	0.7028702	0.8867866	0.1663372	0.727932	0.272068	0.6745099
6474	-52.12815	-115.7464	63.61823	0.657707	1.210068	0.39997	0.757166	0.242834	1.050205
6480	-52.79863	-117.0624	64.26376	0.2194066	1.210068	0.4640735	0.85494	0.14506	0.3811899
6486	-58.40945	-121.0678	62.65837	0.2705194	1.355572	1.386282	0.712528	0.287472	1.119879
6492	-55.52157	-119.5228	64.00124	0.1460988	1.355572	0.5878095	0.805727	0.194273	0.677062
6498	-56.37754	-120.8291	64.45154	0.2962451	0.7977163	0.5730482	0.759033	0.240967	0.439756
6504	-57.44909	-122.1409	64.69176	0.1841165	0.5549741	0.5730482	0.504552	0.495448	0.892616
6510	-57.29718	-121.6954	64.39818	0.07184852	1.027671	0.5730482	0.878269	0.121731	0.6521929
6516	-58.3108	-121.8023	63.4915	1.010989	1.027671	0.5730482	0.928287	0.071713	0.4464118
6522	-65.49009	-129.6436	64.15351	1.088898	0.4013357	0.6043759	0.869839	0.130161	0.6869768
6528	-58.68444	-123.0105	64.32603	0.837339	0.5550554	0.4861413	0.519898	0.480102	0.6869768
6534	-66.88133	-130.0731	63.19172	0.1058846	1.841885	0.8500618	0.951044	0.0489564	0.9110993
6540	-64.36226	-129.0058	64.6435	0.5931538	0.367259	0.6987587	0.837879	0.162121	0.4955483
6546	-54.8026	-118.4227	63.62015	0.8780239	0.8691432	0.6987587	0.742688	0.257312	0.4955483
6552	-56.49881	-121.3019	64.80313	0.7637485	0.3026076	0.4104818	0.295126	0.704874	0.9511071
6558	-47.75056	-112.4339	64.68332	0.6187307	0.2419021	0.8442674	0.37897	0.62103	0.6735406
6564	-48.68256	-114.7755	66.09289	0.2591752	0.2419021	0.1970606	0.673431	0.326569	0.7971855
6570	-48.1817	-114.0248	65.84311	0.4610292	0.2419021	0.1976254	0.644279	0.355721	0.8557314
6576	-53.92228	-119.6661	65.74385	0.01460879	0.2193202	0.1976254	0.727513	0.272487	1.408884
6582	-56.40681	-121.0996	64.69279	0.09464134	0.3406606	1.026566	0.513925	0.486075	0.8082226
6588	-53.56866	-117.922	64.35332	1.051677	0.3406606	0.6111278	0.485489	0.514511	0.5619248
6594	-58.95424	-123.3604	64.40612	0.9814985	0.3406606	0.6111278	0.650595	0.349405	0.3973983
6600	-57.64468	-122.6018	64.95709	0.4071459	0.3886587	0.5746177	0.718788	0.281212	0.4629456
6606	-54.55965	-118.9599	64.40024	1.03407	0.4428773	0.4478821	0.626519	0.373481	0.3747547
6612	-56.52892	-121.5027	64.97374	0.5017934	0.4428773	0.3396395	0.686872	0.313128	0.8954116
6618	-59.77853	-124.0754	64.29683	0.5804994	0.3175379	0.8966822	0.543948	0.456052	0.9207718
6624	-52.12517	-117.1003	64.97516	0.4683183	0.3175379	0.4817089	0.620761	0.379239	0.9097635
6630	-65.84646	-130.9333	65.08682	0.2999909	0.4031116	0.3062036	0.63004	0.36996	1.130336
6636	-62.65601	-127.9769	65.32091	0.2890692	0.2055587	0.3062036	0.454856	0.545144	1.333182
6642	-56.29069	-121.8591	65.56841	0.08192701	0.2055587	0.3062036	0.591202	0.408798	1.300649
6648	-61.45683	-127.3248	65.86794	0.01771086	0.2055587	0.2262021	0.591202	0.408798	1.273214
6654	-49.9943	-116.25	66.25572	0.01334041	0.188681	0.151092	0.273538	0.726462	1.189604
6660	-51.0064	-117.3389	66.33254	0.4589795	0.161578	0.151092	0.318433	0.681567	0.7233133
6666	-52.45229	-118.9542	66.50192	0.6344759	0.161578	0.07759492	0.227946	0.772054	0.6291667
6672	-57.00286	-122.4201	65.41726	0.4717398	0.6904072	0.1142444	0.769572	0.230428	0.6998986
6678	-58.2603	-121.9884	63.72815	0.7465252	0.9153522	0.6602871	0.750282	0.249718	0.6186622
6684	-60.79906	-124.9048	64.10575	1.465283	1.051519	0.1082285	0.777664	0.222336	0.5319889
6690	-58.93649	-122.4138	63.4773	0.996746	0.3995606	1.361542	0.759873	0.240127	0.645659
6696	-66.0562	-129.7998	63.74356	0.5958819	0.3995606	1.361542	0.384917	0.615083	0.8510823
6702	-58.25649	-124.0938	65.83731	0.7506191	0.2330812	0.1437483	0.398308	0.601692	0.7442654
6708	-58.63962	-124.7941	66.15453	0.958091	0.1033017	0.1437483	0.416336	0.583664	0.5194177
6714	-52.50103	-116.6698	64.1688	0.7672444	0.7640933	0.474652	0.664292	0.335708	0.6002844
6720	-61.69339	-125.8492	64.1558	1.271261	0.4797115	0.4364114	0.809491	0.190509	0.5261814
6726	-59.27794	-123.1683	63.89036	1.121638	0.7717196	0.4364114	0.682549	0.317451	0.5022712
6732	-62.33412	-126.8313	64.49717	1.046955	0.7717196	0.2001565	0.818121	0.181879	0.5734493
6738	-57.68717	-122.083	64.39578	1.046955	0.8357191	0.2001565	0.872424	0.127576	0.6462515
6744	-58.94395	-123.8558	64.91182	0.7843587	0.8357191	0.1132304	0.710503	0.289497	0.7314538
6750	-58.88219	-123.3081	64.42594	0.7780323	0.5420108	0.1132304	0.683878	0.316122	1.547222
6756	-56.43231	-120.9893	64.55697	0.8271152	0.4442541	0.4941687	0.698072	0.301928	0.4481002
6762	-55.55345	-120.6413	65.08788	0.01121676	0.5879403	0.4941687	0.479692	0.520308	0.6893857
6768	-52.23883	-118.3605	66.1217	0.08876755	0.1215377	0.4941687	0.496309	0.503691	0.5373847
6774	-55.85422	-120.891	65.03674	0.2544841	0.4987215	0.4941687	0.533718	0.466282	0.5505349
6780	-61.14224	-124.767	63.62472	0.7075806	0.9941882	0.3877412	0.901777	0.0982227	1.201925
6786	-63.58999	-126.471	62.88099	1.10784	1.264114	0.8038245	0.546378	0.453622	0.4862304
6792	-66.08423	-128.5897	62.50543	0.7584118	1.264114	1.284079	0.976565	0.0234353	0.2223315
6798	-60.00545	-122.2902	62.28472	1.203876	1.264114	1.284079	0.814565	0.185435	0.386725
6804	-67.14274	-128.0747	60.93197	1.474844	1.35623	3.091091	0.774421	0.225579	0.4424178
6810	-58.21187	-121.8266	63.61475	1.395996	1.264114	0.2169878	0.900587	0.0994131	0.4679253
6816	-53.4478	-117.9537	64.50585	0.9487878	0.8044934	0.2169878	0.86284	0.13716	0.429075
6822	-70.28311	-132.5822	62.29906	1.659014	2.498562	0.1444862	0.838847	0.161153	0.1495278
6828	-63.48001	-127.7484	64.26843	1.122651	0.9110775	0.1444862	0.64412	0.35588	0.8695658
6834	-65.78994	-129.5974	63.80743	1.367035	0.9110775	0.1444862	0.330311	0.669689	1.09156
6840	-63.9686	-128.039	64.07039	0.6687147	0.5992989	0.7520895	0.580441	0.419559	0.6394767
6846	-59.84399	-123.8038	63.95981	0.411632	0.6161024	0.6168707	0.804791	0.195209	1.226369
6852	-66.4655	-129.1668	62.7013	0.515669	0.6619836	2.02207	0.638099	0.361901	1.113382
6858	-61.52509	-125.5581	64.03297	0.05003878	0.3024369	2.02207	0.638099	0.361901	0.8699204
6864	-55.06241	-119.3227	64.26029	0.4441016	0.907132	0.4929795	0.809382	0.190618	0.6840603
6870	-61.48846	-121.9869	60.49843	0.8119183	1.972617	4.175258	0.897516	0.102484	0.2104935
6876	-56.86459	-118.7488	61.88424	0.792433	2.304344	1.394928	0.791667	0.208333	0.7157359
6882	-67.0234	-129.6771	62.65368	0.3194501	1.903504	1.394928	0.808966	0.191034	0.5378188
6888	-67.90852	-130.8839	62.97535	0.3514338	1.448756	0.6009489	0.747915	0.252085	1.407627
6894	-65.74483	-128.8344	63.08959	0.5711755	0.5853006	1.217976	0.671269	0.328731	1.308515
6900	-60.76231	-123.4481	62.68576	0.4620806	2.491436	0.6154492	0.705752	0.294248	1.002272
6906	-58.14484	-120.0137	61.86887	1.421407	2.54901	0.6154492	0.874295	0.125705	0.2808021
6912	-56.02935	-118.9804	62.95109	0.9926995	2.389652	0.3593524	0.880524	0.119476	0.5196879
6918	-61.41784	-123.6218	62.20399	0.3605816	1.977314	1.655561	0.807205	0.192795	0.8600581
6924	-59.69582	-122.2753	62.57944	1.833837	0.7804723	0.6256377	0.562125	0.437875	0.2103897
6930	-59.60727	-122.5069	62.8996	1.833837	0.4702952	0.4914566	0.373157	0.626843	0.1285905
6936	-61.37637	-123.1776	61.80125	1.522684	0.5070117	2.353457	0.40341	0.59659	0.1838449
6942	-68.03374	-130.1733	62.13958	0.4158136	1.90996	1.520489	0.827702	0.172298	1.015272
6948	-63.15821	-128.1895	65.03132	0.3103743	0.22446	0.8639328	0.488716	0.511284	0.3791708
6954	-61.16592	-125.3725	64.20654	0.9018793	0.4801824	0.6272964	0.344423	0.655577	0.5919507
6960	-56.25658	-120.4996	64.24305	1.223795	0.5878792	0.3305752	0.688156	0.311844	0.5216666
6966	-57.64708	-120.7805	63.13346	1.280291	1.228539	0.5110872	0.596868	0.403132	0.5662261
6972	-57.60541	-121.2369	63.63144	0.782307	1.228539	0.5110872	0.618113	0.381887	0.5662261
6978	-60.92777	-123.7659	62.8381	1.575734	1.228539	0.5110872	0.831764	0.168236	0.439467
6984	-59.05257	-122.5257	63.4731	0.9288751	1.228539	0.5110872	0.593427	0.406573	0.6063187
6990	-62.57928	-127.255	64.67576	0.05387129	0.5833954	0.5648726	0.741938	0.258062	1.014418
6996	-61.09837	-124.7954	63.69707	0.6991047	0.5833954	0.3472158	0.669314	0.330686	1.604031
7002	-60.58692	-124.7411	64.15419	0.3446832	0.5833954	0.743422	0.659687	0.340313	1.000407
7008	-55.94604	-119.8644	63.91834	0.268122	0.6885526	0.743422	0.764451	0.235549	1.155073
7014	-54.22036	-117.7254	63.50505	0.00975265	0.8531973	1.559848	0.809431	0.190569	0.8740295
7020	-54.35623	-118.6431	64.28689	0.00467783	0.9267262	0.4710185	0.700302	0.299698	1.164755
7026	-56.95709	-120.5742	63.61713	0.004265722	0.5526188	2.216363	0.692587	0.307413	0.7123159
7032	-58.35485	-121.5004	63.14557	0.04095665	0.6232279	2.3376	0.692302	0.307698	1.029862
7038	-56.72908	-119.9626	63.23351	0.08671635	0.5260361	2.3376	0.796355	0.203645	1.041663
7044	-59.76352	-123.8984	64.13485	1.438139	0.3229734	0.4926216	0.776729	0.223271	0.695409
7050	-55.07077	-118.0041	62.93331	1.067487	1.002326	1.014745	0.60751	0.39249	0.4889591
7056	-52.22843	-116.544	64.31553	0.05897377	0.6486544	0.851035	0.60751	0.39249	0.89865
7062	-50.45211	-113.887	63.43485	0.2969665	0.6486544	1.345823	0.634618	0.365382	1.077886
7068	-48.22432	-112.1971	63.9728	0.7235292	0.7880331	0.6171784	0.633744	0.366256	0.5583
7074	-49.41156	-112.3296	62.91803	0.4008202	0.7880331	2.294975	0.684043	0.315957	0.4227514
7080	-51.57619	-114.7448	63.1686	0.4589876	0.7880331	1.598271	0.684043	0.315957	0.7935081
7086	-57.57606	-120.5613	62.98529	0.4531739	0.7582626	1.598271	0.684043	0.315957	1.042583
7092	-58.45754	-122.0557	63.5982	0.50949	0.7582626	1.15136	0.591375	0.408625	0.3805815
7098	-53.69979	-117.2396	63.53983	1.294373	1.246665	0.2799563	0.672662	0.327338	0.3911832
7104	-58.5187	-120.4157	61.89696	1.294373	2.098349	0.7790832	0.92254	0.07746	0.2208838
7110	-64.26359	-125.8672	61.60359	1.294373	2.098349	0.8471424	0.92254	0.07746	0.1569217
7116	-65.91827	-128.1809	62.26263	2.208294	1.52888	0.1310773	0.933055	0.0669445	0.1284604
7122	-53.85244	-116.0178	62.16539	1.0938	1.001201	1.647928	0.674282	0.325718	0.2341525
7128	-59.50126	-120.5866	61.0853	1.425006	1.196471	2.131419	0.796644	0.203356	0.1517323
7134	-61.41787	-124.2441	62.82628	1.986756	0.9738781	0.3320752	0.595368	0.404632	0.2557687
7140	-54.51065	-118.3396	63.82895	0.2698623	0.9738781	0.78983	0.609539	0.390461	0.8562996
7146	-55.77153	-120.4343	64.66273	0.1774902	1.15912	0.3023269	0.774043	0.225957	0.6649675
7152	-62.73161	-126.9541	64.22245	1.551428	0.1129683	0.4743834	0.551244	0.448756	0.1494338
7158	-57.96781	-121.8217	63.85384	1.551428	0.5588872	0.3664701	0.497832	0.502168	0.6330079
7164	-62.28917	-124.1253	61.83608	0.7311202	1.596098	2.315197	0.753637	0.246363	0.6287047
7170	-59.8514	-121.9938	62.14238	0.2870973	1.596098	2.315197	0.726822	0.273178	0.8459894
7176	-54.69259	-119.3634	64.6708	0.05060481	0.5036648	0.7061389	0.468029	0.531971	0.9482488
7182	-55.33673	-119.736	64.39928	0.5171841	0.2973216	1.077495	0.75994	0.24006	0.6851661
7188	-57.0306	-121.5826	64.55203	0.1926255	0.3812354	1.077495	0.506644	0.493356	0.6676336
7194	-60.38349	-125.8443	65.46084	0.107228	0.3812354	0.4341329	0.33681	0.66319	0.666243
7200	-57.18162	-121.4769	64.29532	0.2726902	0.6726698	0.719348	0.604381	0.395619	0.8166831
7206	-64.42952	-129.0309	64.60135	0.6485435	0.1484483	1.007688	0.520208	0.479792	0.9010711
7212	-70.30099	-134.3368	64.03577	1.32294	0.495875	0.3456487	0.619354	0.380646	0.2370119
7218	-59.91305	-125.2075	65.29444	0.936695	0.5046517	0.1006918	0.618844	0.381156	0.6737447
7224	-56.33706	-120.2517	63.91466	0.8195525	0.2483087	1.433266	0.579354	0.420646	0.3482667
7230	-52.20745	-116.5723	64.3649	0.3636399	0.2948888	1.30819	0.583913	0.416087	0.362492
7236	-57.52204	-122.8625	65.34042	0.05867052	0.1431115	1.044761	0.326098	0.673902	0.362492
7242	-52.31411	-118.5468	66.23266	0.5975893	0.1400693	0.1678613	0.412255	0.587745	0.6882494
7248	-52.55642	-118.6854	66.12902	1.069534	0.1471109	0.06900888	0.453178	0.546822	0.6882494
7254	-52.60874	-118.4016	65.79291	1.069534	0.1471109	0.1673452	0.526513	0.473487	0.4756702
7260	-53.89085	-119.824	65.93318	0.686873	0.2187067	0.1673452	0.504268	0.495732	0.4123975
7266	-52.49993	-118.0046	65.50464	1.022664	0.1806574	0.2367675	0.521351	0.478649	0.4131026
7272	-53.36707	-117.9932	64.62611	0.3905861	0.5659142	0.5033342	0.729271	0.270729	0.8356875
7278	-55.32496	-118.4742	63.14926	0.7313114	0.8076951	1.157692	0.816844	0.183156	0.8817765
7284	-58.74124	-121.3633	62.62204	0.8012296	1.525352	1.157692	0.816844	0.183156	0.5243209
7290	-58.9959	-122.5247	63.52881	0.4423773	0.8396459	1.157692	0.615834	0.384166	0.7089032
7296	-61.30885	-123.731	62.42219	0.1380812	0.8396459	3.510843	0.808579	0.191421	0.8576599
7302	-56.62559	-119.239	62.61337	1.01918	0.5606726	2.241594	0.692978	0.307022	0.6411064
7308	-54.51562	-117.8139	63.29825	1.093084	0.5606726	0.9576868	0.739003	0.260997	0.2435097
7314	-62.95167	-126.5887	63.63699	0.8672909	0.7699171	0.7847754	0.747533	0.252467	0.529744
7320	-58.81201	-121.6802	62.86816	1.439323	0.4798282	1.014422	0.697602	0.302398	0.1853298
7326	-55.43956	-120.1997	64.76014	0.9768319	0.4437032	0.3144292	0.468857	0.531143	0.4804383
7332	-54.4847	-119.8856	65.40089	0.9768319	0.1728764	0.3144292	0.49659	0.50341	0.4938817
7338	-52.53687	-118.2217	65.68479	0.6904367	0.1728764	0.3144292	0.355694	0.644306	0.4649889
7344	-49.67185	-115.6007	65.92881	0.3669875	0.1728764	0.3144292	0.355694	0.644306	0.7306961
7350	-54.06987	-119.6469	65.57705	0.6037503	0.1728764	0.3680413	0.456169	0.543831	0.7306961
7356	-54.90327	-120.4058	65.50253	0.9003536	0.1295746	0.3680413	0.774161	0.225839	0.5791265
7362	-55.05394	-120.3981	65.34415	0.4613982	0.1295746	0.3680413	0.561145	0.438855	1.270687
7368	-52.55025	-118.2904	65.7401	0.6689876	0.1295746	0.3680413	0.561145	0.438855	0.4510582
7374	-53.75196	-118.5759	64.82397	1.054047	0.278446	0.4113089	0.320285	0.679715	0.4567761
7380	-62.25403	-126.3004	64.04641	0.4125763	0.3723062	1.496755	0.657102	0.342898	0.5271818
7386	-69.38601	-133.4709	64.08489	1.093155	0.3991458	0.4186094	0.537531	0.462469	1.115915
7392	-56.17192	-121.5442	65.37231	0.9078349	0.1788692	0.2675813	0.634853	0.365147	0.8743211
7398	-59.18581	-124.0925	64.90665	0.9078349	0.524691	0.2231528	0.597539	0.402461	0.5922824
7404	-61.40597	-126.3843	64.97833	0.8670044	0.4946521	0.2231528	0.525217	0.474783	0.640484
7410	-73.91273	-135.4665	61.55376	1.507492	1.01817	2.138982	0.651769	0.348231	0.3035633
7416	-69.62072	-133.7681	64.14741	0.976218	1.01817	0.2400903	0.535997	0.464003	0.6725967
7422	-65.01543	-127.8548	62.83933	1.088508	0.6943242	1.516832	0.619687	0.380313	0.50528
7428	-53.90088	-118.0659	64.16499	1.088508	0.2933085	0.8168112	0.619687	0.380313	0.4889725
7434	-55.40707	-119.9029	64.49582	1.024104	0.2933085	0.6098443	0.473758	0.526242	0.5171837
7440	-51.19009	-116.1322	64.94206	0.2406546	0.2933085	0.8791044	0.486427	0.513573	0.5171837
7446	-51.12502	-116.4004	65.27534	0.797524	0.2933085	0.2995867	0.400599	0.599401	0.5633061
7452	-52.12922	-117.5519	65.42271	0.1220636	0.2933085	0.5263186	0.652422	0.347578	0.7611782
7458	-56.26073	-120.3475	64.08679	0.0765671	0.8264129	0.5364524	0.674112	0.325888	1.275978
7464	-57.21879	-121.9308	64.71204	0.8827052	0.7233465	0.1801665	0.632916	0.367084	0.3250329
7470	-56.27891	-120.6762	64.39733	0.07011864	0.7233465	0.8608452	0.600105	0.399895	0.5675347
7476	-51.51589	-116.2856	64.76975	0.6719441	0.9426676	0.1737366	0.898851	0.101149	0.5343149
7482	-52.16568	-116.6054	64.43971	1.198538	0.7408517	0.1737366	0.851108	0.148892	0.6459921
7488	-50.72121	-113.8419	63.12067	1.198538	0.7408517	0.6907187	0.804665	0.195335	0.1922073
7494	-50.77148	-113.4996	62.72817	1.152325	0.7408517	1.428967	0.679362	0.320638	0.3539236
7500	-59.07596	-123.6709	64.5949	1.152325	0.8691176	0.07950927	0.609485	0.390515	0.812134
7506	-56.90828	-121.2055	64.29718	0.6993672	1.214991	0.1439353	0.795605	0.204395	0.9837457
7512	-55.72966	-120.0202	64.2905	1.748973	0.3491589	0.1934476	0.780984	0.219016	0.2476863
7518	-60.99568	-124.9241	63.9284	1.748973	0.4425265	0.2581482	0.386444	0.613556	0.2476863
7524	-55.39585	-119.5671	64.17121	0.6481708	1.268313	0.2868053	0.923065	0.0769355	0.5653778
7530	-54.85458	-117.8572	63.00257	0.5874583	2.636237	0.479976	0.923065	0.0769355	0.5653778
7536	-52.28399	-115.9627	63.67869	0.3304038	1.785853	0.479976	0.908429	0.0915713	0.6821982
7542	-58.58218	-121.5702	62.98805	0.2679522	0.8824573	2.200082	0.778773	0.221227	0.6036558
7548	-56.38875	-119.9606	63.57182	1.054641	0.8824573	0.5822776	0.747499	0.252501	0.6036558
7554	-61.24797	-123.7946	62.54667	1.288044	0.8824573	1.325691	0.75145	0.24855	0.4195037
7560	-60.05784	-122.9267	62.86882	1.003001	0.8824573	1.297934	0.786711	0.213289	0.4962606
7566	-60.29416	-123.0608	62.76666	1.003001	3.007888	0.2171125	0.832359	0.167641	0.921158
7572	-54.38349	-117.7917	63.40817	0.6013869	2.02348	0.3794163	0.796344	0.203656	0.7481183
7578	-51.54378	-116.553	65.00926	0.1671458	0.4461967	0.3749042	0.556298	0.443702	1.11499
7584	-51.74714	-117.7925	66.04541	0.07248859	0.2083007	0.3749042	0.727965	0.272035	0.6124688
7590	-52.76363	-117.6525	64.88889	0.8162622	0.4760018	0.2370911	0.889642	0.110358	0.8467402
7596	-54.85828	-119.1167	64.25838	1.498004	0.4760018	0.2760843	0.559934	0.440066	0.4181021
7602	-60.6447	-124.9681	64.32337	1.50667	0.4760018	0.2233386	0.599382	0.400618	0.7268885
7608	-62.94822	-127.5283	64.5801	0.8325613	0.3391042	0.5908109	0.862475	0.137525	0.6380038
7614	-62.09788	-127.4454	65.3475	0.5428772	0.3391042	0.3131298	0.671016	0.328984	0.6856086
7620	-56.99903	-123.1472	66.14822	0.5148706	0.1255772	0.2646281	0.290319	0.709681	0.490806
7626	-64.14397	-129.6549	65.51091	1.106519	0.2430832	0.1350451	0.546828	0.453172	0.7042568
7632	-60.57394	-126.0694	65.49543	1.104213	0.2232296	0.1350451	0.66584	0.33416	0.8104809
7638	-60.73571	-123.4531	62.71742	0.2549114	1.120879	1.989141	0.910635	0.089365	0.8664995
7644	-53.62095	-117.2769	63.65596	0.8080296	0.958786	0.5409952	0.672386	0.327614	0.842306
7650	-64.48634	-127.6544	63.16802	1.01194	0.9355566	0.8360964	0.66969	0.33031	0.7261341
7656	-60.74661	-124.1903	63.44367	1.01194	0.6563482	0.8360964	0.92668	0.0733199	0.2822342
7662	-53.74277	-118.3182	64.57545	1.520636	0.3149739	0.2392244	0.564727	0.435273	0.321147
7668	-56.61866	-120.3766	63.75796	0.6639296	0.7122411	0.8640205	0.757278	0.242722	0.3411595
7674	-54.61242	-118.7179	64.10545	0.9419559	0.5560398	0.5823049	0.674484	0.325516	0.6030106
7680	-72.77863	-135.2447	62.46609	0.2314055	1.055132	2.869938	0.799004	0.200996	0.71658
7686	-67.44642	-130.388	62.94156	0.8101702	1.229166	1.029902	0.703423	0.296577	0.3962262
7692	-55.38986	-119.9772	64.58729	0.6528588	0.4612386	0.5247242	0.739943	0.260057	0.710718
7698	-52.69191	-115.6142	62.92232	0.5478671	3.601358	0.1247762	0.897383	0.102617	1.26445
7704	-50.44342	-114.1822	63.73879	1.537383	0.7188596	0.2940189	0.80102	0.19898	0.3123902
7710	-53.5143	-117.1859	63.67156	1.858593	1.010656	0.1217648	0.853914	0.146086	0.389573
7716	-57.11395	-121.6958	64.58183	1.465738	0.5160007	0.1217648	0.647792	0.352208	0.7984455
7722	-56.7987	-122.0607	65.26204	0.434013	0.5160007	0.2299136	0.840619	0.159381	0.7984455
7728	-56.88632	-119.9536	63.06727	0.5836478	1.273833	1.097721	0.842681	0.157319	0.3994111
7734	-61.89802	-125.067	63.16899	1.209631	0.5484801	1.163247	0.64542	0.35458	0.3703589
7740	-54.74425	-118.7095	63.96524	1.209631	0.5484801	0.4533652	0.765262	0.234738	0.7746713
7746	-60.96727	-123.9993	63.03208	0.2229756	1.768046	1.146565	0.957196	0.0428039	0.5863956
7752	-59.20616	-121.2623	62.05615	0.0508999	1.746158	1.146565	0.774063	0.225937	1.699572
7758	-58.6772	-121.5475	62.87035	0.4960436	0.5075103	2.598964	0.605378	0.394622	0.8898269
7764	-62.17352	-125.4831	63.30963	0.186298	0.3696217	2.598964	0.429759	0.570241	1.017419
7770	-57.90121	-120.8291	62.92793	1.087852	1.056701	0.9456663	0.906883	0.0931171	0.5339039
7776	-62.04669	-122.7194	60.67275	0.8659274	1.644473	4.934444	0.817714	0.182286	0.6470248
7782	-66.28042	-130.104	63.82362	0.2725305	0.8213528	0.5679908	0.618496	0.381504	1.295945
7788	-62.35959	-126.4696	64.10997	0.400964	0.8213528	0.5679908	0.679612	0.320388	0.9139392
7794	-61.75267	-125.372	63.61937	0.5266027	0.8213528	0.9815543	0.485475	0.514525	0.731644
7800	-65.11263	-130.4009	65.28822	0.05997051	0.1944783	0.8933623	0.526078	0.473922	0.7327458
7806	-58.31521	-123.4509	65.13569	0.01475662	0.2744948	0.8933623	0.800554	0.199446	0.6984797
7812	-62.91491	-127.875	64.96007	0.1298239	0.2744948	0.8933623	0.8028	0.1972	0.790877
7818	-60.49544	-123.5483	63.05289	0.2385325	0.5128123	3.207537	0.628286	0.371714	0.4598738
7824	-52.61309	-116.359	63.74592	0.4813469	0.7105129	1.120085	0.717013	0.282987	0.5392443
7830	-54.08967	-118.113	64.0233	0.9222996	0.7105129	0.5182285	0.813409	0.186591	0.5392443
7836	-53.21065	-117.4142	64.20355	0.7320368	0.7105129	0.5182285	0.842407	0.157593	0.5848304
7842	-48.97309	-112.9576	63.98448	0.6898243	0.7105129	0.5376813	0.855107	0.144893	0.9341412
7848	-52.36921	-115.2882	62.91899	0.5848034	3.140829	0.3152506	0.875703	0.124297	0.8790113
7854	-51.94172	-114.9087	62.96701	0.5777153	3.140829	0.3152506	0.968905	0.0310952	0.8296541
7860	-51.77269	-114.4776	62.7049	0.8914972	3.140829	0.3152506	0.883904	0.116096	0.7599097
7866	-48.40131	-112.6655	64.2642	0.7060527	0.5733249	0.60446	0.660495	0.339505	0.6489297
7872	-49.88074	-114.0053	64.12455	0.3205688	0.894468	0.60446	0.880216	0.119784	0.831817
7878	-51.52866	-115.7422	64.21358	0.1423631	0.8113082	0.60446	0.869298	0.130702	1.030176
7884	-64.04925	-126.4903	62.44109	0.2596532	3.525076	0.6129758	0.863834	0.136166	1.01154
7890	-56.11191	-118.787	62.67512	0.8085672	2.268577	0.6783882	0.945824	0.0541763	0.4838014
7896	-56.42811	-120.521	64.09292	1.077159	0.8696438	0.2787863	0.89909	0.10091	0.6911747
7902	-56.24707	-121.0676	64.82056	0.1288268	0.4188956	0.8509115	0.734662	0.265338	0.4666249
7908	-55.30088	-119.8416	64.54073	0.6054002	0.4188956	0.5930001	0.485061	0.514939	0.8077102
7914	-61.99012	-126.3651	64.37496	0.0866822	0.4660866	0.3422712	0.612146	0.387854	1.699415
7920	-59.57201	-124.0759	64.5039	0.7131884	0.2585605	0.9221315	0.699413	0.300587	0.5523304
7926	-56.88638	-121.9838	65.09739	0.2325249	0.180765	0.9883619	0.590154	0.409846	0.6645833
7932	-57.0191	-119.8594	62.8403	0.4036822	3.389413	0.3430234	0.873862	0.126138	0.9870701
7938	-62.78896	-125.8676	63.07867	0.7672527	1.627765	0.3307176	0.699065	0.300935	1.270698
7944	-66.96781	-130.8228	63.85501	0.3103016	0.7248382	0.3134344	0.784617	0.215383	1.683877
7950	-62.6266	-125.2911	62.66454	0.6232672	1.360437	1.475672	0.596455	0.403545	0.5364635
7956	-62.49676	-125.4628	62.96607	1.052294	1.360437	0.7134671	0.891942	0.108058	0.4599197
7962	-52.17626	-115.7377	63.5614	1.497091	0.5838683	0.459118	0.670758	0.329242	0.2654207
7968	-48.74147	-113.2462	64.50475	1.497091	0.4994911	0.1543455	0.66505	0.33495	0.3236452
7974	-49.96424	-114.9343	64.97007	1.113984	0.4994911	0.1543455	0.475705	0.524295	0.4956419
7980	-72.49017	-134.1043	61.61416	1.605756	1.653226	1.180762	0.906774	0.0932262	0.3131774
7986	-65.46823	-127.4844	62.0162	0.7167157	2.697614	1.180762	0.803036	0.196964	0.5046016
7992	-71.40332	-136.1701	64.76673	1.338452	0.4281771	0.1157793	0.62145	0.37855	0.9372135
7998	-69.42521	-134.525	65.09977	0.7308264	0.4281771	0.2841611	0.660519	0.339481	0.4469936
8004	-45.86751	-109.2934	63.42591	0.8252608	1.421426	0.5134881	0.802441	0.197559	0.4302446
8010	-61.54718	-126.8058	65.25863	0.4011711	0.3978998	0.2801003	0.605423	0.394577	0.9347201
8016	-63.09263	-127.637	64.54434	0.150159	0.5968226	0.6212711	0.757453	0.242547	0.9456551
8022	-53.83197	-117.855	64.02299	0.4763191	1.541409	0.336034	0.891578	0.108422	0.4540152
8028	-55.95402	-119.4168	63.46276	1.102389	2.060598	0.1804462	0.891578	0.108422	0.4314203
8034	-61.9847	-125.075	63.09029	0.781604	2.535358	0.3355936	0.887137	0.112863	0.6760703
8040	-52.42604	-116.0929	63.66689	0.493354	1.151167	0.710783	0.862539	0.137461	0.3696407
8046	-49.29743	-113.0908	63.79337	0.7738526	1.151167	0.4602721	0.780258	0.219742	0.4385441
8052	-49.66704	-113.3192	63.65212	0.7262174	1.151167	0.4602721	0.770429	0.229571	0.8828186
8058	-58.26965	-121.6863	63.41668	0.1826735	1.252073	1.195871	0.944326	0.0556736	0.5500293
8064	-58.0699	-121.5372	63.46733	0.0926054	1.252073	1.195871	0.965011	0.0349891	0.6635702
8070	-62.79162	-125.8758	63.08421	0.7416656	1.252073	0.8403398	0.965011	0.0349891	0.8016203
8076	-63.49137	-127.7845	64.29311	0.8532201	0.3175272	0.8403398	0.708434	0.291566	0.6191545
8082	-68.25092	-131.5098	63.25886	1.440924	0.2145846	1.47771	0.591019	0.408981	0.2726821
8088	-60.12131	-126.1553	66.03399	0.04077535	0.2145846	0.3987443	0.577956	0.422044	0.4987743
8094	-58.11326	-121.9801	63.86687	0.8712044	0.8767798	0.3987443	0.586135	0.413865	0.9121068
8100	-56.86514	-121.4111	64.54597	0.8106694	0.4525443	0.3987443	0.632187	0.367813	0.873912
8106	-52.46308	-117.6061	65.14299	0.2724698	0.4525443	0.3987443	0.910964	0.0890364	0.8008445
8112	-48.58989	-113.1922	64.60227	0.5930881	0.6461911	0.3616633	0.744581	0.255419	0.7909176
8118	-53.57654	-118.8179	65.24131	0.3697192	0.3342366	0.4872641	0.500002	0.499998	0.5620838
8124	-53.27876	-118.7358	65.45703	0.561967	0.1788899	0.4872641	0.510157	0.489843	0.5468892
8130	-55.61672	-120.7026	65.08591	0.1338181	0.1788899	0.988971	0.680665	0.319335	0.8386862
8136	-58.30177	-122.3021	64.00035	1.297675	0.5014056	0.4854672	0.458971	0.541029	0.4388691
8142	-59.02431	-123.6329	64.6086	1.138456	0.5014056	0.2665078	0.626649	0.373351	0.5544035
8148	-61.60452	-125.0642	63.45968	0.09076746	1.742549	0.8458605	0.78351	0.21649	0.649885
8154	-60.07536	-124.2266	64.15124	0.6726078	0.6758302	0.5439217	0.509236	0.490764	0.7992161
8160	-53.4784	-117.6389	64.16046	0.529871	1.132937	0.342272	0.765399	0.234601	0.7992161
8166	-56.22676	-119.9508	63.72409	0.3085232	0.5857608	0.6232094	0.90945	0.09055	1.520963
8172	-53.51965	-116.7004	63.18073	1.007986	0.5857608	0.6232094	0.60645	0.39355	1.402289
8178	-50.69022	-115.102	64.41176	1.179673	0.5857608	0.260787	0.720748	0.279252	0.6632087
8184	-50.77417	-116.4773	65.70312	0.2241337	0.37908	0.260787	0.620919	0.379081	0.6962786
8190	-47.65914	-113.7097	66.0506	0.3838933	0.1803784	0.2178159	0.422429	0.577571	0.8426075
8196	-58.56613	-123.3184	64.75227	0.4013113	0.795015	0.3397706	0.830066	0.169934	0.404199
8202	-59.01279	-122.4864	63.47359	1.358576	0.4184648	0.9268277	0.451129	0.548871	0.3753747
8208	-60.44357	-124.8448	64.40119	0.1823475	0.4184648	0.9268277	0.33599	0.66401	0.978981
8214	-63.50009	-127.2263	63.72624	0.193464	0.3739234	1.87018	0.502696	0.497304	0.978981
8220	-53.93947	-118.2858	64.34631	0.8523237	0.4954062	0.558282	0.574505	0.425495	0.5165328
8226	-56.8225	-121.8001	64.97756	1.020356	0.5545537	0.1483312	0.505929	0.494071	0.4079613
8232	-57.53961	-122.4458	64.9062	0.8839687	0.5545537	0.2128795	0.584446	0.415554	0.6119911
8238	-62.77292	-127.8623	65.08935	0.9421705	0.2962198	0.2128795	0.405677	0.594323	0.9582539
8244	-56.93425	-122.1555	65.22124	0.9303055	0.2436966	0.2545967	0.527484	0.472516	0.8425596
8250	-60.09822	-124.512	64.4138	0.5581562	0.3864122	0.5283977	0.7423	0.2577	1.153417
8256	-56.77571	-121.7516	64.9759	0.2739045	0.4572071	0.5283977	0.619597	0.380403	0.6961343
8262	-62.95581	-126.5946	63.6388	0.3789767	0.3886074	2.117377	0.612168	0.387832	0.5858669
8268	-62.94068	-126.7144	63.77368	1.289439	0.2452806	1.091228	0.707041	0.292959	0.3960997
8274	-67.53776	-129.5854	62.04764	0.8688942	1.911538	1.032941	0.85282	0.14718	1.059997
8280	-66.46365	-131.2982	64.83458	0.3012189	0.2089365	1.01428	0.355376	0.644624	0.7964192
8286	-64.99794	-129.8446	64.84662	0.7783414	0.2066858	0.6968487	0.416474	0.583526	0.5449825
8292	-61.57705	-126.7462	65.1691	1.089992	0.1544176	0.4004814	0.455645	0.544355	0.4756175
8298	-60.83467	-126.3963	65.5616	0.733498	0.1544176	0.3820781	0.195087	0.804913	0.4756175
8304	-63.17911	-128.39	65.2109	1.309526	0.1544176	0.06967299	0.288061	0.711939	1.349683
8310	-65.61294	-130.2828	64.66983	0.5977271	0.1720637	0.674069	0.905747	0.0942528	0.1512465
8316	-57.4025	-120.0072	62.60473	1.778363	0.5931083	0.674069	0.716154	0.283846	0.1512465
8322	-56.08487	-120.1929	64.10808	1.767749	0.4866407	0.2014647	0.806672	0.193328	0.3267779
8328	-58.85102	-122.9154	64.0644	0.1399951	0.4866407	1.247012	0.663067	0.336933	0.932989
8334	-61.87861	-125.9225	64.04393	0.3905982	0.4866407	0.7087934	0.446297	0.553703	1.237096
8340	-57.96329	-121.9182	63.9549	0.4796282	0.4866407	0.7087934	0.420562	0.579438	1.237096
8346	-53.87281	-117.8753	64.00246	0.5401303	0.4866407	1.042373	0.502849	0.497151	0.741792
8352	-59.85542	-123.4434	63.58799	0.4020672	0.6618888	1.397778	0.830548	0.169452	0.711862
8358	-63.75783	-126.7081	62.95025	0.3502713	0.6618888	1.096577	0.842935	0.157065	1.584533
8364	-58.06801	-121.5905	63.52253	0.396383	0.6618888	1.096577	0.842935	0.157065	1.086826
8370	-55.80725	-119.7383	63.93102	0.3888533	1.198104	0.574915	0.844654	0.155346	0.6292333
8376	-56.26131	-120.6375	64.37621	0.1019392	1.198104	0.2367726	0.877716	0.122284	1.210041
8382	-55.12419	-118.1578	63.03358	0.3233126	1.491872	1.172793	0.545216	0.454784	0.7251789
8388	-55.06924	-118.2924	63.22321	0.2084982	1.491872	1.172793	0.439526	0.560474	0.5444435
8394	-53.21498	-118.348	65.13306	0.6109461	0.1341149	0.7750563	0.414242	0.585758	0.3958909
8400	-56.60972	-121.76	65.15023	0.4019479	0.1932679	0.7750563	0.549902	0.450098	0.602535
8406	-59.86184	-124.2594	64.39759	1.447042	0.571649	0.1870838	0.549902	0.450098	0.602535
8412	-56.39741	-118.2753	61.87791	1.447042	1.316107	1.217427	0.773241	0.226759	0.2430712
8418	-57.24209	-118.6328	61.39074	1.280626	1.561287	1.668018	0.830764	0.169236	0.1948769
8424	-49.62773	-113.271	63.64326	0.822177	0.523527	1.120511	0.549467	0.450533	0.6374083
8430	-53.41437	-116.5053	63.09088	0.7332657	0.9424377	1.120511	0.904487	0.0955132	0.8096801
8436	-50.10278	-112.4962	62.39344	1.133238	1.386268	1.115259	0.705797	0.294203	0.370381
8442	-52.92201	-117.7081	64.78607	0.08498491	0.6815986	0.5592496	0.865248	0.134752	0.676878
8448	-51.38675	-115.2612	63.87445	0.1182135	0.6815986	1.389261	0.863929	0.136071	0.6713943
8454	-53.60664	-116.6694	63.0628	0.4828859	1.804717	0.8454292	0.836258	0.163742	0.4637307
8460	-58.63303	-122.5531	63.92004	0.3453781	1.581946	0.3516104	0.93112	0.06888	0.8583996
8466	-58.97245	-122.8167	63.8443	0.0209274	1.139962	1.013929	0.93112	0.06888	0.5558848
8472	-61.85952	-127.9637	66.10415	0.1217663	0.1586242	0.3451543	0.575025	0.424975	0.8025167
8478	-59.51021	-124.8243	65.31406	0.1478061	0.5559405	0.3451543	0.744849	0.255151	0.6136896
8484	-57.5092	-120.9096	63.40039	0.5282934	1.428948	0.3097889	0.929346	0.0706538	1.357888
8490	-53.19469	-118.3002	65.10551	0.8968611	0.5408741	0.1564522	0.716799	0.283201	0.4397606
8496	-50.62409	-115.8028	65.17872	0.2789865	0.2985939	0.4536809	0.565374	0.434626	0.9917763
8502	-55.84181	-119.6054	63.76356	0.5833436	0.8360063	0.7912063	0.738013	0.261987	0.7170771
8508	-56.86802	-121.2803	64.41227	0.1023365	0.5483797	0.7912063	0.575561	0.424439	0.9793719
8514	-61.31314	-126.3445	65.03139	0.6962746	0.7523031	0.1448511	0.606521	0.393479	0.63341
8520	-57.07272	-120.579	63.50632	2.222137	0.4942063	0.1448511	0.519109	0.480891	0.175564
8526	-54.57138	-118.0837	63.51235	0.9851419	0.670547	0.7513211	0.852622	0.147378	0.2589137
8532	-57.15921	-121.2271	64.06786	0.5591792	0.6935504	0.7513211	0.665367	0.334633	0.4160686
8538	-56.41085	-120.9176	64.50673	0.2992748	0.5557845	0.7513211	0.503686	0.496314	0.3839767
8544	-54.40051	-118.1222	63.72171	0.3024478	0.5557845	1.425559	0.778271	0.221729	0.8481459
8550	-61.80581	-125.06	63.25421	0.5548027	0.4387133	2.350705	0.664123	0.335877	0.4686984
8556	-54.24406	-117.5376	63.29357	0.8110501	0.4387133	1.815375	0.804216	0.195784	0.4272538
8562	-60.10917	-125.0779	64.96877	0.1454808	0.4026819	0.7047801	0.450864	0.549136	0.6644331
8568	-60.74006	-124.6231	63.88299	0.8920291	0.4028459	1.004355	0.505791	0.494209	0.6644331
8574	-62.58695	-124.8768	62.28988	0.09032585	1.849264	1.877682	0.839128	0.160872	0.9892279
8580	-66.74791	-129.7583	63.01039	0.2207132	0.851993	0.9454	0.729226	0.270774	1.572844
8586	-62.31214	-125.6684	63.35626	0.1059781	0.607407	1.723276	0.548467	0.451533	1.127667
8592	-56.16833	-119.8658	63.69747	0.3830054	0.4921318	1.723276	0.735516	0.264484	0.5360338
8598	-56.98529	-122.2837	65.29837	0.7301798	0.3251628	0.2837217	0.663337	0.336663	0.5965376
8604	-60.35857	-126.6794	66.3208	0.2046275	0.123457	0.2837217	0.663337	0.336663	0.3093239
8610	-63.51191	-128.5895	65.07761	0.1581959	0.7680062	0.2837217	0.640878	0.359122	0.3093239
8616	-53.2232	-118.4402	65.21704	1.410918	0.3603121	0.08146917	0.535166	0.464834	0.5337475
8622	-64.81301	-128.2461	63.43313	1.753265	0.438804	0.3350884	0.646096	0.353904	0.1477763
8628	-69.65949	-132.3035	62.64405	2.442312	0.438804	0.2745581	0.83643	0.16357	0.1072009
8634	-62.0273	-123.9213	61.894	2.524098	0.6048569	0.3296984	0.329831	0.670169	0.07682001
8640	-62.43818	-128.1213	65.68315	0.1215195	0.2349906	0.3892427	0.617926	0.382074	0.9215815
8646	-61.41798	-125.8169	64.39894	0.06120579	0.3417434	1.281596	0.644577	0.355423	0.9215815
8652	-66.74767	-130.0542	63.30655	0.08145657	1.38894	1.281596	0.716204	0.283796	0.3836187
8658	-54.54403	-118.9116	64.36761	0.1161092	0.4544628	0.9657599	0.328796	0.671204	0.9726632
8664	-58.20851	-121.4592	63.25068	0.2924695	2.33703	0.4360045	0.867578	0.132422	0.9726632
8670	-58.67828	-122.0156	63.33727	0.8358092	1.504692	0.4360045	0.769926	0.230074	0.8378478
8676	-57.32989	-120.8083	63.47843	0.6126954	1.504692	0.5195075	0.769515	0.230485	0.7562237
8682	-54.57763	-119.4941	64.91651	0.4819594	0.3764332	0.5195075	0.790365	0.209635	0.7251526
8688	-53.2001	-116.8369	63.6368	0.1021773	1.304083	0.9831333	0.856559	0.143441	0.4028897
8694	-56.10509	-119.7063	63.60125	0.1653285	1.292158	0.9831333	0.924502	0.0754982	0.4571123
8700	-54.92417	-118.5825	63.65836	0.19565	1.104228	0.9831333	0.673308	0.326692	0.7285077
8706	-59.5247	-123.576	64.05131	0.1145472	0.789346	0.9831333	0.738195	0.261805	0.7562115
8712	-61.8459	-125.9659	64.11997	0.09205664	0.7729953	0.9831333	0.877628	0.122372	0.7147593
8718	-65.82784	-128.5946	62.76672	0.4160733	0.9406722	2.123139	0.750594	0.249406	0.7147593
8724	-53.43741	-115.9543	62.51685	0.07311927	2.203194	1.689901	0.93734	0.0626603	0.5236404
8730	-50.54112	-114.2618	63.72073	0.07851289	1.117623	1.023955	0.785012	0.214988	0.7311748
8736	-53.0806	-118.6946	65.61398	0.6935393	0.3965751	0.1429907	0.669582	0.330418	0.4830504
8742	-54.3597	-119.5568	65.19711	0.818952	0.3122737	0.2475123	0.638816	0.361184	0.8248548
8748	-55.96028	-122.4421	66.4818	0.04425898	0.09430042	0.05577036	0.353218	0.646782	1.574064
8754	-53.11004	-118.1095	64.99945	0.1553042	1.419015	0.06734703	0.82259	0.17741	0.9790036
8760	-50.12227	-113.6459	63.52359	0.4181055	1.419015	0.4448589	0.831984	0.168016	1.124987
8766	-47.12365	-112.4476	65.32397	0.1567681	0.3178886	0.4448589	0.619959	0.380041	0.9383239
8772	-50.14705	-115.7144	65.56732	0.3266344	0.3178886	0.251866	0.449673	0.550327	0.9383239
8778	-54.45816	-119.2059	64.74777	0.6921573	0.3178886	0.5957605	0.712419	0.287581	0.6640882
8784	-58.13501	-123.3634	65.22843	0.05515367	0.3178886	0.5957605	0.579491	0.420509	0.8869394
8790	-65.0952	-126.6563	61.56108	0.9512041	4.04438	0.8688099	0.923474	0.076526	0.4653681
8796	-69.85148	-130.6281	60.77666	1.190269	4.04438	1.19438	0.938979	0.0610209	0.2336224
8802	-58.45564	-122.0783	63.62269	1.277838	0.8605266	0.4018446	0.55438	0.44562	0.3327705
8808	-58.26403	-122.6479	64.38385	0.4795037	0.8605266	0.4018446	0.695785	0.304215	0.7723428
8814	-65.25525	-125.9487	60.69346	0.7678053	3.228628	2.911818	0.799964	0.200036	0.4736455
8820	-65.94469	-130.3006	64.35591	0.2587758	0.5582307	0.7789026	0.84664	0.15336	0.869767
8826	-57.74313	-120.9789	63.23574	0.3185482	0.8474988	1.789111	0.644702	0.355298	0.4708251
8832	-60.03129	-122.8062	62.77492	0.02019497	0.8474988	1.789111	0.699723	0.300277	1.392651
8838	-54.79131	-119.2147	64.42339	0.003954578	0.5527799	1.075834	0.569173	0.430827	0.7039375
8844	-52.37265	-116.8478	64.47517	0.005098702	0.5527799	1.075834	0.545675	0.454325	0.4240149
8850	-52.00612	-116.3437	64.3376	0.0176459	0.5939475	1.075834	0.476047	0.523953	0.7211576
8856	-46.85381	-111.2727	64.41889	0.7911904	0.5939475	0.4504666	0.68098	0.31902	0.4237328
8862	-46.96469	-112.1248	65.16013	0.2533561	0.5939475	0.3487659	0.68098	0.31902	0.4461455
8868	-49.40137	-113.6984	64.29707	0.1317906	0.5939475	1.043739	0.755149	0.244851	0.3820227
8874	-63.61199	-124.7366	61.12462	1.546996	0.5939475	3.003822	0.852482	0.147518	0.134442
8880	-56.1122	-116.8455	60.73331	1.617046	2.820243	1.315992	0.874958	0.125042	0.2406947
8886	-54.07696	-116.8457	62.76878	0.2343028	2.463275	0.9857886	0.949911	0.0500887	0.6232476
8892	-57.60997	-120.666	63.05603	0.8228268	2.463275	0.2174064	0.87993	0.12007	1.06229
8898	-52.83562	-117.425	64.58942	0.05126176	1.480003	0.2654081	0.82936	0.17064	0.7155277
8904	-51.94573	-114.6594	62.71369	0.4240802	1.480003	1.553491	0.742885	0.257115	0.5475411
8910	-60.30399	-121.3318	61.02782	0.3576646	3.820169	2.275992	0.742885	0.257115	0.2673541
8916	-56.27785	-117.7733	61.49542	0.2530146	3.054408	1.991951	0.774174	0.225826	0.9399628
8922	-57.15281	-119.5422	62.38935	0.03491866	3.540913	0.8707837	0.698798	0.301202	0.9577471
8928	-51.98859	-116.4656	64.47703	0.2408741	0.6853539	0.6815697	0.791275	0.208725	0.6205365
8934	-63.45705	-127.4495	63.99244	0.4853654	0.931377	0.5336245	0.493978	0.506022	0.8739086
8940	-55.05052	-120.116	65.06546	0.2415707	0.3544963	0.6626385	0.43471	0.56529	0.5459693
8946	-55.86983	-120.4562	64.58635	0.3883027	0.3544963	0.6845947	0.553248	0.446752	1.000136
8952	-57.57397	-123.1611	65.58714	0.7131617	0.3544963	0.1411385	0.562825	0.437175	0.7568433
8958	-57.56821	-122.6893	65.12105	0.9776871	0.3544963	0.1411385	0.506263	0.493737	0.9938344
8964	-56.8254	-120.8026	63.97724	0.937703	0.8309772	0.4515512	0.70369	0.29631	0.5020615
8970	-55.98628	-121.8306	65.84428	0.1420507	0.2611695	0.1576253	0.695374	0.304626	1.238403
8976	-64.93835	-129.7592	64.82088	0.1365581	1.205254	0.2032716	0.815895	0.184105	0.8202128
8982	-52.63243	-116.0152	63.38282	1.365707	0.9901086	0.4489679	0.638041	0.361959	0.5063985
8988	-50.08015	-114.3621	64.28198	0.7562885	0.9901086	0.3051154	0.776987	0.223013	0.517837
8994	-52.56998	-115.5951	63.02516	1.032601	1.601982	0.3911819	0.634574	0.365426	0.2091925
9000	-49.69337	-113.5238	63.83042	1.072417	0.7345731	0.5225175	0.567874	0.432126	0.4386799
9006	-52.20071	-116.8023	64.60164	0.9004338	0.7345731	0.2299142	0.55643	0.44357	0.5831127
9012	-49.10856	-113.0027	63.89418	1.762703	0.3585857	0.2317781	0.614398	0.385602	0.162227
9018	-51.90592	-114.8243	62.91835	1.762703	0.3585857	0.8012434	0.498582	0.501418	0.1630766
9024	-52.83793	-116.9794	64.14147	1.138027	0.8204117	0.2290207	0.780002	0.219998	0.8052623
9030	-62.88477	-124.5137	61.62891	0.9896976	2.747703	1.275615	0.667353	0.332647	0.4321942
9036	-58.40084	-121.1735	62.77262	0.8308459	1.580149	0.1973418	0.55866	0.44134	1.734061
9042	-53.42903	-118.2436	64.81452	0.3702785	0.5218574	0.515162	0.541662	0.458338	0.6529604
9048	-59.40021	-124.8844	65.48418	0.9903799	0.2623737	0.1632896	0.541662	0.458338	0.6926713
9054	-60.23459	-125.8066	65.57203	0.4418264	0.3421755	0.1632896	0.683819	0.316181	1.027341
9060	-62.09756	-124.9525	62.8549	1.0045	1.239093	0.9337285	0.823535	0.176465	0.4451782
9066	-56.01703	-120.2547	64.23767	0.4298303	0.73539	0.6882028	0.782302	0.217698	0.4668558
9072	-55.16299	-119.1329	63.96989	0.2689383	0.6732517	1.075314	0.803588	0.196412	0.7306949
9078	-63.96729	-129.7222	65.75487	0.1083309	0.3407335	0.3459722	0.663818	0.336182	0.5622953
9084	-59.79469	-124.4016	64.60689	0.8275982	0.4951417	0.3459722	0.661777	0.338223	0.8199625
9090	-62.92795	-127.0139	64.08594	0.8350431	0.8947513	0.3459722	0.670225	0.329775	0.7963759
9096	-67.63808	-131.7322	64.09414	1.092296	0.7027031	0.2549981	0.495351	0.504649	0.9950778
9102	-65.80855	-129.5465	63.73793	0.2411301	0.3630825	1.187262	0.697249	0.302751	1.382899
9108	-62.73987	-127.8471	65.10727	0.7579777	0.1861638	0.5286431	0.526636	0.473364	0.7065103
9114	-75.7129	-137.5451	61.83221	0.2482285	1.336318	1.827697	0.56595	0.43405	1.56477
9120	-64.35683	-128.4801	64.12331	1.451793	0.2617568	0.5286431	0.285772	0.714228	0.2765249
9126	-65.5955	-130.4458	64.85034	0.2261788	0.1303184	1.45344	0.321687	0.678313	0.3366984
9132	-70.27923	-135.2383	64.95905	0.929135	0.1303184	0.6917979	0.63631	0.36369	0.5049726
9138	-62.66343	-127.7084	65.04493	1.143556	0.1303184	0.4883025	0.534973	0.465027	0.5208673
9144	-66.81543	-131.2747	64.45926	0.778652	0.3234241	0.6792793	0.561743	0.438257	0.7832765
9150	-60.15739	-124.8178	64.6604	0.3482473	0.3234241	0.6792793	0.654081	0.345919	1.039335
9156	-64.98135	-129.9918	65.01043	0.4637721	0.2630313	0.3233184	0.599075	0.400925	1.285033
9162	-60.8523	-126.2012	65.34894	0.05214191	0.1664298	0.9093111	0.331165	0.668835	0.7612429
9168	-52.197	-118.4966	66.29957	0.3651265	0.1664298	0.1954702	0.305038	0.694962	0.6630623
9174	-58.01376	-122.8328	64.81902	1.385648	0.3602562	0.1954702	0.575221	0.424779	0.4604938
9180	-57.85205	-122.573	64.72095	0.1101251	0.5551491	0.5105165	0.527608	0.472392	1.04037
9186	-50.27056	-114.9918	64.72128	0.3461913	0.5525198	0.177838	0.480352	0.519648	1.464208
9192	-53.08852	-117.9497	64.86118	0.05700276	0.5525198	0.6640243	0.451811	0.548189	0.6499325
9198	-55.28098	-119.763	64.48203	0.8298043	0.8184494	0.2533377	0.616413	0.383587	0.3731853
9204	-54.31476	-118.5331	64.21836	0.6329395	0.4553886	0.7814801	0.542597	0.457403	0.2969383
9210	-57.01981	-121.508	64.4882	1.561674	0.4553886	0.1658966	0.627891	0.372109	0.3350416
9216	-53.82118	-119.1672	65.34603	1.436674	0.2682438	0.09002639	0.537736	0.462264	0.6003997
9222	-56.66196	-120.8901	64.22814	1.218831	0.4412945	0.233663	0.397764	0.602236	1.17459
9228	-60.3079	-124.4777	64.16984	1.59505	0.4412945	0.1230334	0.74501	0.25499	1.208142
9234	-62.22954	-125.7388	63.50928	0.8354065	0.8880338	0.739758	0.676072	0.323928	0.3253467
9240	-55.24251	-119.2743	64.03182	0.8354065	0.9107315	0.3316414	0.659407	0.340593	0.8799676
9246	-57.10041	-120.6491	63.54866	0.937549	0.9107315	0.5941547	0.491007	0.508993	0.2998862
9252	-56.31973	-118.652	62.3323	0.9645015	2.50815	0.668509	0.884012	0.115988	0.3272098
9258	-59.78303	-121.6939	61.91082	0.9645015	3.693476	0.668509	0.875702	0.124298	0.4507715
9264	-65.43126	-127.2933	61.86207	0.08979258	1.312474	3.872563	0.774461	0.225539	0.8883711
9270	-57.80716	-119.8029	61.99576	0.6158961	0.6104176	4.589739	0.774461	0.225539	0.6854954
9276	-60.26034	-122.1601	61.89981	1.412469	0.6104176	2.774048	0.751579	0.248421	0.602382
9282	-55.15798	-117.4197	62.2617	0.7604904	0.6104176	3.502144	0.834435	0.165565	0.571151
9288	-62.30996	-124.35	62.04001	0.2622485	2.875866	1.486016	0.871778	0.128222	0.7642758
9294	-65.04799	-126.4892	61.44124	0.6848168	7.354923	0.4472044	0.965516	0.0344842	0.7901865
9300	-60.99769	-121.8435	60.84586	0.501119	12.81593	0.4472044	0.967956	0.0320444	0.6348101
9306	-64.21325	-124.7468	60.53355	1.145792	12.81593	0.2883693	0.985856	0.0141442	0.3964102
9312	-62.94243	-123.909	60.96654	0.4817532	1.781625	5.053804	0.817501	0.182499	0.4670303
9318	-54.4982	-117.9068	63.40864	0.1738665	1.383804	1.074249	0.842715	0.157285	0.6209131
9324	-57.18709	-120.3531	63.16603	0.1904202	1.580434	0.9897003	0.639061	0.360939	0.8722618
9330	-56.68132	-118.2933	61.61203	1.869635	2.840256	0.2803182	0.817416	0.182584	0.1681888
9336	-56.96152	-120.0171	63.05559	2.089103	0.653381	0.2803182	0.652264	0.347736	0.190508
9342	-54.70704	-116.7275	62.02042	1.941043	1.911942	0.1887992	0.786554	0.213446	0.1186655
9348	-49.20329	-113.5743	64.37099	1.705892	0.2870926	0.1887992	0.39329	0.60671	0.2007297
9354	-48.73195	-113.2879	64.55599	0.2773388	0.602808	0.6983586	0.715255	0.284745	0.5301598
9360	-47.56714	-111.5903	64.0232	0.7917181	0.602808	0.6983586	0.715255	0.284745	0.6072342
9366	-56.46293	-120.6434	64.18046	0.3240937	0.7472148	0.6983586	0.597668	0.402332	0.8094908
9372	-58.19393	-121.5208	63.32687	0.07532425	1.421689	0.5698388	0.768363	0.231637	1.400781
9378	-51.6667	-115.4601	63.79336	0.6360648	1.017993	0.5698388	0.823222	0.176778	0.7485964
9384	-56.07827	-119.8382	63.75997	0.4186859	1.783462	0.371089	0.880441	0.119559	0.7392258
9390	-59.93004	-123.5644	63.63437	0.3041205	1.758404	0.371089	0.842318	0.157682	1.036301
9396	-63.07816	-126.3564	63.27825	0.4748307	1.124704	0.8240304	0.680645	0.319355	1.027352
9402	-59.88755	-123.512	63.62449	0.4054776	0.4440182	1.88968	0.554238	0.445762	0.6339323
9408	-63.79216	-127.9976	64.20547	0.7048024	0.2393233	1.29571	0.718	0.282	0.4191892
9414	-56.45618	-121.6253	65.16915	0.6523784	0.3077508	0.3435046	0.511483	0.488517	0.7962641
9420	-62.9138	-127.2969	64.38313	0.6220653	0.4377827	0.7627771	0.816042	0.183958	0.5923286
9426	-59.61466	-123.3808	63.76613	0.7866256	0.4377827	1.010205	0.610562	0.389438	0.8813496
9432	-61.00806	-124.6775	63.66947	1.14037	0.4377827	0.904954	0.52172	0.47828	0.3612159
9438	-59.27089	-123.1745	63.90359	0.9570878	0.4348133	0.904954	0.744653	0.255347	0.4681843
9444	-58.36006	-121.9443	63.5842	0.1377284	0.491718	0.904954	0.815653	0.184347	1.603452
9450	-52.60293	-116.4499	63.84697	0.6627073	0.6603504	0.904954	0.77871	0.22129	0.4853278
9456	-53.01497	-116.8778	63.86282	0.9220569	0.6603504	0.6743817	0.541923	0.458077	0.5246621
9462	-54.03499	-118.5589	64.52387	0.03147312	0.5419443	0.8665021	0.79149	0.20851	0.8496766
9468	-54.74742	-120.1631	65.41568	0.1215788	0.5419443	0.2590622	0.672384	0.327616	0.8496766
9474	-63.06909	-123.1331	60.06401	2.193162	3.291395	0.3244011	0.829906	0.170094	0.05245839
9480	-57.83836	-117.5806	59.74229	2.137221	3.291395	0.4850293	0.889424	0.110576	0.04861448
9486	-57.22819	-115.658	58.42981	2.338162	7.451838	0.4660806	0.882714	0.117286	0.04861448
9492	-60.44924	-119.4292	58.97996	2.338162	5.105447	0.4660806	0.89482	0.10518	0.04861448
9498	-65.60062	-126.5764	60.9758	2.338162	1.436833	0.4660806	0.878594	0.121406	0.07782847
9504	-52.18319	-117.3022	65.11899	0.9757044	0.2422042	0.1647309	0.590319	0.409681	1.167402
9510	-53.57053	-117.6811	64.11056	2.342563	0.5601486	0.04515758	0.727261	0.272739	0.5187567
9516	-51.0111	-116.2263	65.21515	1.673749	0.3217035	0.04515758	0.543498	0.456502	0.5187567
9522	-48.65739	-113.2389	64.58148	0.9517991	0.2606188	0.59768	0.480174	0.519826	0.3211384
9528	-48.30119	-113.6516	65.35039	0.9517991	0.2143411	0.2920549	0.335784	0.664216	0.5222334
9534	-50.04453	-114.5009	64.45635	1.357638	0.42155	0.2984622	0.612017	0.387983	0.5222334
9540	-53.18211	-115.2386	62.05653	1.473687	0.572746	1.895039	0.612017	0.387983	0.2000992
9546	-50.41731	-113.5684	63.15105	0.6731444	0.8002322	1.478888	0.612017	0.387983	0.5053403
9552	-53.28692	-116.1702	62.88327	0.8804852	0.8002322	1.417415	0.612017	0.387983	0.3029947
9558	-52.45178	-113.9461	61.49433	1.661712	0.8002322	1.417415	0.789593	0.210407	0.1127997
9564	-65.31163	-128.8998	63.58821	1.500672	0.8786696	0.3350275	0.857324	0.142676	0.4848325
9570	-67.74011	-130.0489	62.3088	1.350145	2.733695	0.2378428	0.805579	0.194421	0.1735204
9576	-65.06718	-127.6139	62.54672	1.023213	0.96325	1.47323	0.617972	0.382028	0.326533
9582	-72.52232	-135.4132	62.89091	1.743662	0.3263585	1.175575	0.811651	0.188349	0.2559829
9588	-68.85245	-131.6529	62.80049	1.707672	0.9941281	0.4741815	0.641872	0.358128	0.2504077
9594	-59.54182	-123.0412	63.49935	1.685935	0.6592528	0.2936257	0.745387	0.254613	0.2182622
9600	-54.71471	-119.8038	65.08906	0.1161624	0.7194726	0.2936257	0.646942	0.353058	0.8461733
9606	-52.51897	-116.8971	64.37813	0.4423506	0.7194726	0.5695023	0.844654	0.155346	0.6477845
9612	-63.26016	-127.3555	64.09532	1.471578	0.3478938	0.4377998	0.468452	0.531548	0.3018668
9618	-61.60589	-125.388	63.78209	1.471578	0.5810152	0.4377998	0.57148	0.42852	0.428828
9624	-55.11595	-118.2249	63.10898	0.1024455	0.9375923	2.192903	0.656414	0.343586	0.5669493
9630	-62.17731	-125.5118	63.33449	1.036054	1.00925	0.6302428	0.744071	0.255929	0.7165842
9636	-62.74167	-128.1988	65.45709	0.351666	0.1703716	0.6302428	0.482142	0.517858	0.613846
9642	-52.57519	-118.314	65.73883	0.3422087	0.414261	0.1410443	0.37351	0.62649	0.8864735
9648	-51.69064	-114.7758	63.08515	0.7864158	1.026319	1.048603	0.908413	0.0915873	0.3328011
9654	-57.41619	-121.0074	63.5912	0.6559307	0.6322008	1.048603	0.726017	0.273983	0.8328233
9660	-56.65598	-120.028	63.37206	0.8884623	0.9191242	0.8466041	0.89127	0.10873	0.5461246
9666	-54.01361	-117.8071	63.79351	0.3407685	0.9035852	0.8466041	0.803126	0.196874	0.8220601
9672	-57.15308	-122.7917	65.6386	0.04151836	0.1815964	0.6018763	0.323877	0.676123	0.8330092
9678	-54.56174	-120.7956	66.23388	0.591041	0.1896209	0.09871476	0.440664	0.559336	0.8330092
9684	-56.56948	-123.0144	66.44492	0.7214605	0.1245077	0.09871476	0.304371	0.695629	0.6503554
9690	-58.55144	-125.0795	66.52809	0.2848841	0.2453823	0.09196161	0.309728	0.690272	0.6503554
9696	-55.55761	-121.3576	65.80004	1.004583	0.128683	0.09196161	0.467712	0.532288	1.101177
9702	-61.3021	-125.4548	64.15269	0.6587695	0.2526917	1.295649	0.294149	0.705851	0.3273885
9708	-59.25693	-123.6822	64.42523	0.7390268	0.2265367	0.9356975	0.263748	0.736252	0.2871245
9714	-60.03144	-125.627	65.59559	0.6420226	0.341641	0.1983161	0.6291	0.3709	0.5218982
9720	-68.75002	-133.2122	64.46213	1.395348	0.5494315	0.1550661	0.719762	0.280238	0.8186275
9726	-78.34187	-142.2958	63.95392	1.830297	0.5494315	0.1550661	0.684504	0.315496	0.9059174
9732	-59.86198	-123.4866	63.62462	0.6593951	0.2880695	2.046707	0.742768	0.257232	0.5495539
9738	-67.84108	-130.158	62.31692	0.560134	0.4841309	2.072335	0.715783	0.284217	1.577171
9744	-51.97217	-116.6129	64.64072	0.8585022	0.4841309	0.3643289	0.715783	0.284217	0.6950164
9750	-59.99119	-124.7712	64.78001	0.7610482	0.2718489	0.3811487	0.439628	0.560372	1.103795
9756	-62.5792	-127.7369	65.15774	1.448384	0.3514605	0.07934724	0.483084	0.516916	0.6794494
9762	-64.14295	-130.2149	66.07194	1.442684	0.06132004	0.07934724	0.416764	0.583236	0.6794494
9768	-65.85382	-131.6032	65.74936	0.5049751	0.2683544	0.1529698	0.202448	0.797552	0.992847
9774	-68.58331	-133.2156	64.63227	1.003777	0.4920329	0.2048025	0.404096	0.595904	0.992847
9780	-64.15407	-126.1559	62.00185	0.9306689	0.9845355	2.666311	0.736593	0.263407	0.4910849
9786	-60.62016	-123.706	63.0858	0.6799977	0.3652456	2.666311	0.74028	0.25972	0.384435
9792	-63.90363	-125.4886	61.58501	1.130834	0.9916309	2.666311	0.73022	0.26978	0.8971337
9798	-56.55705	-120.0607	63.50364	0.4435755	0.7281253	1.160985	0.575282	0.424718	0.9125466
9804	-54.84654	-119.6281	64.78156	0.2353095	0.8704171	0.2914967	0.535119	0.464881	0.8631436
9810	-52.96826	-116.5997	63.6314	0.2837061	0.3733463	1.923582	0.688866	0.311134	0.9510615
9816	-56.97863	-121.6156	64.63696	0.2358294	0.3316837	1.091705	0.552897	0.447103	0.5654474
9822	-54.18317	-118.9562	64.773	1.601742	0.391241	0.1244253	0.484856	0.515144	0.4242497
9828	-59.39371	-123.6789	64.28522	2.165556	0.3888117	0.09718989	0.623406	0.376594	0.3553366
9834	-54.425	-118.9326	64.50756	0.8572261	0.5513171	0.3444021	0.556625	0.443375	0.7977263
9840	-55.77626	-120.5672	64.79095	0.08798026	0.5513171	0.3960004	0.582315	0.417685	1.186901
9846	-60.16955	-124.4334	64.26386	0.6865298	0.6470152	0.3960004	0.533151	0.466849	0.9915241
9852	-65.86453	-128.5035	62.63894	1.091973	1.719269	0.6102111	0.826363	0.173637	0.853149
9858	-62.36667	-126.7538	64.38717	1.227355	0.4943082	0.3304844	0.761695	0.238305	0.4976281
9864	-56.99199	-120.1442	63.15218	0.9758688	0.8454819	1.026606	0.721351	0.278649	0.390874
9870	-56.50335	-120.6039	64.10051	1.10653	0.835523	0.2378946	0.827584	0.172416	0.8444785
9876	-55.74687	-119.9632	64.21631	1.10653	0.6670086	0.2754495	0.827584	0.172416	0.8399889
9882	-53.66988	-118.5692	64.89936	0.7446498	0.2914371	0.2754495	0.360109	0.639891	1.177528
9888	-57.91762	-121.7749	63.85726	1.701252	0.4283826	0.3130087	0.628428	0.371572	0.2416976
9894	-61.26689	-126.6871	65.42026	0.001802809	0.2466121	0.4377004	0.80067	0.19933	1.171726
9900	-58.04146	-122.4275	64.386	0.01758667	1.568502	0.1934157	0.867627	0.132373	1.129896
9906	-60.92016	-126.4998	65.57966	0.009784567	0.3189122	0.4966596	0.259929	0.740071	0.6689476
9912	-56.96659	-123.1685	66.20188	0.5172436	0.1100124	0.1776701	0.258701	0.741299	0.9432577
9918	-55.53155	-120.8317	65.3002	0.8492682	0.2527984	0.2374239	0.477022	0.522978	0.2532097
9924	-47.31349	-112.5097	65.1962	0.5134856	0.5304634	0.2374239	0.57429	0.42571	0.7137457
9930	-53.36691	-117.9895	64.62255	0.583579	0.3004542	0.722696	0.78967	0.21033	0.8198782
9936	-51.57914	-116.691	65.11183	0.1997132	0.3004542	0.7535636	0.559447	0.440553	0.4764325
9942	-54.41515	-119.7012	65.286	0.4074311	0.3004542	0.4869762	0.627316	0.372684	0.4764325
9948	-54.39188	-119.5581	65.16625	0.1692816	0.3004542	0.7324461	0.627316	0.372684	0.4594764
9954	-58.11282	-120.692	62.57923	1.293861	0.7132875	1.504123	0.662275	0.337725	0.3723066
9960	-62.87772	-126.4318	63.55405	1.439389	0.7132875	0.3695428	0.76008	0.23992	0.2373311
9966	-58.52786	-121.6479	63.12002	1.193489	0.6086731	0.9691869	0.784538	0.215462	0.2459577
9972	-62.03323	-126.8336	64.80034	1.101963	0.158167	0.4824146	0.438151	0.561849	0.2479524
9978	-57.14003	-122.8476	65.7076	0.3484493	0.158167	0.4824146	0.501559	0.498441	0.6623925
9984	-57.97952	-123.8114	65.83188	0.0134227	0.1392456	0.6409683	0.300002	0.699998	0.7250053
9990	-62.12209	-128.0351	65.91296	0.002055171	0.1392456	0.6409683	0.289524	0.710476	0.568982
9996	-63.14075	-128.0013	64.86059	0.980046	0.1392456	0.6409683	0.289524	0.710476	0.3228633
10002	-59.09563	-122.0088	62.9132	0.03140519	1.836136	0.8130728	0.7111	0.2889	1.280983
10008	-64.03166	-129.1417	65.11006	0.01919398	0.3969025	0.681402	0.363926	0.636074	0.713323
10014	-64.93338	-129.8564	64.92301	0.01590766	0.3969025	0.6762473	0.450531	0.549469	0.9608722
10020	-64.138	-128.635	64.49696	0.2666264	0.3969025	0.8916254	0.450531	0.549469	0.868502
10026	-60.17034	-124.6216	64.45127	0.001680767	0.8950661	0.4062915	0.880044	0.119956	1.155821
10032	-62.84894	-125.5038	62.65481	0.03600424	2.02778	0.9143246	0.880044	0.119956	1.301531
10038	-60.99123	-124.3758	63.38461	0.0346173	2.02778	0.7989598	0.791067	0.208933	0.6704202
10044	-57.50625	-121.5201	64.01389	0.05543666	1.150691	0.7989598	0.779901	0.220099	0.3982486
10050	-54.78266	-117.5569	62.7742	0.09151322	1.150691	1.467823	0.781677	0.218323	1.269566
10056	-56.01351	-119.0736	63.06005	1.027392	1.105668	0.838925	0.688338	0.311662	0.4819811
10062	-60.03659	-124.6287	64.59211	0.04025663	0.5374731	0.838925	0.46682	0.53318	0.800191
10068	-65.72522	-129.1373	63.41212	0.5797791	1.334923	0.6492977	0.443431	0.556569	0.8071321
10074	-58.41854	-121.4705	63.05191	0.7829223	1.723135	0.6492977	0.834185	0.165815	0.4306993
10080	-57.50198	-119.9703	62.46836	0.5461899	1.723135	0.9070852	0.81909	0.18091	1.194961
10086	-56.09339	-119.4943	63.40091	1.120437	0.7979447	0.7120547	0.65255	0.34745	0.6576252
10092	-58.48337	-121.1879	62.70449	1.026925	4.680813	0.1105899	0.926262	0.0737381	0.6576252
10098	-60.66732	-123.0644	62.39706	0.5213985	3.731414	0.5175118	0.926262	0.0737381	0.8514072
10104	-61.23303	-124.5098	63.27674	0.1296382	3.731414	0.2747037	0.78397	0.21603	0.840385
10110	-64.18356	-126.45	62.26647	0.2412375	1.65343	2.362129	0.509497	0.490503	0.6175517
10116	-59.29982	-122.726	63.42622	0.464848	1.65343	0.6304781	0.681854	0.318146	0.6258371
10122	-66.32776	-128.464	62.1362	1.232895	2.071233	0.8516789	0.75984	0.24016	0.5809636
10128	-64.76882	-127.3022	62.53338	0.2200384	2.340146	1.013124	0.816681	0.183319	1.004127
10134	-57.35419	-120.9023	63.54807	0.6827093	0.4999986	0.9560938	0.706581	0.293419	1.148149
10140	-54.5525	-118.3528	63.80029	1.00814	0.5500495	0.7218902	0.555282	0.444718	0.3302115
10146	-53.17918	-117.9471	64.76792	0.6650006	0.2265652	0.7218902	0.603124	0.396876	0.3029862
10152	-59.10182	-123.5004	64.39853	0.977715	0.5194018	0.3936717	0.451809	0.548191	0.7057308
10158	-63.06742	-128.0287	64.96133	0.6684002	0.3807248	0.3936717	0.546997	0.453003	0.6955887
10164	-58.90766	-124.2269	65.31927	0.01741788	0.5837904	0.3852935	0.588239	0.411761	0.6160939
10170	-60.90113	-125.3537	64.45256	0.7047898	0.8345907	0.2550605	0.600926	0.399074	0.8511676
10176	-66.31696	-128.873	62.55603	0.2579125	6.183249	0.2550605	0.867025	0.132975	0.758534
10182	-59.38498	-124.2336	64.84866	0.6480888	0.2622366	0.6779823	0.625366	0.374634	0.5548125
10188	-61.43819	-126.0764	64.63818	0.56667	0.6040423	0.3965598	0.377433	0.622567	0.7632449
10194	-61.87285	-126.4087	64.53583	0.1138871	1.301773	0.2585164	0.825353	0.174647	0.9086425
10200	-55.49173	-119.0007	63.50899	0.6572056	1.301773	0.4543594	0.759121	0.240879	0.9835046
10206	-56.89507	-120.1067	63.21161	0.8296245	1.301773	0.6503008	0.759121	0.240879	0.7747276
10212	-63.16716	-127.5246	64.35741	1.007175	0.4839973	0.34485	0.568888	0.431112	0.9265811
10218	-53.60458	-117.9608	64.35619	1.007175	0.4839973	0.34485	0.820409	0.179591	0.2295933
10224	-50.56948	-115.0147	64.44524	0.7192201	0.7899624	0.34485	0.580855	0.419145	0.4499976
10230	-52.37898	-115.8621	63.48316	0.4683988	0.7899624	1.323295	0.709395	0.290605	0.4499976
10236	-51.14337	-115.0837	63.9403	0.6911372	0.7899624	0.6662458	0.74871	0.25129	0.4790543
10242	-59.02297	-122.1344	63.1114	1.209201	1.643012	0.1214857	0.751745	0.248255	1.362559
10248	-56.88388	-120.9493	64.06541	0.6496424	0.8339784	0.5715454	0.303869	0.696131	0.4813947
10254	-54.80152	-117.7164	62.91484	0.2520516	3.292531	0.5715454	0.897597	0.102403	0.5345156
10260	-58.43082	-121.5979	63.16709	1.312305	2.117376	0.1963045	0.845938	0.154062	0.5912539
10266	-57.4643	-120.4565	62.99215	1.312305	2.35426	0.2173272	0.760797	0.239203	0.5208473
10272	-59.39517	-122.4932	63.09803	1.270405	2.23245	0.2173272	0.748291	0.251709	0.4777817
10278	-56.16452	-119.82	63.65549	1.270405	1.367208	0.2173272	0.748291	0.251709	0.4670153
10284	-54.76039	-117.7941	63.0337	1.154532	1.367208	0.5386451	0.684763	0.315237	0.3298669
10290	-59.32908	-122.2322	62.90313	0.4395065	0.6319441	2.366721	0.684763	0.315237	0.830712
10296	-54.99413	-117.6318	62.63764	0.6117997	0.784898	2.366721	0.57116	0.42884	0.3591211
10302	-64.71465	-127.1455	62.43081	0.6901197	4.225975	0.370469	0.86363	0.13637	0.7041893
10308	-65.43837	-127.9967	62.55829	0.4246371	4.225975	0.4427737	0.887952	0.112048	0.7041893
10314	-54.19689	-118.6354	64.43847	0.3004379	0.9269726	0.490376	0.74938	0.25062	0.5420875
10320	-61.97713	-126.2068	64.2297	0.4252413	0.5807529	0.3847318	0.861439	0.138561	1.353189
10326	-58.36308	-121.8779	63.51483	1.475111	1.060228	0.2928785	0.893768	0.106232	0.4369543
10332	-55.58214	-119.8196	64.2375	1.475111	0.4043452	0.2928785	0.42455	0.57545	0.2749448
10338	-61.46954	-125.3067	63.83717	1.884855	0.391049	0.2928785	0.736777	0.263223	0.2653632
10344	-56.99434	-120.9402	63.94591	1.884855	0.391049	0.2184935	0.584407	0.415593	0.2252827
10350	-57.73179	-121.6637	63.93192	1.257142	0.6725248	0.2945141	0.515546	0.484454	0.2278369
10356	-54.75155	-120.1696	65.41805	1.022891	0.184575	0.2582702	0.437737	0.562263	0.3797799
10362	-60.79234	-127.0938	66.30142	0.0887073	0.2120725	0.2582702	0.500402	0.499598	0.5381905
10368	-57.29692	-123.474	66.17707	0.0620635	0.2778814	0.1817133	0.27137	0.72863	0.8818569
10374	-55.04391	-120.9166	65.87267	0.4130159	0.1734034	0.3217384	0.351687	0.648313	0.7177818
10380	-58.39735	-123.1138	64.71642	1.305146	0.1734034	0.3217384	0.552264	0.447736	0.1929348
10386	-63.02505	-126.431	63.40593	1.989557	0.3168633	0.3217384	0.363195	0.636805	0.1348775
10392	-62.22104	-126.2917	64.07069	1.203062	0.2819056	0.8111523	0.669594	0.330406	0.4212285
10398	-63.20418	-128.9048	65.70062	0.4623045	0.2038909	0.3313671	0.481794	0.518206	0.7294718
10404	-55.69962	-120.6956	64.99597	0.8915687	0.2635276	0.2074345	0.338068	0.661932	1.183573
10410	-57.1133	-122.0536	64.9403	0.8915687	0.2635276	0.3418392	0.523015	0.476985	0.916278
10416	-54.38179	-119.2387	64.85686	1.135089	0.5355724	0.1631773	0.583721	0.416279	0.457396
10422	-56.9801	-121.8717	64.89158	1.346079	0.3820052	0.1631773	0.529965	0.470035	0.3890151
10428	-62.59465	-127.7398	65.14517	1.358053	0.1561959	0.276143	0.23021	0.76979	0.4056652
10434	-63.58712	-128.9933	65.4062	0.7775157	0.1186367	0.4941417	0.55577	0.44423	0.3704215
10440	-64.79771	-130.2176	65.41988	0.4555753	0.1186367	0.72612	0.183485	0.816515	0.5866917
10446	-61.30193	-126.5337	65.23176	0.2868869	0.1186367	0.8553736	0.518048	0.481952	0.9045123
10452	-54.27182	-119.2825	65.01065	0.2868869	0.3505321	0.6775718	0.591166	0.408834	0.5300228
10458	-59.67646	-123.3549	63.67844	0.7212132	0.4847968	1.123194	0.603492	0.396508	0.837286
10464	-59.34134	-124.7253	65.38392	0.5455303	0.5359902	0.1096641	0.804735	0.195265	0.9553685
10470	-54.7078	-118.1019	63.3941	0.8195234	0.5359902	1.427528	0.805925	0.194075	0.5644523
10476	-59.14547	-121.8742	62.72875	0.3732397	1.124839	1.792156	0.720678	0.279322	0.8516293
10482	-61.25733	-124.827	63.56965	0.1174559	0.648964	1.792156	0.635938	0.364062	0.778135
10488	-58.73362	-122.2484	63.51476	0.09322303	0.648964	1.934537	0.847776	0.152224	0.7650464
10494	-61.17506	-125.0494	63.87434	0.4933752	0.2511279	1.934537	0.668183	0.331817	0.7261497
10500	-56.33326	-121.8335	65.50028	0.8114548	0.2511279	0.2428429	0.528501	0.471499	0.5895979
10506	-55.63072	-120.4761	64.84539	0.3041185	0.6955505	0.4001054	0.736395	0.263605	0.6234645
10512	-58.32949	-122.4504	64.1209	0.7193596	0.9765863	0.2896415	0.577548	0.422452	0.9398509
10518	-58.92265	-123.3515	64.42886	0.1325078	0.9765863	0.4562749	0.739434	0.260566	0.8721954
10524	-60.85758	-125.021	64.16339	0.01671566	0.9765863	0.4562749	0.731112	0.268888	1.237913
10530	-55.08438	-119.9948	64.91043	0.05132382	0.5689867	0.6364804	0.743565	0.256435	0.5602391
10536	-54.4155	-119.7869	65.37139	0.2176715	0.2197346	0.6364804	0.379659	0.620341	0.7331551
10542	-52.91191	-117.7721	64.8602	0.7851524	0.2197346	0.6364804	0.379659	0.620341	0.392134
10548	-52.78126	-117.8814	65.10012	0.05927403	0.378852	0.6364804	0.675226	0.324774	0.8102644
10554	-58.04672	-124.1023	66.05555	0.4183699	0.2182685	0.1756283	0.74671	0.25329	0.8102644
10560	-61.49694	-125.1197	63.62278	0.309494	1.345901	0.7335575	0.78586	0.21414	0.7202646
10566	-60.63224	-123.8975	63.26529	0.06561008	0.8640622	1.568078	0.839338	0.160662	1.047485
10572	-58.964	-121.775	62.81096	0.06558673	1.410477	0.7864283	0.721246	0.278754	1.584668
10578	-55.51157	-119.1907	63.67912	0.4805441	0.4760563	1.453677	0.685984	0.314016	0.8133437
10584	-57.86748	-121.5579	63.69044	0.4692209	0.4760563	1.453677	0.74861	0.25139	0.8133437
10590	-60.18899	-124.904	64.715	0.5233305	0.4057354	0.6188768	0.427427	0.572573	0.6353125
10596	-58.87567	-124.0583	65.18261	0.422744	0.4057354	0.1746178	0.37503	0.62497	1.244804
10602	-60.98867	-124.7304	63.74168	0.5759213	0.7729569	0.4660803	0.529123	0.470877	1.296531
10608	-53.95979	-118.1095	64.14973	0.5453263	0.7729569	0.4723238	0.65116	0.34884	0.9434701
10614	-53.38101	-117.7598	64.37877	0.2799987	0.7729569	0.4723238	0.626416	0.373584	0.9812357
10620	-58.7099	-121.6729	62.96302	0.6462663	1.770814	0.6486764	0.750278	0.249722	0.8928586
10626	-56.41259	-119.4272	63.01458	0.7913873	1.770814	0.6486764	0.943647	0.0563527	0.5709882
10632	-66.82083	-129.9975	63.17668	1.366567	0.6995829	0.7704876	0.66125	0.33875	0.3371931
10638	-60.54961	-123.7817	63.23213	1.366567	1.360026	0.2762725	0.859524	0.140476	0.2569977
10644	-60.91699	-122.3301	61.41316	1.220187	3.465802	0.9025073	0.813839	0.186161	0.3582274
10650	-57.19603	-119.3629	62.16689	1.019334	1.360026	1.581138	0.801193	0.198807	0.6280984
10656	-58.3609	-121.8119	63.45104	0.138606	1.688608	0.8387281	0.898362	0.101638	0.6596015
10662	-59.1376	-122.2541	63.11646	1.040697	2.601014	0.2177845	0.824054	0.175946	0.619227
10668	-62.34829	-126.5201	64.1718	0.8242322	1.238045	0.1788521	0.824054	0.175946	0.8305938
10674	-63.02951	-127.4525	64.42299	0.426708	1.496706	0.1788521	0.843196	0.156804	0.7516302
10680	-57.75558	-122.8946	65.13904	1.0516	0.3489891	0.1611712	0.457746	0.542254	0.8265012
10686	-53.97707	-118.7546	64.77752	0.3998885	0.4049255	0.6779787	0.457746	0.542254	0.5824887
10692	-53.11047	-117.7766	64.66614	0.3998885	0.4002983	0.5583172	0.531838	0.468162	0.9962806
10698	-53.02101	-118.1691	65.14808	0.392784	0.4002983	0.3256465	0.542772	0.457228	0.9440598
10704	-58.56947	-121.8006	63.23112	1.074753	1.716815	0.3256465	0.73207	0.26793	0.7577827
10710	-58.0973	-122.1516	64.05431	0.01125025	0.7692535	1.140656	0.643851	0.356149	0.7151893
10716	-53.80801	-118.5208	64.71276	0.002051509	0.7692535	0.5279625	0.553703	0.446297	0.8192135
10722	-58.40914	-122.3263	63.91716	0.02794499	0.7692535	0.5279625	0.588501	0.411499	1.509743
10728	-51.70936	-115.8971	64.18776	0.1618927	0.9181057	0.5279625	0.855251	0.144749	1.033254
10734	-55.68398	-118.989	63.30503	0.08803022	2.287796	0.5349996	0.818449	0.181551	0.9813321
10740	-55.34405	-119.3524	64.00838	0.6813119	0.707797	0.684657	0.757647	0.242353	0.4067435
10746	-56.99724	-121.2499	64.25268	1.019373	0.668127	0.3697086	0.596208	0.403792	0.4898423
10752	-57.6277	-122.663	65.03531	0.2244942	0.668127	0.3697086	0.708591	0.291409	0.4251802
10758	-61.1253	-124.9197	63.7944	0.4586099	1.055801	0.3697086	0.729298	0.270702	1.248272
10764	-54.57385	-119.382	64.80816	0.4300929	0.3717795	0.4781817	0.645141	0.354859	1.009687
10770	-56.0447	-120.8631	64.81841	0.04392441	0.3717795	0.6532657	0.523291	0.476709	1.113089
10776	-58.09808	-124.4223	66.32427	1.010674	0.1109147	0.07670222	0.572893	0.427107	0.6102864
10782	-55.49961	-119.7251	64.22545	1.010674	0.8793405	0.1016811	0.558853	0.441147	1.214198
10788	-59.30842	-123.9315	64.6231	1.021183	0.3779954	0.0583623	0.76558	0.23442	1.617106
10794	-60.28059	-124.5422	64.2616	0.7366218	0.4663973	0.7044424	0.810527	0.189473	0.6650052
10800	-63.68074	-128.5634	64.8827	0.6015862	0.4663973	0.2569591	0.787008	0.212992	1.04399
10806	-59.4792	-123.5931	64.1139	0.8060291	1.163318	0.2569591	0.778071	0.221929	0.714463
10812	-55.407	-120.7116	65.30458	0.06463155	0.3032936	0.6088712	0.638341	0.361659	0.7991204
10818	-59.9464	-125.1646	65.21822	0.5572324	0.2555877	0.4864068	0.867223	0.132777	0.6325125
10824	-53.46379	-118.8549	65.3911	0.4566043	0.2331115	0.4864068	0.620014	0.379986	0.5987708
10830	-56.51829	-121.0605	64.54219	0.12913	0.951356	0.3376092	0.64387	0.35613	1.027528
10836	-59.76861	-124.0068	64.23822	0.4956259	0.951356	0.3376092	0.64387	0.35613	0.9647354
10842	-57.04094	-121.2438	64.20282	0.5687999	0.951356	0.4114322	0.723149	0.276851	0.7361841
10848	-59.67047	-124.8372	65.1667	0.4793276	0.643188	0.2166374	0.654465	0.345535	0.6230543
10854	-61.42573	-126.0005	64.5748	0.4421889	0.554582	0.6021567	0.419193	0.580807	0.6129468
10860	-61.36091	-126.4921	65.13117	0.2797949	0.1396498	0.3787683	0.23522	0.76478	1.531999
10866	-51.38567	-117.2644	65.87876	1.419494	0.1396498	0.05851968	0.244566	0.755434	0.3786393
10872	-53.84794	-119.9664	66.11841	0.9552415	0.1396498	0.07891605	0.391711	0.608289	0.8408404
10878	-49.02715	-114.3213	65.29418	1.469649	0.1396498	0.1956267	0.44573	0.55427	0.3757352
10884	-51.57129	-116.7303	65.15899	1.469649	0.1396498	0.1956267	0.49107	0.50893	0.2608386
10890	-51.49709	-116.4747	64.97763	1.469649	0.1707671	0.1945166	0.238809	0.761191	0.2244356
10896	-49.75874	-115.4709	65.7122	0.7258078	0.08838424	0.4439207	0.274463	0.725537	0.5043081
10902	-48.72128	-114.9148	66.19352	0.0189594	0.1450301	0.4439207	0.618416	0.381584	0.5043081
10908	-54.41641	-119.9062	65.48984	0.05019699	0.1448015	0.4439207	0.356339	0.643661	1.323276
10914	-56.46033	-119.358	62.89771	0.5272404	1.018933	0.8002171	0.783564	0.216436	1.41595
10920	-53.03043	-116.699	63.66856	0.05429173	1.265863	0.4876109	0.855233	0.144767	1.349592
10926	-49.61519	-114.905	65.28981	0.458304	0.3085197	0.438685	0.54397	0.45603	0.5819947
10932	-54.81395	-120.132	65.31806	0.333057	0.2443498	0.5991129	0.511224	0.488776	0.4417849
10938	-56.42449	-121.5012	65.07671	0.6398287	0.1954884	0.6352781	0.671567	0.328433	0.3896155
10944	-53.19587	-118.7603	65.56441	0.2579707	0.1683715	0.6352781	0.568433	0.431567	0.5678148
10950	-49.98324	-115.683	65.6998	1.046629	0.1683715	0.1734305	0.726888	0.273112	0.3968788
10956	-56.6112	-122.407	65.79585	0.8089726	0.1683715	0.1734305	0.582196	0.417804	0.8463141
10962	-53.83239	-118.6946	64.8622	0.8960299	0.1683715	0.6871283	0.518737	0.481263	0.4670668
10968	-59.42817	-123.9287	64.50052	0.8960299	0.2472333	0.6871283	0.57836	0.42164	0.2847822
10974	-53.32832	-118.8203	65.49193	1.148458	0.2472333	0.1019559	0.471454	0.528546	0.8416594
10980	-55.42796	-122.0509	66.62294	0.8813132	0.04226882	0.1151993	0.23005	0.76995	0.4584041
10986	-58.88042	-125.9191	67.03869	0.4054865	0.04226882	0.1151993	0.0801846	0.919815	0.3420631
10992	-57.48504	-123.843	66.358	0.9258318	0.04226882	0.1708816	0.249205	0.750795	0.3995416
10998	-55.68772	-121.7258	66.03811	1.236636	0.0555307	0.1602118	0.380345	0.619655	0.4724347
11004	-58.27903	-122.0868	63.80775	0.9253985	0.6367868	0.06264592	0.692989	0.307011	1.938348
11010	-55.91124	-120.7386	64.82734	1.227571	0.1691975	0.4571232	0.461331	0.538669	0.3562915
11016	-58.25519	-122.9055	64.65027	1.373696	0.5848367	0.08467403	0.504591	0.495409	0.8878582
11022	-71.53973	-135.2157	63.676	2.239804	0.5699682	0.1107135	0.461634	0.538366	0.237129
11028	-69.14994	-133.4116	64.26168	2.326748	0.230729	0.1221853	0.677728	0.322272	0.2582955
11034	-68.9054	-131.5553	62.64993	2.326748	1.497133	0.07612973	0.559444	0.440556	0.1851531
11040	-63.24023	-126.2424	63.00218	2.326748	1.497133	0.07612973	0.707413	0.292587	0.5796475
11046	-57.79184	-121.2985	63.5067	1.856158	1.497133	0.06498974	0.78383	0.21617	0.6344994
11052	-60.55347	-123.1267	62.57325	1.856158	2.773838	0.06498974	0.772681	0.227319	0.9282378
11058	-61.73698	-125.4039	63.66696	1.463473	0.8075708	0.3333965	0.83565	0.16435	0.3670269
11064	-62.0773	-124.6646	62.58726	1.076655	0.8075708	1.666257	0.615319	0.384681	0.6038141
11070	-60.06459	-123.2129	63.14829	0.3762172	0.9357241	1.666257	0.636823	0.363177	0.5956151
11076	-57.99209	-122.1157	64.1236	0.2708877	0.9357241	0.3635695	0.800553	0.199447	1.241269
11082	-63.65825	-127.9863	64.32804	0.5323921	0.6907174	0.3800848	0.587307	0.412693	1.052708
11088	-62.39935	-126.0693	63.66991	0.7641495	1.068877	0.3832508	0.748416	0.251584	1.052708
11094	-63.47876	-127.4919	64.01311	0.3447374	1.068877	0.6141681	0.769619	0.230381	0.6767566
11100	-63.17831	-125.6793	62.50096	0.7980875	2.914672	0.5320425	0.924032	0.0759683	0.7392005
11106	-63.93647	-127.4843	63.54785	0.2941977	1.939528	0.5320425	0.703948	0.296052	0.6549438
11112	-55.26365	-120.1297	64.86603	0.1514402	0.3556107	0.8299427	0.382204	0.617796	0.7321479
11118	-52.09185	-116.971	64.87912	0.2274542	0.3511356	0.8299427	0.42653	0.57347	0.5409571
11124	-51.49357	-116.5391	65.04554	0.1616727	0.2868751	0.8299427	0.463004	0.536996	0.6687162
11130	-59.31895	-125.93	66.61105	0.03427814	0.1093803	0.1732538	0.335978	0.664022	1.034927
11136	-54.68568	-120.5731	65.88738	0.0405993	0.2147441	0.4540276	0.319044	0.680956	0.6637972
11142	-58.45171	-123.4831	65.03143	0.8842192	0.2147441	0.4540276	0.3336	0.6664	0.6875254
11148	-53.01022	-119.2053	66.19504	0.6444918	0.107032	0.1947267	0.321582	0.678418	0.7438523
11154	-53.82203	-120.3253	66.50328	0.737489	0.09771834	0.09445903	0.455349	0.544651	0.7438523
11160	-55.01745	-120.4784	65.46098	1.091837	0.1425261	0.2802871	0.443426	0.556574	0.568919
11166	-51.94035	-118.1847	66.24435	0.2602387	0.1425261	0.2774125	0.331795	0.668205	0.7007463
11172	-49.90915	-115.9457	66.03655	0.1456628	0.1425261	0.4299485	0.387618	0.612382	0.7019261
11178	-50.67705	-115.2517	64.5746	0.4715039	0.474284	0.6911109	0.466158	0.533842	0.4812237
11184	-49.92838	-114.6159	64.68756	0.1817715	0.474284	0.6911109	0.889388	0.110612	0.8597746
11190	-52.98072	-116.9838	64.00312	0.4280785	0.474284	1.088549	0.744925	0.255075	0.8597746
11196	-51.00794	-115.5173	64.50937	0.08950522	0.474284	0.708333	0.600184	0.399816	1.112766
11202	-51.76678	-116.1517	64.38489	0.3929419	0.9027839	0.2743051	0.641972	0.358028	1.112766
11208	-51.76089	-116.1278	64.36686	1.218169	0.5968236	0.2743051	0.56491	0.43509	0.5102461
11214	-53.80541	-119.3881	65.58274	1.218169	0.2876767	0.07795382	0.350942	0.649058	0.4439722
11220	-51.74945	-116.8592	65.1097	1.218169	0.2420883	0.2511763	0.287959	0.712041	0.5075865
11226	-50.07138	-115.2378	65.16642	0.7300628	0.3272306	0.2511763	0.441419	0.558581	0.91497
11232	-54.3582	-118.3056	63.94743	0.28212	0.6644137	0.4310467	0.629781	0.370219	1.520981
11238	-55.25741	-120.0867	64.82926	0.01454209	0.6336239	0.2945482	0.535675	0.464325	1.296404
11244	-51.59478	-116.6677	65.07295	0.3132341	0.3120663	0.2717583	0.508262	0.491738	1.358558
11250	-56.56828	-120.6119	64.04363	0.1117316	1.670058	0.2717583	0.81833	0.18167	1.096391
11256	-63.53155	-124.852	61.32043	1.148508	1.670058	2.461962	0.863251	0.136749	0.4785932
11262	-65.12752	-126.3146	61.18713	0.4880087	5.176863	1.362825	0.871245	0.128755	0.3726907
11268	-60.17692	-121.5149	61.33799	0.6402393	4.852218	1.139188	0.845897	0.154103	0.4155388
11274	-58.79047	-120.8796	62.0891	0.991593	3.27621	0.6267638	0.832948	0.167052	0.4195464
11280	-54.10208	-119.0422	64.94008	0.2773307	0.6367787	0.3949962	0.832948	0.167052	0.6703853
11286	-64.75215	-126.7825	62.03032	0.8695853	0.9721428	2.474447	0.896901	0.103099	0.8101098
11292	-54.17862	-117.8252	63.64657	0.9168298	0.5241614	1.038367	0.512145	0.487855	0.5763965
11298	-53.71146	-120.2742	66.56274	0.1516665	0.1658974	0.1496454	0.495767	0.504233	0.819767
11304	-56.52014	-121.6284	65.10828	0.6611984	0.200848	0.5119802	0.513155	0.486845	0.819767
11310	-54.49545	-120.0807	65.58522	0.5910332	0.200848	0.351041	0.602366	0.397634	0.3794813
11316	-49.52889	-113.361	63.83213	0.8498172	0.498312	0.8468136	0.76406	0.23594	0.8063533
11322	-49.21205	-113.4396	64.22758	0.8462637	0.2845848	0.8468136	0.680514	0.319486	0.8462737
11328	-52.71742	-116.3726	63.65523	0.8462637	0.9453995	0.5139341	0.784604	0.215396	0.2554029
11334	-49.23506	-113.9827	64.74762	0.238202	0.6477941	0.5139341	0.640548	0.359452	0.6811063
11340	-51.276	-115.7496	64.47363	0.2371092	0.6565548	0.7227443	0.497146	0.502854	0.5992744
11346	-57.03986	-121.6836	64.64371	0.3045075	0.226186	0.7227443	0.390485	0.609515	1.256538
11352	-52.76022	-116.4075	63.64729	1.327306	0.6918802	0.4286194	0.589971	0.410029	0.8288862
11358	-51.79294	-116.8267	65.03373	0.2587152	0.4549689	0.5105137	0.787158	0.212842	0.6779388
11364	-53.65651	-119.7395	66.08301	0.3074603	0.237823	0.2307874	0.702305	0.297695	0.5427875
11370	-51.29573	-117.1221	65.8264	0.4609892	0.277997	0.2307874	0.441524	0.558476	0.5427875
11376	-55.35021	-119.3882	64.03798	0.8724755	1.008467	0.239696	0.456452	0.543548	0.9650068
11382	-60.20733	-121.4918	61.2845	0.7696337	2.152863	2.17248	0.809631	0.190369	0.9650068
11388	-62.36153	-124.7408	62.37927	0.1805233	2.152863	1.740821	0.636812	0.363188	0.6207311
11394	-70.03699	-132.5457	62.50875	1.388407	1.752582	0.4285377	0.735879	0.264121	0.213467
11400	-61.98207	-125.2542	63.27215	1.027525	1.172709	0.6154826	0.706872	0.293128	0.5807023
11406	-56.45603	-120.8689	64.41289	2.171274	0.3805696	0.07932381	0.573696	0.426304	0.5907991
11412	-51.58676	-116.6036	65.0168	1.322775	0.3805696	0.1028485	0.521732	0.478268	0.8331764
11418	-56.22035	-119.3707	63.15031	0.233974	2.876723	0.4503537	0.928852	0.0711484	0.8331764
11424	-59.97082	-124.0004	64.02956	0.1209198	0.4094655	0.9922365	0.561223	0.438777	1.31949
11430	-60.73602	-124.0371	63.30111	0.1377096	1.29974	1.137824	0.654841	0.345159	0.859499
11436	-56.07137	-121.5013	65.42998	0.009774969	0.2927796	0.4332401	0.490084	0.509916	1.058523
11442	-59.16353	-123.6842	64.52064	0.002124042	0.4199075	1.217043	0.735101	0.264899	0.7070932
11448	-58.59858	-123.2205	64.62193	0.0604705	0.3400409	1.217043	0.468887	0.531113	0.7070932
11454	-61.67569	-125.9149	64.23917	0.954265	0.3400409	0.7241085	0.587355	0.412645	0.7070932
11460	-56.94191	-121.7396	64.79772	0.132775	0.2725724	0.7475603	0.52142	0.47858	1.140643
11466	-55.22511	-121.2631	66.03803	0.03518851	0.2543277	0.333033	0.52142	0.47858	0.6279002
11472	-55.70714	-121.1083	65.40115	0.8570549	0.2543277	0.2548829	0.324308	0.675692	0.6279002
11478	-55.03969	-120.2355	65.1958	0.3056816	0.2543277	0.6768821	0.552765	0.447235	0.6139545
11484	-61.58358	-125.9329	64.34927	0.4599503	0.2543277	1.307505	0.810622	0.189378	0.7051917
11490	-61.15856	-124.3857	63.2271	0.1742191	1.19318	1.179344	0.68641	0.31359	0.9601721
11496	-56.39215	-120.7988	64.4067	0.465519	0.4903517	0.8101126	0.68641	0.31359	0.4977112
11502	-48.65303	-112.6391	63.98608	0.4176621	0.4903517	1.198066	0.804756	0.195244	0.7253521
11508	-52.71646	-117.1106	64.39418	0.399758	0.4903517	0.8790851	0.839805	0.160195	0.5049324
11514	-54.68698	-119.585	64.89802	0.8379183	0.5866039	0.2189649	0.85116	0.14884	0.5756835
11520	-48.26335	-114.6392	66.37585	0.7048116	0.08297881	0.1795935	0.589135	0.410865	0.5171144
11526	-54.2851	-120.2416	65.95647	0.8175863	0.161397	0.1795935	0.48663	0.51337	0.5171144
11532	-56.20048	-122.3393	66.13886	0.1741841	0.2629273	0.1795935	0.287644	0.712356	0.8462817
11538	-50.9194	-117.1112	66.19185	0.2922441	0.2451668	0.1623785	0.375635	0.624365	0.7543957
11544	-59.79745	-123.1729	63.37547	0.3098537	1.746392	0.5526108	0.853886	0.146114	0.9783431
11550	-52.92608	-117.2955	64.36938	0.1526193	0.5641717	0.5480188	0.732554	0.267446	1.25
11556	-52.1136	-116.5745	64.46094	0.4063868	0.5658247	0.5480188	0.470284	0.529716	0.9261469
11562	-56.29052	-120.5468	64.25632	0.8249093	0.5174786	0.5480188	0.412389	0.587611	0.3103773
11568	-57.49849	-120.4024	62.90394	1.424071	0.8018621	0.8912426	0.913394	0.0866062	0.4105084
11574	-53.20417	-117.678	64.47386	1.111277	0.5923057	0.2767558	0.682363	0.317637	0.4817447
11580	-63.21268	-126.791	63.57833	1.307946	1.433976	0.1775012	0.742485	0.257515	0.7729073
11586	-56.18998	-118.1667	61.9767	1.312604	5.643247	0.1390697	0.942588	0.0574123	0.7729073
11592	-47.56748	-113.7584	66.19092	0.8072953	0.1811126	0.08214755	0.581937	0.418063	0.7306864
11598	-48.65994	-114.5771	65.9172	0.5976322	0.1811126	0.2444583	0.488392	0.511608	0.5640202
11604	-48.69431	-114.8149	66.12059	0.5456791	0.1613835	0.2020347	0.737628	0.262372	0.6539384
11610	-61.36811	-124.8103	63.44221	1.632989	0.752227	0.02669423	0.551968	0.448032	1.716587
11616	-60.64944	-124.1926	63.54314	0.8182949	0.6844921	0.8381644	0.76325	0.23675	0.874969
11622	-66.27255	-129.4896	63.217	0.3001657	1.03517	1.181353	0.886724	0.113276	0.989107
11628	-66.72472	-129.9384	63.21368	0.1836356	2.45056	0.4768289	0.875778	0.124222	0.989107
11634	-65.77662	-130.0079	64.23124	1.332045	0.7824319	0.1318797	0.766067	0.233933	0.8923163
11640	-63.87927	-127.3617	63.48242	0.8289295	0.1906556	2.495062	0.433587	0.566413	0.4702846
11646	-60.45606	-125.9928	65.53669	0.3505173	0.1816717	0.5475786	0.192628	0.807372	0.6319042
11652	-57.04282	-123.3289	66.2861	0.01673785	0.1564837	0.1053021	0.201715	0.798285	1.390006
11658	-54.96784	-119.119	64.15115	0.3877287	0.3554393	1.092739	0.431772	0.568228	0.9831473
11664	-52.30113	-117.0455	64.74438	0.06859469	0.3554393	1.092739	0.350594	0.649406	0.5949993
11670	-53.69106	-118.917	65.22594	0.1790675	0.1713363	0.9875281	0.399664	0.600336	0.5185354
11676	-52.73446	-118.5811	65.84661	0.8642584	0.1713363	0.1854171	0.258186	0.741814	0.5831414
11682	-58.11008	-124.389	66.27891	0.8686707	0.1713363	0.06376814	0.858091	0.141909	0.6771893
11688	-53.36406	-119.2373	65.87319	1.356915	0.1287811	0.08831396	0.490582	0.509418	0.5403778
11694	-55.51552	-121.2287	65.71314	0.8595627	0.2562665	0.07017534	0.457561	0.542439	1.0419
11700	-57.69628	-123.2636	65.56733	0.8595627	0.2549569	0.07017534	0.553906	0.446094	1.177793
11706	-57.84687	-123.0454	65.19849	0.3673173	0.2549569	0.5563022	0.32555	0.67445	0.798506
11712	-56.55975	-120.6719	64.11211	1.362103	0.3456105	0.5408176	0.660354	0.339646	0.3829359
11718	-59.34539	-124.1598	64.81436	1.018519	0.187679	0.5408176	0.77065	0.22935	0.3297771
11724	-56.01204	-121.5054	65.49335	0.5178615	0.187679	0.3760499	0.56211	0.43789	0.8727223
11730	-61.64337	-125.4073	63.76395	0.3527171	0.6096797	1.042046	0.718835	0.281165	1.017184
11736	-64.48182	-128.0549	63.57309	0.3858059	0.6096797	1.042046	0.613779	0.386221	1.163091
11742	-54.63072	-120.4502	65.81946	1.29598	0.1961537	0.04077492	0.688604	0.311396	0.786125
11748	-50.20968	-115.9018	65.69215	1.257689	0.1961537	0.04077492	0.32787	0.67213	0.9782524
11754	-51.17762	-116.9608	65.78319	1.166648	0.1961537	0.04077492	0.409109	0.590891	0.9782524
11760	-50.07478	-115.3743	65.29949	1.166648	0.2674003	0.17687	0.683408	0.316592	0.4305279
11766	-51.92751	-117.7462	65.81871	0.2838488	0.2056515	0.3977426	0.477357	0.522643	0.5063244
11772	-52.89092	-118.2165	65.32554	0.1943128	0.4360578	0.3148625	0.395081	0.604919	0.9205616
11778	-50.78816	-114.535	63.74686	0.8383286	0.6212326	0.2591039	0.740068	0.259932	1.575373
11784	-54.13731	-119.4889	65.35158	0.2906294	0.4139174	0.3363443	0.901303	0.0986972	0.7608439
11790	-48.33862	-114.5415	66.20289	0.03032464	0.1607099	0.3363443	0.358843	0.641157	0.8084844
11796	-55.70826	-122.2997	66.59144	0.1315974	0.2495457	0.0946874	0.749825	0.250175	0.765229
11802	-57.47665	-121.9433	64.46668	0.9146543	0.4376192	0.3070392	0.355916	0.644084	1.07473
11808	-49.86652	-114.6464	64.77992	0.5927512	0.4376192	0.5052781	0.581263	0.418737	0.5771276
11814	-51.41133	-116.6019	65.19059	0.5904101	0.4376192	0.2322322	0.414671	0.585329	0.8527437
11820	-54.69037	-119.7467	65.05628	0.736806	0.4376192	0.2479885	0.404681	0.595319	0.7827902
11826	-56.86559	-122.8929	66.02728	0.6105183	0.1371784	0.08648057	0.225154	0.774846	1.240466
11832	-53.30021	-118.6667	65.36645	1.196817	0.382064	0.08648057	0.734893	0.265107	0.5055223
11838	-50.55296	-116.1271	65.57411	0.1378788	0.382064	0.3207648	0.572562	0.427438	0.7972358
11844	-61.82093	-126.4643	64.64335	0.9722877	0.382064	0.385209	0.256024	0.743976	0.3175649
11850	-53.53043	-119.0638	65.53333	0.9274534	0.2403496	0.2021935	0.713977	0.286023	0.5658182
11856	-53.82449	-119.9182	66.09374	0.7156112	0.1265804	0.2021935	0.669791	0.330209	0.6087011
11862	-54.71174	-120.5121	65.80035	0.6771857	0.1583175	0.2022844	0.777269	0.222731	0.9282988
11868	-60.65468	-126.508	65.85329	0.8322295	0.1583175	0.19259	0.614541	0.385459	0.3472608
11874	-58.20674	-123.5709	65.36417	0.1084902	0.1583175	0.3966744	0.677809	0.322191	1.408747
11880	-58.5077	-122.6989	64.19119	0.8966483	0.4622342	0.6712135	0.832234	0.167766	0.557985
11886	-54.5645	-119.0197	64.45519	0.8953091	0.5781288	0.3943905	0.625928	0.374072	0.4907928
11892	-56.57534	-121.6126	65.03724	0.8191129	0.1608899	0.4448249	0.333982	0.666018	0.2057273
11898	-53.71428	-118.8181	65.10383	0.8191129	0.1608899	0.4087314	0.619715	0.380285	0.2057273
11904	-57.55578	-122.0428	64.48702	1.217839	0.3068549	0.4087314	0.676664	0.323336	0.2971023
11910	-54.39381	-118.6963	64.30253	0.4825623	0.6449495	0.6836712	0.552695	0.447305	0.5728587
11916	-52.86031	-117.0475	64.18723	0.3236611	0.9498708	0.6069144	0.791627	0.208373	0.6239521
11922	-57.93889	-121.0219	63.08303	0.3645496	0.8771902	1.886738	0.856347	0.143653	0.5887685
11928	-48.77833	-113.7345	64.95622	0.175758	0.4925929	0.5633165	0.698974	0.301026	0.701173
11934	-57.56067	-122.0929	64.53225	0.6634277	0.4925929	0.5633165	0.719505	0.280495	0.5160497
11940	-55.25925	-117.8052	62.54596	1.52079	1.252886	0.66059	0.635376	0.364624	0.2986665
11946	-53.88731	-117.4121	63.52483	0.2856377	1.293633	0.8232314	0.637126	0.362874	0.8021613
11952	-55.62182	-119.8203	64.19852	0.2850757	2.21801	0.1173436	0.746943	0.253057	0.9167679
11958	-57.1981	-122.1496	64.95147	0.1395901	1.291222	0.1185372	0.81622	0.18378	0.9167679
11964	-54.76917	-117.5877	62.81854	1.320872	1.088122	0.6968753	0.690585	0.309415	0.2810845
11970	-54.84613	-117.3632	62.51708	1.903257	0.9182546	0.3773093	0.640532	0.359468	0.1429515
11976	-60.97694	-125.099	64.12201	0.8270747	0.6758383	0.3773093	0.734093	0.265907	0.9906004
11982	-57.34678	-121.1496	63.80283	1.414807	0.6758383	0.3795082	0.637241	0.362759	0.6191263
11988	-53.00594	-115.8159	62.81001	0.08550542	4.233026	0.5302886	0.877845	0.122155	0.5422944
11994	-52.41019	-116.7828	64.37262	0.2056113	1.511514	0.2878936	0.763886	0.236114	0.687827
12000	-53.62763	-118.3036	64.67595	0.1844472	0.3149163	1.092531	0.4045	0.5955	0.687827
12006	-54.634	-120.5622	65.92817	0.04092917	0.238707	0.405544	0.4045	0.5955	0.6219581
12012	-49.40886	-115.176	65.76715	0.5491996	0.1823134	0.3109536	0.4045	0.5955	0.6532623
12018	-51.23093	-116.2508	65.01988	0.3299374	0.7028571	0.3109536	0.549243	0.450757	0.5385497
12024	-52.94819	-117.9808	65.03261	0.3593517	0.2586247	0.5843978	0.436975	0.563025	0.9423557
12030	-48.89251	-113.4391	64.54654	0.7080429	0.4261618	0.5843978	0.564987	0.435013	0.6242403
12036	-52.22593	-116.6354	64.40948	0.7080429	0.6232701	0.4805473	0.487542	0.512458	0.4293026
12042	-47.79504	-111.7723	63.97722	1.30349	0.4283812	0.4805473	0.647571	0.352429	0.2672458
12048	-50.95118	-114.8683	63.91707	1.128861	0.5957863	0.4671905	0.704169	0.295831	0.2766995
12054	-49.32706	-114.329	65.00197	0.3709166	0.6460352	0.2374495	0.685241	0.314759	0.9280046
12060	-50.82822	-116.0112	65.18295	1.323171	0.3715953	0.09196978	0.538986	0.461014	0.6825311
12066	-52.88198	-118.2745	65.39251	1.046633	0.3715953	0.1036387	0.645479	0.354521	0.7125677
12072	-51.82389	-118.5062	66.68227	0.1542392	0.09689511	0.2169406	0.552778	0.447222	0.7125677
12078	-55.61313	-121.1729	65.55981	0.01504956	0.2911182	0.3267544	0.4332	0.5668	1.133915
12084	-59.90523	-124.7323	64.82711	1.669221	0.5007845	0.04671984	0.857954	0.142046	0.366118
12090	-62.78744	-125.502	62.71454	0.1506846	3.617126	0.5150545	0.928892	0.0711078	0.9613463
12096	-58.62387	-121.7131	63.08924	0.01049326	3.617126	0.4795712	0.959607	0.0403928	0.7482364
12102	-55.34942	-121.2108	65.86136	0.53109	0.1459522	0.2928224	0.405525	0.594475	0.7956501
12108	-58.3519	-122.0468	63.69485	1.468769	0.785003	0.2928224	0.678705	0.321295	0.2872222
12114	-52.54966	-117.0394	64.48975	0.8026511	0.785003	0.2928224	0.727221	0.272779	0.502814
12120	-55.33074	-119.9227	64.59196	0.5835196	0.785003	0.2572337	0.727221	0.272779	0.8914139
12126	-59.69255	-123.7208	64.02828	1.441128	0.5523255	0.2572337	0.79869	0.20131	0.2347783
12132	-57.62031	-121.8011	64.18074	0.9242814	0.5856353	0.5007179	0.795748	0.204252	0.3657009
12138	-59.18509	-123.2987	64.11364	1.125984	0.5856353	0.3995181	0.700948	0.299052	0.7430627
12144	-64.12342	-128.033	63.90953	0.7430772	1.31814	0.345968	0.722283	0.277717	0.488797
12150	-58.24058	-121.8975	63.65688	0.9017683	1.257849	0.345968	0.856338	0.143662	0.8183205
12156	-63.26574	-127.3605	64.09475	0.9257681	1.035573	0.2734232	0.941585	0.0584148	0.6731775
12162	-61.00358	-127.4249	66.42136	0.9051753	0.1053098	0.07063326	0.17521	0.82479	0.3244896
12168	-65.74473	-132.33	66.58531	0.1238319	0.1053098	0.2009678	0.669162	0.330838	0.89662
12174	-57.76127	-122.4936	64.73235	0.2496415	0.837477	0.2076834	0.771368	0.228632	1.154705
12180	-55.40069	-121.2897	65.889	0.4229966	0.1496941	0.2660885	0.317655	0.682345	0.9510875
12186	-58.54663	-125.279	66.7324	0.1325585	0.1496941	0.07559971	0.29621	0.70379	1.042426
12192	-60.35659	-126.775	66.41844	0.421452	0.1569296	0.07559971	0.916043	0.083957	1.042426
12198	-49.48279	-116.125	66.64224	0.3587996	0.1134281	0.07559971	0.568233	0.431767	1.042426
12204	-55.84605	-121.9484	66.10237	0.6997306	0.1905367	0.1436531	0.541455	0.458545	0.4999966
12210	-57.53828	-123.8206	66.28231	1.459757	0.05510627	0.0496495	0.0525168	0.947483	0.4999966
12216	-49.61799	-115.4625	65.84454	1.161926	0.2083924	0.0788681	0.622383	0.377617	0.5567165
12222	-57.22609	-119.7774	62.55132	0.2916082	1.028618	2.490232	0.797786	0.202214	0.8004843
12228	-59.10579	-122.5066	63.40084	0.27173	0.4715543	1.810291	0.523283	0.476717	1.079206
12234	-60.03539	-123.1948	63.15941	0.8413569	0.9423014	0.917018	0.783142	0.216858	0.8409213
12240	-63.40271	-125.9159	62.51315	1.476653	0.9979486	0.8163148	0.431582	0.568418	0.2336459
12246	-56.15508	-119.4821	63.32699	1.745188	0.7036592	0.4130972	0.836315	0.163685	0.3372812
12252	-61.48949	-124.2999	62.81045	1.699679	0.3912628	0.9563438	0.466431	0.533569	0.1802943
12258	-58.8498	-123.3746	64.52478	0.986473	0.4156959	0.3613058	0.566413	0.433587	0.8588905
12264	-69.81277	-134.9692	65.15642	0.5918174	0.2871124	0.3613058	0.828029	0.171971	0.8992139
12270	-66.85563	-129.1545	62.29884	0.4708627	2.161075	0.8739981	0.787745	0.212255	1.209721
12276	-73.16062	-135.8782	62.71754	0.2005925	2.161075	0.6557536	0.65025	0.34975	1.308344
12282	-54.82512	-120.4488	65.62363	0.5813317	0.137139	0.4359439	0.745675	0.254325	0.6761777
12288	-58.28013	-123.2621	64.98197	1.154717	0.5530466	0.1141027	0.633359	0.366641	0.4279777
12294	-60.58702	-124.205	63.61798	0.765881	0.5955586	0.9956455	0.606563	0.393437	0.7908713
12300	-55.79343	-121.1302	65.33681	1.297109	0.1417239	0.2393506	0.311914	0.688086	0.3790084
12306	-51.85405	-118.6674	66.8134	0.709818	0.05581589	0.09419168	0.229124	0.770876	0.4545335
12312	-53.12569	-119.6152	66.48953	1.15768	0.05581589	0.06700955	0.552813	0.447187	0.5533608
12318	-51.83484	-116.9308	65.09599	1.15768	0.306977	0.1941084	0.694298	0.305702	0.7184539
12324	-55.82951	-120.8842	65.05473	1.15768	0.3592246	0.1941084	0.650966	0.349034	0.5308179
12330	-58.91052	-122.2349	63.32437	1.15768	0.9412602	0.5804835	0.883496	0.116504	0.3060341
12336	-58.24375	-121.4051	63.16138	1.00605	1.383541	0.5804835	0.83915	0.16085	0.6059204
12342	-55.33767	-118.5886	63.25091	0.7494896	1.383541	0.6448165	0.781475	0.218525	0.7500111
12348	-53.15997	-117.0016	63.8416	0.4755566	0.8953503	0.6448165	0.738148	0.261852	0.9138159
12354	-52.25716	-115.4021	63.14495	0.6475101	0.6614314	1.775698	0.842252	0.157748	0.5336041
12360	-56.58334	-119.1336	62.55026	0.4322064	3.297622	0.662507	0.861416	0.138584	0.68453
12366	-61.47905	-123.8042	62.3251	0.5998174	1.864326	1.415315	0.861416	0.138584	0.6924646
12372	-60.05034	-123.6245	63.57415	0.4568124	1.936576	0.2057647	0.84043	0.15957	1.21331
12378	-57.56211	-120.0554	62.49329	0.5960958	2.640469	0.6627313	0.84043	0.15957	0.9198351
12384	-62.95487	-128.5256	65.57071	1.133765	0.06524025	0.03277414	0.269086	0.730914	1.623684
12390	-50.05975	-116.2932	66.23348	1.531452	0.06524025	0.03277414	0.232043	0.767957	0.570388
12396	-57.65708	-123.625	65.96791	1.444544	0.06524025	0.05675572	0.373825	0.626175	0.9349066
